/app/mcp-router.csproj : warning NU1902: Package 'Azure.Identity' 1.10.3 has a known moderate severity vulnerability, https://github.com/advisories/GHSA-m5vv-6r4h-3vj9
/app/mcp-router.csproj : warning NU1902: Package 'Azure.Identity' 1.10.3 has a known moderate severity vulnerability, https://github.com/advisories/GHSA-wvxc-855f-jvrv
/app/mcp-router.csproj : warning NU1902: Package 'Microsoft.Identity.Client' 4.56.0 has a known moderate severity vulnerability, https://github.com/advisories/GHSA-m5vv-6r4h-3vj9
/app/mcp-router.csproj : warning NU1901: Package 'Microsoft.Identity.Client' 4.56.0 has a known low severity vulnerability, https://github.com/advisories/GHSA-x674-v45j-fwxw
/app/mcp-router.csproj : warning NU1902: Package 'Azure.Identity' 1.10.3 has a known moderate severity vulnerability, https://github.com/advisories/GHSA-m5vv-6r4h-3vj9
/app/mcp-router.csproj : warning NU1902: Package 'Azure.Identity' 1.10.3 has a known moderate severity vulnerability, https://github.com/advisories/GHSA-wvxc-855f-jvrv
/app/mcp-router.csproj : warning NU1902: Package 'Microsoft.Identity.Client' 4.56.0 has a known moderate severity vulnerability, https://github.com/advisories/GHSA-m5vv-6r4h-3vj9
/app/mcp-router.csproj : warning NU1901: Package 'Microsoft.Identity.Client' 4.56.0 has a known low severity vulnerability, https://github.com/advisories/GHSA-x674-v45j-fwxw
info: Program[0]
      Initializing database...
crit: Program[0]
      SECURITY WARNING: The database is running with a default or weak DB_ENCRYPTION_KEY. Please set a strong DB_ENCRYPTION_KEY environment variable to secure your deployment!
info: Microsoft.EntityFrameworkCore.Database.Command[20101]
      Executed DbCommand (669ms) [Parameters=[], CommandType='Text', CommandTimeout='30']
      PRAGMA journal_mode = 'wal';
info: Microsoft.EntityFrameworkCore.Database.Command[20101]
      Executed DbCommand (0ms) [Parameters=[], CommandType='Text', CommandTimeout='30']
      CREATE TABLE "AccessPolicies" (
          "Id" TEXT NOT NULL CONSTRAINT "PK_AccessPolicies" PRIMARY KEY,
          "TargetId" TEXT NOT NULL,
          "RequiredGroup" TEXT NOT NULL,
          "IsAllowed" INTEGER NOT NULL
      );
info: Microsoft.EntityFrameworkCore.Database.Command[20101]
      Executed DbCommand (0ms) [Parameters=[], CommandType='Text', CommandTimeout='30']
      CREATE TABLE "AppKeys" (
          "Id" TEXT NOT NULL CONSTRAINT "PK_AppKeys" PRIMARY KEY,
          "Name" TEXT NOT NULL,
          "Username" TEXT NOT NULL,
          "KeyPrefix" TEXT NOT NULL,
          "EncryptedKey" TEXT NOT NULL,
          "ScopesJson" TEXT NOT NULL,
          "ExpiresAt" TEXT NULL,
          "CreatedAt" TEXT NOT NULL
      );
info: Microsoft.EntityFrameworkCore.Database.Command[20101]
      Executed DbCommand (0ms) [Parameters=[], CommandType='Text', CommandTimeout='30']
      CREATE TABLE "Clients" (
          "ClientId" TEXT NOT NULL CONSTRAINT "PK_Clients" PRIMARY KEY,
          "ClientSecret" TEXT NOT NULL,
          "ClientName" TEXT NOT NULL,
          "RedirectUrisJson" TEXT NOT NULL,
          "CreatedAt" TEXT NOT NULL
      );
info: Microsoft.EntityFrameworkCore.Database.Command[20101]
      Executed DbCommand (0ms) [Parameters=[], CommandType='Text', CommandTimeout='30']
      CREATE TABLE "GroupMappings" (
          "Id" TEXT NOT NULL CONSTRAINT "PK_GroupMappings" PRIMARY KEY,
          "ExternalId" TEXT NOT NULL,
          "InternalGroup" TEXT NOT NULL
      );
info: Microsoft.EntityFrameworkCore.Database.Command[20101]
      Executed DbCommand (0ms) [Parameters=[], CommandType='Text', CommandTimeout='30']
      CREATE TABLE "OpenIddictApplications" (
          "Id" TEXT NOT NULL CONSTRAINT "PK_OpenIddictApplications" PRIMARY KEY,
          "ApplicationType" TEXT NULL,
          "ClientId" TEXT NULL,
          "ClientSecret" TEXT NULL,
          "ClientType" TEXT NULL,
          "ConcurrencyToken" TEXT NULL,
          "ConsentType" TEXT NULL,
          "DisplayName" TEXT NULL,
          "DisplayNames" TEXT NULL,
          "JsonWebKeySet" TEXT NULL,
          "Permissions" TEXT NULL,
          "PostLogoutRedirectUris" TEXT NULL,
          "Properties" TEXT NULL,
          "RedirectUris" TEXT NULL,
          "Requirements" TEXT NULL,
          "Settings" TEXT NULL
      );
info: Microsoft.EntityFrameworkCore.Database.Command[20101]
      Executed DbCommand (0ms) [Parameters=[], CommandType='Text', CommandTimeout='30']
      CREATE TABLE "OpenIddictScopes" (
          "Id" TEXT NOT NULL CONSTRAINT "PK_OpenIddictScopes" PRIMARY KEY,
          "ConcurrencyToken" TEXT NULL,
          "Description" TEXT NULL,
          "Descriptions" TEXT NULL,
          "DisplayName" TEXT NULL,
          "DisplayNames" TEXT NULL,
          "Name" TEXT NULL,
          "Properties" TEXT NULL,
          "Resources" TEXT NULL
      );
info: Microsoft.EntityFrameworkCore.Database.Command[20101]
      Executed DbCommand (0ms) [Parameters=[], CommandType='Text', CommandTimeout='30']
      CREATE TABLE "Servers" (
          "Id" TEXT NOT NULL CONSTRAINT "PK_Servers" PRIMARY KEY,
          "DisplayName" TEXT NOT NULL,
          "Url" TEXT NOT NULL,
          "Enabled" INTEGER NOT NULL,
          "Hidden" INTEGER NOT NULL,
          "Type" TEXT NOT NULL,
          "SecretProvider" TEXT NOT NULL,
          "SecretItemKey" TEXT NULL,
          "AuthShape" TEXT NOT NULL,
          "CustomHeaderName" TEXT NULL,
          "Categories" TEXT NOT NULL,
          "ApiKey" TEXT NULL,
          "HeadersJson" TEXT NULL,
          "AutoDiscovered" INTEGER NOT NULL
      );
info: Microsoft.EntityFrameworkCore.Database.Command[20101]
      Executed DbCommand (0ms) [Parameters=[], CommandType='Text', CommandTimeout='30']
      CREATE TABLE "Settings" (
          "Id" TEXT NOT NULL CONSTRAINT "PK_Settings" PRIMARY KEY,
          "EmbeddingProvider" TEXT NOT NULL,
          "EmbeddingApiUrl" TEXT NOT NULL,
          "EmbeddingApiKey" TEXT NOT NULL,
          "EmbeddingApiModel" TEXT NOT NULL,
          "EmbeddingModelDir" TEXT NOT NULL,
          "RequireManualApproval" INTEGER NOT NULL,
          "GlobalMaxKeys" INTEGER NOT NULL,
          "UserMaxKeys" INTEGER NOT NULL
      );
info: Microsoft.EntityFrameworkCore.Database.Command[20101]
      Executed DbCommand (0ms) [Parameters=[], CommandType='Text', CommandTimeout='30']
      CREATE TABLE "OpenIddictAuthorizations" (
          "Id" TEXT NOT NULL CONSTRAINT "PK_OpenIddictAuthorizations" PRIMARY KEY,
          "ApplicationId" TEXT NULL,
          "ConcurrencyToken" TEXT NULL,
          "CreationDate" TEXT NULL,
          "Properties" TEXT NULL,
          "Scopes" TEXT NULL,
          "Status" TEXT NULL,
          "Subject" TEXT NULL,
          "Type" TEXT NULL,
          CONSTRAINT "FK_OpenIddictAuthorizations_OpenIddictApplications_ApplicationId" FOREIGN KEY ("ApplicationId") REFERENCES "OpenIddictApplications" ("Id")
      );
info: Microsoft.EntityFrameworkCore.Database.Command[20101]
      Executed DbCommand (0ms) [Parameters=[], CommandType='Text', CommandTimeout='30']
      CREATE TABLE "OpenIddictTokens" (
          "Id" TEXT NOT NULL CONSTRAINT "PK_OpenIddictTokens" PRIMARY KEY,
          "ApplicationId" TEXT NULL,
          "AuthorizationId" TEXT NULL,
          "ConcurrencyToken" TEXT NULL,
          "CreationDate" TEXT NULL,
          "ExpirationDate" TEXT NULL,
          "Payload" TEXT NULL,
          "Properties" TEXT NULL,
          "RedemptionDate" TEXT NULL,
          "ReferenceId" TEXT NULL,
          "Status" TEXT NULL,
          "Subject" TEXT NULL,
          "Type" TEXT NULL,
          CONSTRAINT "FK_OpenIddictTokens_OpenIddictApplications_ApplicationId" FOREIGN KEY ("ApplicationId") REFERENCES "OpenIddictApplications" ("Id"),
          CONSTRAINT "FK_OpenIddictTokens_OpenIddictAuthorizations_AuthorizationId" FOREIGN KEY ("AuthorizationId") REFERENCES "OpenIddictAuthorizations" ("Id")
      );
info: Microsoft.EntityFrameworkCore.Database.Command[20101]
      Executed DbCommand (0ms) [Parameters=[], CommandType='Text', CommandTimeout='30']
      CREATE UNIQUE INDEX "IX_OpenIddictApplications_ClientId" ON "OpenIddictApplications" ("ClientId");
info: Microsoft.EntityFrameworkCore.Database.Command[20101]
      Executed DbCommand (0ms) [Parameters=[], CommandType='Text', CommandTimeout='30']
      CREATE INDEX "IX_OpenIddictAuthorizations_ApplicationId_Status_Subject_Type" ON "OpenIddictAuthorizations" ("ApplicationId", "Status", "Subject", "Type");
info: Microsoft.EntityFrameworkCore.Database.Command[20101]
      Executed DbCommand (0ms) [Parameters=[], CommandType='Text', CommandTimeout='30']
      CREATE UNIQUE INDEX "IX_OpenIddictScopes_Name" ON "OpenIddictScopes" ("Name");
info: Microsoft.EntityFrameworkCore.Database.Command[20101]
      Executed DbCommand (0ms) [Parameters=[], CommandType='Text', CommandTimeout='30']
      CREATE INDEX "IX_OpenIddictTokens_ApplicationId_Status_Subject_Type" ON "OpenIddictTokens" ("ApplicationId", "Status", "Subject", "Type");
info: Microsoft.EntityFrameworkCore.Database.Command[20101]
      Executed DbCommand (0ms) [Parameters=[], CommandType='Text', CommandTimeout='30']
      CREATE INDEX "IX_OpenIddictTokens_AuthorizationId" ON "OpenIddictTokens" ("AuthorizationId");
info: Microsoft.EntityFrameworkCore.Database.Command[20101]
      Executed DbCommand (0ms) [Parameters=[], CommandType='Text', CommandTimeout='30']
      CREATE UNIQUE INDEX "IX_OpenIddictTokens_ReferenceId" ON "OpenIddictTokens" ("ReferenceId");
info: Microsoft.EntityFrameworkCore.Database.Command[20101]
      Executed DbCommand (0ms) [Parameters=[], CommandType='Text', CommandTimeout='30']
      CREATE TABLE IF NOT EXISTS Settings (Id TEXT PRIMARY KEY, EmbeddingProvider TEXT, EmbeddingApiUrl TEXT, EmbeddingApiKey TEXT, EmbeddingApiModel TEXT, EmbeddingModelDir TEXT, RequireManualApproval INTEGER DEFAULT 0, GlobalMaxKeys INTEGER DEFAULT 100, UserMaxKeys INTEGER DEFAULT 5)
fail: Microsoft.EntityFrameworkCore.Database.Command[20102]
      Failed executing DbCommand (0ms) [Parameters=[], CommandType='Text', CommandTimeout='30']
      ALTER TABLE Settings ADD COLUMN RequireManualApproval INTEGER DEFAULT 0
fail: Microsoft.EntityFrameworkCore.Database.Command[20102]
      Failed executing DbCommand (0ms) [Parameters=[], CommandType='Text', CommandTimeout='30']
      ALTER TABLE Settings ADD COLUMN GlobalMaxKeys INTEGER DEFAULT 100
fail: Microsoft.EntityFrameworkCore.Database.Command[20102]
      Failed executing DbCommand (0ms) [Parameters=[], CommandType='Text', CommandTimeout='30']
      ALTER TABLE Settings ADD COLUMN UserMaxKeys INTEGER DEFAULT 5
fail: Microsoft.EntityFrameworkCore.Database.Command[20102]
      Failed executing DbCommand (0ms) [Parameters=[], CommandType='Text', CommandTimeout='30']
      ALTER TABLE Servers ADD COLUMN SecretProvider TEXT DEFAULT 'None'
fail: Microsoft.EntityFrameworkCore.Database.Command[20102]
      Failed executing DbCommand (0ms) [Parameters=[], CommandType='Text', CommandTimeout='30']
      ALTER TABLE Servers ADD COLUMN SecretItemKey TEXT NULL
fail: Microsoft.EntityFrameworkCore.Database.Command[20102]
      Failed executing DbCommand (0ms) [Parameters=[], CommandType='Text', CommandTimeout='30']
      ALTER TABLE Servers ADD COLUMN AuthShape TEXT DEFAULT 'bearer'
fail: Microsoft.EntityFrameworkCore.Database.Command[20102]
      Failed executing DbCommand (0ms) [Parameters=[], CommandType='Text', CommandTimeout='30']
      ALTER TABLE Servers ADD COLUMN CustomHeaderName TEXT NULL
fail: Microsoft.EntityFrameworkCore.Database.Command[20102]
      Failed executing DbCommand (0ms) [Parameters=[], CommandType='Text', CommandTimeout='30']
      ALTER TABLE Tools ADD COLUMN SecretProvider TEXT DEFAULT 'Vault'
fail: Microsoft.EntityFrameworkCore.Database.Command[20102]
      Failed executing DbCommand (0ms) [Parameters=[], CommandType='Text', CommandTimeout='30']
      ALTER TABLE AuthProviderConfigs ADD COLUMN ConfigJson TEXT NULL
fail: Microsoft.EntityFrameworkCore.Database.Command[20102]
      Failed executing DbCommand (0ms) [Parameters=[], CommandType='Text', CommandTimeout='30']
      ALTER TABLE SecretProviders ADD COLUMN ConfigJson TEXT NULL
info: Microsoft.EntityFrameworkCore.Database.Command[20101]
      Executed DbCommand (0ms) [Parameters=[], CommandType='Text', CommandTimeout='30']
      SELECT "s"."Id", "s"."EmbeddingApiKey", "s"."EmbeddingApiModel", "s"."EmbeddingApiUrl", "s"."EmbeddingModelDir", "s"."EmbeddingProvider", "s"."GlobalMaxKeys", "s"."RequireManualApproval", "s"."UserMaxKeys"
      FROM "Settings" AS "s"
      WHERE "s"."Id" = 'default'
      LIMIT 1
info: McpRouter.Services.DynamicEmbeddingService[0]
      Activating local ONNX in-process embedding provider
info: McpRouter.Services.DynamicEmbeddingService[0]
      Pre-warming vector embedding model in background...
info: Program[0]
      Database empty. Performing initial migration from environment variables...
info: McpRouter.Services.OnnxEmbeddingService[0]
      Downloading local ONNX embedding model (all-MiniLM-L6-v2) from Hugging Face...
info: System.Net.Http.HttpClient.Default.LogicalHandler[100]
      Start processing HTTP request GET https://huggingface.co/Xenova/all-MiniLM-L6-v2/resolve/main/onnx/model.onnx
info: System.Net.Http.HttpClient.Default.ClientHandler[100]
      Sending HTTP request GET https://huggingface.co/Xenova/all-MiniLM-L6-v2/resolve/main/onnx/model.onnx
info: Program[0]
      Imported Docker MCP config.
info: Program[0]
      Imported Arr MCP configurations.
info: Program[0]
      Database migration completed successfully.
info: Program[0]
      Found custom_servers.json. Processing configuration...
info: Microsoft.AspNetCore.DataProtection.KeyManagement.XmlKeyManager[62]
      User profile is available. Using '/home/jules/.aspnet/DataProtection-Keys' as key repository; keys will not be encrypted at rest.
info: Microsoft.AspNetCore.DataProtection.KeyManagement.XmlKeyManager[58]
      Creating key {9787d867-9f4b-4c51-b038-09a06a3eb2dc} with creation date 2026-08-06 21:29:40Z, activation date 2026-08-06 21:29:40Z, and expiration date 2026-11-04 21:29:40Z.
warn: Microsoft.AspNetCore.DataProtection.KeyManagement.XmlKeyManager[35]
      No XML encryptor configured. Key {9787d867-9f4b-4c51-b038-09a06a3eb2dc} may be persisted to storage in unencrypted form.
info: Microsoft.AspNetCore.DataProtection.Repositories.FileSystemXmlRepository[39]
      Writing data to file '/home/jules/.aspnet/DataProtection-Keys/key-9787d867-9f4b-4c51-b038-09a06a3eb2dc.xml'.
info: McpRouter.Services.DockerAutoDiscoveryService[0]
      Docker Auto-Discovery Service started.
info: McpRouter.Services.BackendHealthCheckService[0]
      Starting Backend MCP Server Health Check background service...
info: Microsoft.EntityFrameworkCore.Database.Command[20101]
      Executed DbCommand (0ms) [Parameters=[], CommandType='Text', CommandTimeout='30']
      SELECT "s"."Id", "s"."ApiKey", "s"."AuthShape", "s"."AutoDiscovered", "s"."Categories", "s"."CustomHeaderName", "s"."DisplayName", "s"."Enabled", "s"."HeadersJson", "s"."Hidden", "s"."SecretItemKey", "s"."SecretProvider", "s"."Type", "s"."Url"
      FROM "Servers" AS "s"
      WHERE "s"."AutoDiscovered"
info: Microsoft.EntityFrameworkCore.Database.Command[20101]
      Executed DbCommand (3ms) [Parameters=[], CommandType='Text', CommandTimeout='30']
      SELECT "s"."Id", "s"."ApiKey", "s"."AuthShape", "s"."AutoDiscovered", "s"."Categories", "s"."CustomHeaderName", "s"."DisplayName", "s"."Enabled", "s"."HeadersJson", "s"."Hidden", "s"."SecretItemKey", "s"."SecretProvider", "s"."Type", "s"."Url"
      FROM "Servers" AS "s"
      WHERE "s"."Enabled"
info: System.Net.Http.HttpClient.McpClient.LogicalHandler[100]
      Start processing HTTP request GET http://docker-mcp:8000/sse
info: System.Net.Http.HttpClient.McpClient.ClientHandler[100]
      Sending HTTP request GET http://docker-mcp:8000/sse
info: System.Net.Http.HttpClient.McpClient.LogicalHandler[100]
      Start processing HTTP request GET http://mcp-arr-4k:3000/mcp
info: System.Net.Http.HttpClient.McpClient.ClientHandler[100]
      Sending HTTP request GET http://mcp-arr-4k:3000/mcp
info: System.Net.Http.HttpClient.McpClient.LogicalHandler[100]
      Start processing HTTP request GET http://mcp-arr-hd:3000/mcp
info: System.Net.Http.HttpClient.McpClient.ClientHandler[100]
      Sending HTTP request GET http://mcp-arr-hd:3000/mcp
info: Microsoft.Hosting.Lifetime[14]
      Now listening on: http://localhost:5000
info: Microsoft.Hosting.Lifetime[0]
      Application started. Press Ctrl+C to shut down.
info: Microsoft.Hosting.Lifetime[0]
      Hosting environment: Production
info: Microsoft.Hosting.Lifetime[0]
      Content root path: /app
info: System.Net.Http.HttpClient.McpClient.ClientHandler[104]
      HTTP request failed after 16.5211ms
      System.Net.Http.HttpRequestException: Name or service not known (mcp-arr-hd:3000)
       ---> System.Net.Sockets.SocketException (0xFFFDFFFF): Name or service not known
         at System.Net.Sockets.Socket.AwaitableSocketAsyncEventArgs.ThrowException(SocketError error, CancellationToken cancellationToken)
         at System.Net.Sockets.Socket.AwaitableSocketAsyncEventArgs.System.Threading.Tasks.Sources.IValueTaskSource.GetResult(Int16 token)
         at System.Net.Http.HttpConnectionPool.ConnectToTcpHostAsync(String host, Int32 port, HttpRequestMessage initialRequest, Boolean async, CancellationToken cancellationToken)
         --- End of inner exception stack trace ---
         at System.Net.Http.HttpConnectionPool.ConnectToTcpHostAsync(String host, Int32 port, HttpRequestMessage initialRequest, Boolean async, CancellationToken cancellationToken)
         at System.Net.Http.HttpConnectionPool.ConnectAsync(HttpRequestMessage request, Boolean async, CancellationToken cancellationToken)
         at System.Net.Http.HttpConnectionPool.CreateHttp11ConnectionAsync(HttpRequestMessage request, Boolean async, CancellationToken cancellationToken)
         at System.Net.Http.HttpConnectionPool.InjectNewHttp11ConnectionAsync(QueueItem queueItem)
         at System.Threading.Tasks.TaskCompletionSourceWithCancellation`1.WaitWithCancellationAsync(CancellationToken cancellationToken)
         at System.Net.Http.HttpConnectionPool.SendWithVersionDetectionAndRetryAsync(HttpRequestMessage request, Boolean async, Boolean doRequestAuth, CancellationToken cancellationToken)
         at System.Net.Http.RedirectHandler.SendAsync(HttpRequestMessage request, Boolean async, CancellationToken cancellationToken)
         at System.Net.Http.SocketsHttpHandler.<SendAsync>g__CreateHandlerAndSendAsync|115_0(HttpRequestMessage request, CancellationToken cancellationToken)
         at Microsoft.Extensions.Http.Logging.LoggingHttpMessageHandler.<SendCoreAsync>g__Core|4_0(HttpRequestMessage request, Boolean useAsync, CancellationToken cancellationToken)
info: System.Net.Http.HttpClient.McpClient.ClientHandler[104]
      HTTP request failed after 16.3797ms
      System.Net.Http.HttpRequestException: Name or service not known (mcp-arr-4k:3000)
       ---> System.Net.Sockets.SocketException (0xFFFDFFFF): Name or service not known
         at System.Net.Sockets.Socket.AwaitableSocketAsyncEventArgs.ThrowException(SocketError error, CancellationToken cancellationToken)
         at System.Net.Sockets.Socket.AwaitableSocketAsyncEventArgs.System.Threading.Tasks.Sources.IValueTaskSource.GetResult(Int16 token)
         at System.Net.Http.HttpConnectionPool.ConnectToTcpHostAsync(String host, Int32 port, HttpRequestMessage initialRequest, Boolean async, CancellationToken cancellationToken)
         --- End of inner exception stack trace ---
         at System.Net.Http.HttpConnectionPool.ConnectToTcpHostAsync(String host, Int32 port, HttpRequestMessage initialRequest, Boolean async, CancellationToken cancellationToken)
         at System.Net.Http.HttpConnectionPool.ConnectAsync(HttpRequestMessage request, Boolean async, CancellationToken cancellationToken)
         at System.Net.Http.HttpConnectionPool.CreateHttp11ConnectionAsync(HttpRequestMessage request, Boolean async, CancellationToken cancellationToken)
         at System.Net.Http.HttpConnectionPool.InjectNewHttp11ConnectionAsync(QueueItem queueItem)
         at System.Threading.Tasks.TaskCompletionSourceWithCancellation`1.WaitWithCancellationAsync(CancellationToken cancellationToken)
         at System.Net.Http.HttpConnectionPool.SendWithVersionDetectionAndRetryAsync(HttpRequestMessage request, Boolean async, Boolean doRequestAuth, CancellationToken cancellationToken)
         at System.Net.Http.RedirectHandler.SendAsync(HttpRequestMessage request, Boolean async, CancellationToken cancellationToken)
         at System.Net.Http.SocketsHttpHandler.<SendAsync>g__CreateHandlerAndSendAsync|115_0(HttpRequestMessage request, CancellationToken cancellationToken)
         at Microsoft.Extensions.Http.Logging.LoggingHttpMessageHandler.<SendCoreAsync>g__Core|4_0(HttpRequestMessage request, Boolean useAsync, CancellationToken cancellationToken)
info: System.Net.Http.HttpClient.McpClient.ClientHandler[104]
      HTTP request failed after 16.6721ms
      System.Net.Http.HttpRequestException: Name or service not known (docker-mcp:8000)
       ---> System.Net.Sockets.SocketException (0xFFFDFFFF): Name or service not known
         at System.Net.Sockets.Socket.AwaitableSocketAsyncEventArgs.ThrowException(SocketError error, CancellationToken cancellationToken)
         at System.Net.Sockets.Socket.AwaitableSocketAsyncEventArgs.System.Threading.Tasks.Sources.IValueTaskSource.GetResult(Int16 token)
         at System.Net.Http.HttpConnectionPool.ConnectToTcpHostAsync(String host, Int32 port, HttpRequestMessage initialRequest, Boolean async, CancellationToken cancellationToken)
         --- End of inner exception stack trace ---
         at System.Net.Http.HttpConnectionPool.ConnectToTcpHostAsync(String host, Int32 port, HttpRequestMessage initialRequest, Boolean async, CancellationToken cancellationToken)
         at System.Net.Http.HttpConnectionPool.ConnectAsync(HttpRequestMessage request, Boolean async, CancellationToken cancellationToken)
         at System.Net.Http.HttpConnectionPool.CreateHttp11ConnectionAsync(HttpRequestMessage request, Boolean async, CancellationToken cancellationToken)
         at System.Net.Http.HttpConnectionPool.InjectNewHttp11ConnectionAsync(QueueItem queueItem)
         at System.Threading.Tasks.TaskCompletionSourceWithCancellation`1.WaitWithCancellationAsync(CancellationToken cancellationToken)
         at System.Net.Http.HttpConnectionPool.SendWithVersionDetectionAndRetryAsync(HttpRequestMessage request, Boolean async, Boolean doRequestAuth, CancellationToken cancellationToken)
         at System.Net.Http.RedirectHandler.SendAsync(HttpRequestMessage request, Boolean async, CancellationToken cancellationToken)
         at System.Net.Http.SocketsHttpHandler.<SendAsync>g__CreateHandlerAndSendAsync|115_0(HttpRequestMessage request, CancellationToken cancellationToken)
         at Microsoft.Extensions.Http.Logging.LoggingHttpMessageHandler.<SendCoreAsync>g__Core|4_0(HttpRequestMessage request, Boolean useAsync, CancellationToken cancellationToken)
info: System.Net.Http.HttpClient.McpClient.LogicalHandler[104]
      HTTP request failed after 64.5951ms
      System.Net.Http.HttpRequestException: Name or service not known (docker-mcp:8000)
       ---> System.Net.Sockets.SocketException (0xFFFDFFFF): Name or service not known
         at System.Net.Sockets.Socket.AwaitableSocketAsyncEventArgs.ThrowException(SocketError error, CancellationToken cancellationToken)
         at System.Net.Sockets.Socket.AwaitableSocketAsyncEventArgs.System.Threading.Tasks.Sources.IValueTaskSource.GetResult(Int16 token)
         at System.Net.Http.HttpConnectionPool.ConnectToTcpHostAsync(String host, Int32 port, HttpRequestMessage initialRequest, Boolean async, CancellationToken cancellationToken)
         --- End of inner exception stack trace ---
         at System.Net.Http.HttpConnectionPool.ConnectToTcpHostAsync(String host, Int32 port, HttpRequestMessage initialRequest, Boolean async, CancellationToken cancellationToken)
         at System.Net.Http.HttpConnectionPool.ConnectAsync(HttpRequestMessage request, Boolean async, CancellationToken cancellationToken)
         at System.Net.Http.HttpConnectionPool.CreateHttp11ConnectionAsync(HttpRequestMessage request, Boolean async, CancellationToken cancellationToken)
         at System.Net.Http.HttpConnectionPool.InjectNewHttp11ConnectionAsync(QueueItem queueItem)
         at System.Threading.Tasks.TaskCompletionSourceWithCancellation`1.WaitWithCancellationAsync(CancellationToken cancellationToken)
         at System.Net.Http.HttpConnectionPool.SendWithVersionDetectionAndRetryAsync(HttpRequestMessage request, Boolean async, Boolean doRequestAuth, CancellationToken cancellationToken)
         at System.Net.Http.RedirectHandler.SendAsync(HttpRequestMessage request, Boolean async, CancellationToken cancellationToken)
         at System.Net.Http.SocketsHttpHandler.<SendAsync>g__CreateHandlerAndSendAsync|115_0(HttpRequestMessage request, CancellationToken cancellationToken)
         at Microsoft.Extensions.Http.Logging.LoggingHttpMessageHandler.<SendCoreAsync>g__Core|4_0(HttpRequestMessage request, Boolean useAsync, CancellationToken cancellationToken)
         at Microsoft.Extensions.Http.Logging.LoggingScopeHttpMessageHandler.<SendCoreAsync>g__Core|4_0(HttpRequestMessage request, Boolean useAsync, CancellationToken cancellationToken)
info: System.Net.Http.HttpClient.McpClient.LogicalHandler[104]
      HTTP request failed after 64.0308ms
      System.Net.Http.HttpRequestException: Name or service not known (mcp-arr-hd:3000)
       ---> System.Net.Sockets.SocketException (0xFFFDFFFF): Name or service not known
         at System.Net.Sockets.Socket.AwaitableSocketAsyncEventArgs.ThrowException(SocketError error, CancellationToken cancellationToken)
         at System.Net.Sockets.Socket.AwaitableSocketAsyncEventArgs.System.Threading.Tasks.Sources.IValueTaskSource.GetResult(Int16 token)
         at System.Net.Http.HttpConnectionPool.ConnectToTcpHostAsync(String host, Int32 port, HttpRequestMessage initialRequest, Boolean async, CancellationToken cancellationToken)
         --- End of inner exception stack trace ---
         at System.Net.Http.HttpConnectionPool.ConnectToTcpHostAsync(String host, Int32 port, HttpRequestMessage initialRequest, Boolean async, CancellationToken cancellationToken)
         at System.Net.Http.HttpConnectionPool.ConnectAsync(HttpRequestMessage request, Boolean async, CancellationToken cancellationToken)
         at System.Net.Http.HttpConnectionPool.CreateHttp11ConnectionAsync(HttpRequestMessage request, Boolean async, CancellationToken cancellationToken)
         at System.Net.Http.HttpConnectionPool.InjectNewHttp11ConnectionAsync(QueueItem queueItem)
         at System.Threading.Tasks.TaskCompletionSourceWithCancellation`1.WaitWithCancellationAsync(CancellationToken cancellationToken)
         at System.Net.Http.HttpConnectionPool.SendWithVersionDetectionAndRetryAsync(HttpRequestMessage request, Boolean async, Boolean doRequestAuth, CancellationToken cancellationToken)
         at System.Net.Http.RedirectHandler.SendAsync(HttpRequestMessage request, Boolean async, CancellationToken cancellationToken)
         at System.Net.Http.SocketsHttpHandler.<SendAsync>g__CreateHandlerAndSendAsync|115_0(HttpRequestMessage request, CancellationToken cancellationToken)
         at Microsoft.Extensions.Http.Logging.LoggingHttpMessageHandler.<SendCoreAsync>g__Core|4_0(HttpRequestMessage request, Boolean useAsync, CancellationToken cancellationToken)
         at Microsoft.Extensions.Http.Logging.LoggingScopeHttpMessageHandler.<SendCoreAsync>g__Core|4_0(HttpRequestMessage request, Boolean useAsync, CancellationToken cancellationToken)
info: System.Net.Http.HttpClient.McpClient.LogicalHandler[104]
      HTTP request failed after 65.7916ms
      System.Net.Http.HttpRequestException: Name or service not known (mcp-arr-4k:3000)
       ---> System.Net.Sockets.SocketException (0xFFFDFFFF): Name or service not known
         at System.Net.Sockets.Socket.AwaitableSocketAsyncEventArgs.ThrowException(SocketError error, CancellationToken cancellationToken)
         at System.Net.Sockets.Socket.AwaitableSocketAsyncEventArgs.System.Threading.Tasks.Sources.IValueTaskSource.GetResult(Int16 token)
         at System.Net.Http.HttpConnectionPool.ConnectToTcpHostAsync(String host, Int32 port, HttpRequestMessage initialRequest, Boolean async, CancellationToken cancellationToken)
         --- End of inner exception stack trace ---
         at System.Net.Http.HttpConnectionPool.ConnectToTcpHostAsync(String host, Int32 port, HttpRequestMessage initialRequest, Boolean async, CancellationToken cancellationToken)
         at System.Net.Http.HttpConnectionPool.ConnectAsync(HttpRequestMessage request, Boolean async, CancellationToken cancellationToken)
         at System.Net.Http.HttpConnectionPool.CreateHttp11ConnectionAsync(HttpRequestMessage request, Boolean async, CancellationToken cancellationToken)
         at System.Net.Http.HttpConnectionPool.InjectNewHttp11ConnectionAsync(QueueItem queueItem)
         at System.Threading.Tasks.TaskCompletionSourceWithCancellation`1.WaitWithCancellationAsync(CancellationToken cancellationToken)
         at System.Net.Http.HttpConnectionPool.SendWithVersionDetectionAndRetryAsync(HttpRequestMessage request, Boolean async, Boolean doRequestAuth, CancellationToken cancellationToken)
         at System.Net.Http.RedirectHandler.SendAsync(HttpRequestMessage request, Boolean async, CancellationToken cancellationToken)
         at System.Net.Http.SocketsHttpHandler.<SendAsync>g__CreateHandlerAndSendAsync|115_0(HttpRequestMessage request, CancellationToken cancellationToken)
         at Microsoft.Extensions.Http.Logging.LoggingHttpMessageHandler.<SendCoreAsync>g__Core|4_0(HttpRequestMessage request, Boolean useAsync, CancellationToken cancellationToken)
         at Microsoft.Extensions.Http.Logging.LoggingScopeHttpMessageHandler.<SendCoreAsync>g__Core|4_0(HttpRequestMessage request, Boolean useAsync, CancellationToken cancellationToken)
info: System.Net.Http.HttpClient.Default.ClientHandler[101]
      Received HTTP response headers after 600.4451ms - 200
info: System.Net.Http.HttpClient.Default.LogicalHandler[101]
      End processing HTTP request after 613.9122ms - 200
info: McpRouter.Services.OnnxEmbeddingService[0]
      Local model downloaded successfully.
info: McpRouter.Services.OnnxEmbeddingService[0]
      Downloading model vocabulary file from Hugging Face...
info: System.Net.Http.HttpClient.Default.LogicalHandler[100]
      Start processing HTTP request GET https://huggingface.co/Xenova/all-MiniLM-L6-v2/resolve/main/vocab.txt
info: System.Net.Http.HttpClient.Default.ClientHandler[100]
      Sending HTTP request GET https://huggingface.co/Xenova/all-MiniLM-L6-v2/resolve/main/vocab.txt
info: System.Net.Http.HttpClient.Default.ClientHandler[101]
      Received HTTP response headers after 122.4064ms - 200
info: System.Net.Http.HttpClient.Default.LogicalHandler[101]
      End processing HTTP request after 123.6139ms - 200
info: McpRouter.Services.OnnxEmbeddingService[0]
      Vocabulary file downloaded successfully.
info: McpRouter.Services.DynamicEmbeddingService[0]
      Vector embedding model pre-warmed successfully.
info: Microsoft.EntityFrameworkCore.Database.Command[20101]
      Executed DbCommand (0ms) [Parameters=[], CommandType='Text', CommandTimeout='30']
      SELECT "s"."Id", "s"."ApiKey", "s"."AuthShape", "s"."AutoDiscovered", "s"."Categories", "s"."CustomHeaderName", "s"."DisplayName", "s"."Enabled", "s"."HeadersJson", "s"."Hidden", "s"."SecretItemKey", "s"."SecretProvider", "s"."Type", "s"."Url"
      FROM "Servers" AS "s"
      WHERE "s"."AutoDiscovered"
info: Microsoft.EntityFrameworkCore.Database.Command[20101]
      Executed DbCommand (0ms) [Parameters=[], CommandType='Text', CommandTimeout='30']
      SELECT "s"."Id", "s"."ApiKey", "s"."AuthShape", "s"."AutoDiscovered", "s"."Categories", "s"."CustomHeaderName", "s"."DisplayName", "s"."Enabled", "s"."HeadersJson", "s"."Hidden", "s"."SecretItemKey", "s"."SecretProvider", "s"."Type", "s"."Url"
      FROM "Servers" AS "s"
      WHERE "s"."Enabled"
info: System.Net.Http.HttpClient.McpClient.LogicalHandler[100]
      Start processing HTTP request GET http://docker-mcp:8000/sse
info: System.Net.Http.HttpClient.McpClient.ClientHandler[100]
      Sending HTTP request GET http://docker-mcp:8000/sse
info: System.Net.Http.HttpClient.McpClient.LogicalHandler[100]
      Start processing HTTP request GET http://mcp-arr-4k:3000/mcp
info: System.Net.Http.HttpClient.McpClient.ClientHandler[100]
      Sending HTTP request GET http://mcp-arr-4k:3000/mcp
info: System.Net.Http.HttpClient.McpClient.LogicalHandler[100]
      Start processing HTTP request GET http://mcp-arr-hd:3000/mcp
info: System.Net.Http.HttpClient.McpClient.ClientHandler[100]
      Sending HTTP request GET http://mcp-arr-hd:3000/mcp
info: System.Net.Http.HttpClient.McpClient.ClientHandler[104]
      HTTP request failed after 2.7287ms
      System.Net.Http.HttpRequestException: Name or service not known (docker-mcp:8000)
       ---> System.Net.Sockets.SocketException (0xFFFDFFFF): Name or service not known
         at System.Net.Sockets.Socket.AwaitableSocketAsyncEventArgs.ThrowException(SocketError error, CancellationToken cancellationToken)
         at System.Net.Sockets.Socket.AwaitableSocketAsyncEventArgs.System.Threading.Tasks.Sources.IValueTaskSource.GetResult(Int16 token)
         at System.Net.Http.HttpConnectionPool.ConnectToTcpHostAsync(String host, Int32 port, HttpRequestMessage initialRequest, Boolean async, CancellationToken cancellationToken)
         --- End of inner exception stack trace ---
         at System.Net.Http.HttpConnectionPool.ConnectToTcpHostAsync(String host, Int32 port, HttpRequestMessage initialRequest, Boolean async, CancellationToken cancellationToken)
         at System.Net.Http.HttpConnectionPool.ConnectAsync(HttpRequestMessage request, Boolean async, CancellationToken cancellationToken)
         at System.Net.Http.HttpConnectionPool.CreateHttp11ConnectionAsync(HttpRequestMessage request, Boolean async, CancellationToken cancellationToken)
         at System.Net.Http.HttpConnectionPool.InjectNewHttp11ConnectionAsync(QueueItem queueItem)
         at System.Threading.Tasks.TaskCompletionSourceWithCancellation`1.WaitWithCancellationAsync(CancellationToken cancellationToken)
         at System.Net.Http.HttpConnectionPool.SendWithVersionDetectionAndRetryAsync(HttpRequestMessage request, Boolean async, Boolean doRequestAuth, CancellationToken cancellationToken)
         at System.Net.Http.RedirectHandler.SendAsync(HttpRequestMessage request, Boolean async, CancellationToken cancellationToken)
         at Microsoft.Extensions.Http.Logging.LoggingHttpMessageHandler.<SendCoreAsync>g__Core|4_0(HttpRequestMessage request, Boolean useAsync, CancellationToken cancellationToken)
info: System.Net.Http.HttpClient.McpClient.ClientHandler[104]
      HTTP request failed after 2.6701ms
      System.Net.Http.HttpRequestException: Name or service not known (mcp-arr-hd:3000)
       ---> System.Net.Sockets.SocketException (0xFFFDFFFF): Name or service not known
         at System.Net.Sockets.Socket.AwaitableSocketAsyncEventArgs.ThrowException(SocketError error, CancellationToken cancellationToken)
         at System.Net.Sockets.Socket.AwaitableSocketAsyncEventArgs.System.Threading.Tasks.Sources.IValueTaskSource.GetResult(Int16 token)
         at System.Net.Http.HttpConnectionPool.ConnectToTcpHostAsync(String host, Int32 port, HttpRequestMessage initialRequest, Boolean async, CancellationToken cancellationToken)
         --- End of inner exception stack trace ---
         at System.Net.Http.HttpConnectionPool.ConnectToTcpHostAsync(String host, Int32 port, HttpRequestMessage initialRequest, Boolean async, CancellationToken cancellationToken)
         at System.Net.Http.HttpConnectionPool.ConnectAsync(HttpRequestMessage request, Boolean async, CancellationToken cancellationToken)
         at System.Net.Http.HttpConnectionPool.CreateHttp11ConnectionAsync(HttpRequestMessage request, Boolean async, CancellationToken cancellationToken)
         at System.Net.Http.HttpConnectionPool.InjectNewHttp11ConnectionAsync(QueueItem queueItem)
         at System.Threading.Tasks.TaskCompletionSourceWithCancellation`1.WaitWithCancellationAsync(CancellationToken cancellationToken)
         at System.Net.Http.HttpConnectionPool.SendWithVersionDetectionAndRetryAsync(HttpRequestMessage request, Boolean async, Boolean doRequestAuth, CancellationToken cancellationToken)
         at System.Net.Http.RedirectHandler.SendAsync(HttpRequestMessage request, Boolean async, CancellationToken cancellationToken)
         at Microsoft.Extensions.Http.Logging.LoggingHttpMessageHandler.<SendCoreAsync>g__Core|4_0(HttpRequestMessage request, Boolean useAsync, CancellationToken cancellationToken)
info: System.Net.Http.HttpClient.McpClient.ClientHandler[104]
      HTTP request failed after 2.7754ms
      System.Net.Http.HttpRequestException: Name or service not known (mcp-arr-4k:3000)
       ---> System.Net.Sockets.SocketException (0xFFFDFFFF): Name or service not known
         at System.Net.Sockets.Socket.AwaitableSocketAsyncEventArgs.ThrowException(SocketError error, CancellationToken cancellationToken)
         at System.Net.Sockets.Socket.AwaitableSocketAsyncEventArgs.System.Threading.Tasks.Sources.IValueTaskSource.GetResult(Int16 token)
         at System.Net.Http.HttpConnectionPool.ConnectToTcpHostAsync(String host, Int32 port, HttpRequestMessage initialRequest, Boolean async, CancellationToken cancellationToken)
         --- End of inner exception stack trace ---
         at System.Net.Http.HttpConnectionPool.ConnectToTcpHostAsync(String host, Int32 port, HttpRequestMessage initialRequest, Boolean async, CancellationToken cancellationToken)
         at System.Net.Http.HttpConnectionPool.ConnectAsync(HttpRequestMessage request, Boolean async, CancellationToken cancellationToken)
         at System.Net.Http.HttpConnectionPool.CreateHttp11ConnectionAsync(HttpRequestMessage request, Boolean async, CancellationToken cancellationToken)
         at System.Net.Http.HttpConnectionPool.InjectNewHttp11ConnectionAsync(QueueItem queueItem)
         at System.Threading.Tasks.TaskCompletionSourceWithCancellation`1.WaitWithCancellationAsync(CancellationToken cancellationToken)
         at System.Net.Http.HttpConnectionPool.SendWithVersionDetectionAndRetryAsync(HttpRequestMessage request, Boolean async, Boolean doRequestAuth, CancellationToken cancellationToken)
         at System.Net.Http.RedirectHandler.SendAsync(HttpRequestMessage request, Boolean async, CancellationToken cancellationToken)
         at Microsoft.Extensions.Http.Logging.LoggingHttpMessageHandler.<SendCoreAsync>g__Core|4_0(HttpRequestMessage request, Boolean useAsync, CancellationToken cancellationToken)
info: System.Net.Http.HttpClient.McpClient.LogicalHandler[104]
      HTTP request failed after 4.8238ms
      System.Net.Http.HttpRequestException: Name or service not known (docker-mcp:8000)
       ---> System.Net.Sockets.SocketException (0xFFFDFFFF): Name or service not known
         at System.Net.Sockets.Socket.AwaitableSocketAsyncEventArgs.ThrowException(SocketError error, CancellationToken cancellationToken)
         at System.Net.Sockets.Socket.AwaitableSocketAsyncEventArgs.System.Threading.Tasks.Sources.IValueTaskSource.GetResult(Int16 token)
         at System.Net.Http.HttpConnectionPool.ConnectToTcpHostAsync(String host, Int32 port, HttpRequestMessage initialRequest, Boolean async, CancellationToken cancellationToken)
         --- End of inner exception stack trace ---
         at System.Net.Http.HttpConnectionPool.ConnectToTcpHostAsync(String host, Int32 port, HttpRequestMessage initialRequest, Boolean async, CancellationToken cancellationToken)
         at System.Net.Http.HttpConnectionPool.ConnectAsync(HttpRequestMessage request, Boolean async, CancellationToken cancellationToken)
         at System.Net.Http.HttpConnectionPool.CreateHttp11ConnectionAsync(HttpRequestMessage request, Boolean async, CancellationToken cancellationToken)
         at System.Net.Http.HttpConnectionPool.InjectNewHttp11ConnectionAsync(QueueItem queueItem)
         at System.Threading.Tasks.TaskCompletionSourceWithCancellation`1.WaitWithCancellationAsync(CancellationToken cancellationToken)
         at System.Net.Http.HttpConnectionPool.SendWithVersionDetectionAndRetryAsync(HttpRequestMessage request, Boolean async, Boolean doRequestAuth, CancellationToken cancellationToken)
         at System.Net.Http.RedirectHandler.SendAsync(HttpRequestMessage request, Boolean async, CancellationToken cancellationToken)
         at Microsoft.Extensions.Http.Logging.LoggingHttpMessageHandler.<SendCoreAsync>g__Core|4_0(HttpRequestMessage request, Boolean useAsync, CancellationToken cancellationToken)
         at Microsoft.Extensions.Http.Logging.LoggingScopeHttpMessageHandler.<SendCoreAsync>g__Core|4_0(HttpRequestMessage request, Boolean useAsync, CancellationToken cancellationToken)
info: System.Net.Http.HttpClient.McpClient.LogicalHandler[104]
      HTTP request failed after 4.7309ms
      System.Net.Http.HttpRequestException: Name or service not known (mcp-arr-4k:3000)
       ---> System.Net.Sockets.SocketException (0xFFFDFFFF): Name or service not known
         at System.Net.Sockets.Socket.AwaitableSocketAsyncEventArgs.ThrowException(SocketError error, CancellationToken cancellationToken)
         at System.Net.Sockets.Socket.AwaitableSocketAsyncEventArgs.System.Threading.Tasks.Sources.IValueTaskSource.GetResult(Int16 token)
         at System.Net.Http.HttpConnectionPool.ConnectToTcpHostAsync(String host, Int32 port, HttpRequestMessage initialRequest, Boolean async, CancellationToken cancellationToken)
         --- End of inner exception stack trace ---
         at System.Net.Http.HttpConnectionPool.ConnectToTcpHostAsync(String host, Int32 port, HttpRequestMessage initialRequest, Boolean async, CancellationToken cancellationToken)
         at System.Net.Http.HttpConnectionPool.ConnectAsync(HttpRequestMessage request, Boolean async, CancellationToken cancellationToken)
         at System.Net.Http.HttpConnectionPool.CreateHttp11ConnectionAsync(HttpRequestMessage request, Boolean async, CancellationToken cancellationToken)
         at System.Net.Http.HttpConnectionPool.InjectNewHttp11ConnectionAsync(QueueItem queueItem)
         at System.Threading.Tasks.TaskCompletionSourceWithCancellation`1.WaitWithCancellationAsync(CancellationToken cancellationToken)
         at System.Net.Http.HttpConnectionPool.SendWithVersionDetectionAndRetryAsync(HttpRequestMessage request, Boolean async, Boolean doRequestAuth, CancellationToken cancellationToken)
         at System.Net.Http.RedirectHandler.SendAsync(HttpRequestMessage request, Boolean async, CancellationToken cancellationToken)
         at Microsoft.Extensions.Http.Logging.LoggingHttpMessageHandler.<SendCoreAsync>g__Core|4_0(HttpRequestMessage request, Boolean useAsync, CancellationToken cancellationToken)
         at Microsoft.Extensions.Http.Logging.LoggingScopeHttpMessageHandler.<SendCoreAsync>g__Core|4_0(HttpRequestMessage request, Boolean useAsync, CancellationToken cancellationToken)
info: System.Net.Http.HttpClient.McpClient.LogicalHandler[104]
      HTTP request failed after 4.5025ms
      System.Net.Http.HttpRequestException: Name or service not known (mcp-arr-hd:3000)
       ---> System.Net.Sockets.SocketException (0xFFFDFFFF): Name or service not known
         at System.Net.Sockets.Socket.AwaitableSocketAsyncEventArgs.ThrowException(SocketError error, CancellationToken cancellationToken)
         at System.Net.Sockets.Socket.AwaitableSocketAsyncEventArgs.System.Threading.Tasks.Sources.IValueTaskSource.GetResult(Int16 token)
         at System.Net.Http.HttpConnectionPool.ConnectToTcpHostAsync(String host, Int32 port, HttpRequestMessage initialRequest, Boolean async, CancellationToken cancellationToken)
         --- End of inner exception stack trace ---
         at System.Net.Http.HttpConnectionPool.ConnectToTcpHostAsync(String host, Int32 port, HttpRequestMessage initialRequest, Boolean async, CancellationToken cancellationToken)
         at System.Net.Http.HttpConnectionPool.ConnectAsync(HttpRequestMessage request, Boolean async, CancellationToken cancellationToken)
         at System.Net.Http.HttpConnectionPool.CreateHttp11ConnectionAsync(HttpRequestMessage request, Boolean async, CancellationToken cancellationToken)
         at System.Net.Http.HttpConnectionPool.InjectNewHttp11ConnectionAsync(QueueItem queueItem)
         at System.Threading.Tasks.TaskCompletionSourceWithCancellation`1.WaitWithCancellationAsync(CancellationToken cancellationToken)
         at System.Net.Http.HttpConnectionPool.SendWithVersionDetectionAndRetryAsync(HttpRequestMessage request, Boolean async, Boolean doRequestAuth, CancellationToken cancellationToken)
         at System.Net.Http.RedirectHandler.SendAsync(HttpRequestMessage request, Boolean async, CancellationToken cancellationToken)
         at Microsoft.Extensions.Http.Logging.LoggingHttpMessageHandler.<SendCoreAsync>g__Core|4_0(HttpRequestMessage request, Boolean useAsync, CancellationToken cancellationToken)
         at Microsoft.Extensions.Http.Logging.LoggingScopeHttpMessageHandler.<SendCoreAsync>g__Core|4_0(HttpRequestMessage request, Boolean useAsync, CancellationToken cancellationToken)
info: Microsoft.EntityFrameworkCore.Database.Command[20101]
      Executed DbCommand (0ms) [Parameters=[], CommandType='Text', CommandTimeout='30']
      SELECT "s"."Id", "s"."ApiKey", "s"."AuthShape", "s"."AutoDiscovered", "s"."Categories", "s"."CustomHeaderName", "s"."DisplayName", "s"."Enabled", "s"."HeadersJson", "s"."Hidden", "s"."SecretItemKey", "s"."SecretProvider", "s"."Type", "s"."Url"
      FROM "Servers" AS "s"
      WHERE "s"."AutoDiscovered"
info: Microsoft.EntityFrameworkCore.Database.Command[20101]
      Executed DbCommand (0ms) [Parameters=[], CommandType='Text', CommandTimeout='30']
      SELECT "s"."Id", "s"."ApiKey", "s"."AuthShape", "s"."AutoDiscovered", "s"."Categories", "s"."CustomHeaderName", "s"."DisplayName", "s"."Enabled", "s"."HeadersJson", "s"."Hidden", "s"."SecretItemKey", "s"."SecretProvider", "s"."Type", "s"."Url"
      FROM "Servers" AS "s"
      WHERE "s"."Enabled"
info: System.Net.Http.HttpClient.McpClient.LogicalHandler[100]
      Start processing HTTP request GET http://docker-mcp:8000/sse
info: System.Net.Http.HttpClient.McpClient.ClientHandler[100]
      Sending HTTP request GET http://docker-mcp:8000/sse
info: System.Net.Http.HttpClient.McpClient.LogicalHandler[100]
      Start processing HTTP request GET http://mcp-arr-4k:3000/mcp
info: System.Net.Http.HttpClient.McpClient.ClientHandler[100]
      Sending HTTP request GET http://mcp-arr-4k:3000/mcp
info: System.Net.Http.HttpClient.McpClient.LogicalHandler[100]
      Start processing HTTP request GET http://mcp-arr-hd:3000/mcp
info: System.Net.Http.HttpClient.McpClient.ClientHandler[100]
      Sending HTTP request GET http://mcp-arr-hd:3000/mcp
info: System.Net.Http.HttpClient.McpClient.ClientHandler[104]
      HTTP request failed after 2.436ms
      System.Net.Http.HttpRequestException: Name or service not known (mcp-arr-4k:3000)
       ---> System.Net.Sockets.SocketException (0xFFFDFFFF): Name or service not known
         at System.Net.Sockets.Socket.AwaitableSocketAsyncEventArgs.ThrowException(SocketError error, CancellationToken cancellationToken)
         at System.Net.Sockets.Socket.AwaitableSocketAsyncEventArgs.System.Threading.Tasks.Sources.IValueTaskSource.GetResult(Int16 token)
         at System.Net.Http.HttpConnectionPool.ConnectToTcpHostAsync(String host, Int32 port, HttpRequestMessage initialRequest, Boolean async, CancellationToken cancellationToken)
         --- End of inner exception stack trace ---
         at System.Net.Http.HttpConnectionPool.ConnectToTcpHostAsync(String host, Int32 port, HttpRequestMessage initialRequest, Boolean async, CancellationToken cancellationToken)
         at System.Net.Http.HttpConnectionPool.ConnectAsync(HttpRequestMessage request, Boolean async, CancellationToken cancellationToken)
         at System.Net.Http.HttpConnectionPool.CreateHttp11ConnectionAsync(HttpRequestMessage request, Boolean async, CancellationToken cancellationToken)
         at System.Net.Http.HttpConnectionPool.InjectNewHttp11ConnectionAsync(QueueItem queueItem)
         at System.Threading.Tasks.TaskCompletionSourceWithCancellation`1.WaitWithCancellationAsync(CancellationToken cancellationToken)
         at System.Net.Http.HttpConnectionPool.SendWithVersionDetectionAndRetryAsync(HttpRequestMessage request, Boolean async, Boolean doRequestAuth, CancellationToken cancellationToken)
         at System.Net.Http.RedirectHandler.SendAsync(HttpRequestMessage request, Boolean async, CancellationToken cancellationToken)
         at Microsoft.Extensions.Http.Logging.LoggingHttpMessageHandler.<SendCoreAsync>g__Core|4_0(HttpRequestMessage request, Boolean useAsync, CancellationToken cancellationToken)
info: System.Net.Http.HttpClient.McpClient.ClientHandler[104]
      HTTP request failed after 2.6147ms
      System.Net.Http.HttpRequestException: Name or service not known (docker-mcp:8000)
       ---> System.Net.Sockets.SocketException (0xFFFDFFFF): Name or service not known
         at System.Net.Sockets.Socket.AwaitableSocketAsyncEventArgs.ThrowException(SocketError error, CancellationToken cancellationToken)
         at System.Net.Sockets.Socket.AwaitableSocketAsyncEventArgs.System.Threading.Tasks.Sources.IValueTaskSource.GetResult(Int16 token)
         at System.Net.Http.HttpConnectionPool.ConnectToTcpHostAsync(String host, Int32 port, HttpRequestMessage initialRequest, Boolean async, CancellationToken cancellationToken)
         --- End of inner exception stack trace ---
         at System.Net.Http.HttpConnectionPool.ConnectToTcpHostAsync(String host, Int32 port, HttpRequestMessage initialRequest, Boolean async, CancellationToken cancellationToken)
         at System.Net.Http.HttpConnectionPool.ConnectAsync(HttpRequestMessage request, Boolean async, CancellationToken cancellationToken)
         at System.Net.Http.HttpConnectionPool.CreateHttp11ConnectionAsync(HttpRequestMessage request, Boolean async, CancellationToken cancellationToken)
         at System.Net.Http.HttpConnectionPool.InjectNewHttp11ConnectionAsync(QueueItem queueItem)
         at System.Threading.Tasks.TaskCompletionSourceWithCancellation`1.WaitWithCancellationAsync(CancellationToken cancellationToken)
         at System.Net.Http.HttpConnectionPool.SendWithVersionDetectionAndRetryAsync(HttpRequestMessage request, Boolean async, Boolean doRequestAuth, CancellationToken cancellationToken)
         at System.Net.Http.RedirectHandler.SendAsync(HttpRequestMessage request, Boolean async, CancellationToken cancellationToken)
         at Microsoft.Extensions.Http.Logging.LoggingHttpMessageHandler.<SendCoreAsync>g__Core|4_0(HttpRequestMessage request, Boolean useAsync, CancellationToken cancellationToken)
info: System.Net.Http.HttpClient.McpClient.LogicalHandler[104]
      HTTP request failed after 3.3892ms
      System.Net.Http.HttpRequestException: Name or service not known (mcp-arr-4k:3000)
       ---> System.Net.Sockets.SocketException (0xFFFDFFFF): Name or service not known
         at System.Net.Sockets.Socket.AwaitableSocketAsyncEventArgs.ThrowException(SocketError error, CancellationToken cancellationToken)
         at System.Net.Sockets.Socket.AwaitableSocketAsyncEventArgs.System.Threading.Tasks.Sources.IValueTaskSource.GetResult(Int16 token)
         at System.Net.Http.HttpConnectionPool.ConnectToTcpHostAsync(String host, Int32 port, HttpRequestMessage initialRequest, Boolean async, CancellationToken cancellationToken)
         --- End of inner exception stack trace ---
         at System.Net.Http.HttpConnectionPool.ConnectToTcpHostAsync(String host, Int32 port, HttpRequestMessage initialRequest, Boolean async, CancellationToken cancellationToken)
         at System.Net.Http.HttpConnectionPool.ConnectAsync(HttpRequestMessage request, Boolean async, CancellationToken cancellationToken)
         at System.Net.Http.HttpConnectionPool.CreateHttp11ConnectionAsync(HttpRequestMessage request, Boolean async, CancellationToken cancellationToken)
         at System.Net.Http.HttpConnectionPool.InjectNewHttp11ConnectionAsync(QueueItem queueItem)
         at System.Threading.Tasks.TaskCompletionSourceWithCancellation`1.WaitWithCancellationAsync(CancellationToken cancellationToken)
         at System.Net.Http.HttpConnectionPool.SendWithVersionDetectionAndRetryAsync(HttpRequestMessage request, Boolean async, Boolean doRequestAuth, CancellationToken cancellationToken)
         at System.Net.Http.RedirectHandler.SendAsync(HttpRequestMessage request, Boolean async, CancellationToken cancellationToken)
         at Microsoft.Extensions.Http.Logging.LoggingHttpMessageHandler.<SendCoreAsync>g__Core|4_0(HttpRequestMessage request, Boolean useAsync, CancellationToken cancellationToken)
         at Microsoft.Extensions.Http.Logging.LoggingScopeHttpMessageHandler.<SendCoreAsync>g__Core|4_0(HttpRequestMessage request, Boolean useAsync, CancellationToken cancellationToken)
info: System.Net.Http.HttpClient.McpClient.ClientHandler[104]
      HTTP request failed after 3.7503ms
      System.Net.Http.HttpRequestException: Name or service not known (mcp-arr-hd:3000)
       ---> System.Net.Sockets.SocketException (0xFFFDFFFF): Name or service not known
         at System.Net.Sockets.Socket.AwaitableSocketAsyncEventArgs.ThrowException(SocketError error, CancellationToken cancellationToken)
         at System.Net.Sockets.Socket.AwaitableSocketAsyncEventArgs.System.Threading.Tasks.Sources.IValueTaskSource.GetResult(Int16 token)
         at System.Net.Http.HttpConnectionPool.ConnectToTcpHostAsync(String host, Int32 port, HttpRequestMessage initialRequest, Boolean async, CancellationToken cancellationToken)
         --- End of inner exception stack trace ---
         at System.Net.Http.HttpConnectionPool.ConnectToTcpHostAsync(String host, Int32 port, HttpRequestMessage initialRequest, Boolean async, CancellationToken cancellationToken)
         at System.Net.Http.HttpConnectionPool.ConnectAsync(HttpRequestMessage request, Boolean async, CancellationToken cancellationToken)
         at System.Net.Http.HttpConnectionPool.CreateHttp11ConnectionAsync(HttpRequestMessage request, Boolean async, CancellationToken cancellationToken)
         at System.Net.Http.HttpConnectionPool.InjectNewHttp11ConnectionAsync(QueueItem queueItem)
         at System.Threading.Tasks.TaskCompletionSourceWithCancellation`1.WaitWithCancellationAsync(CancellationToken cancellationToken)
         at System.Net.Http.HttpConnectionPool.SendWithVersionDetectionAndRetryAsync(HttpRequestMessage request, Boolean async, Boolean doRequestAuth, CancellationToken cancellationToken)
         at System.Net.Http.RedirectHandler.SendAsync(HttpRequestMessage request, Boolean async, CancellationToken cancellationToken)
         at Microsoft.Extensions.Http.Logging.LoggingHttpMessageHandler.<SendCoreAsync>g__Core|4_0(HttpRequestMessage request, Boolean useAsync, CancellationToken cancellationToken)
info: System.Net.Http.HttpClient.McpClient.LogicalHandler[104]
      HTTP request failed after 4.5529ms
      System.Net.Http.HttpRequestException: Name or service not known (mcp-arr-hd:3000)
       ---> System.Net.Sockets.SocketException (0xFFFDFFFF): Name or service not known
         at System.Net.Sockets.Socket.AwaitableSocketAsyncEventArgs.ThrowException(SocketError error, CancellationToken cancellationToken)
         at System.Net.Sockets.Socket.AwaitableSocketAsyncEventArgs.System.Threading.Tasks.Sources.IValueTaskSource.GetResult(Int16 token)
         at System.Net.Http.HttpConnectionPool.ConnectToTcpHostAsync(String host, Int32 port, HttpRequestMessage initialRequest, Boolean async, CancellationToken cancellationToken)
         --- End of inner exception stack trace ---
         at System.Net.Http.HttpConnectionPool.ConnectToTcpHostAsync(String host, Int32 port, HttpRequestMessage initialRequest, Boolean async, CancellationToken cancellationToken)
         at System.Net.Http.HttpConnectionPool.ConnectAsync(HttpRequestMessage request, Boolean async, CancellationToken cancellationToken)
         at System.Net.Http.HttpConnectionPool.CreateHttp11ConnectionAsync(HttpRequestMessage request, Boolean async, CancellationToken cancellationToken)
         at System.Net.Http.HttpConnectionPool.InjectNewHttp11ConnectionAsync(QueueItem queueItem)
         at System.Threading.Tasks.TaskCompletionSourceWithCancellation`1.WaitWithCancellationAsync(CancellationToken cancellationToken)
         at System.Net.Http.HttpConnectionPool.SendWithVersionDetectionAndRetryAsync(HttpRequestMessage request, Boolean async, Boolean doRequestAuth, CancellationToken cancellationToken)
         at System.Net.Http.RedirectHandler.SendAsync(HttpRequestMessage request, Boolean async, CancellationToken cancellationToken)
         at Microsoft.Extensions.Http.Logging.LoggingHttpMessageHandler.<SendCoreAsync>g__Core|4_0(HttpRequestMessage request, Boolean useAsync, CancellationToken cancellationToken)
         at Microsoft.Extensions.Http.Logging.LoggingScopeHttpMessageHandler.<SendCoreAsync>g__Core|4_0(HttpRequestMessage request, Boolean useAsync, CancellationToken cancellationToken)
info: System.Net.Http.HttpClient.McpClient.LogicalHandler[104]
      HTTP request failed after 3.6647ms
      System.Net.Http.HttpRequestException: Name or service not known (docker-mcp:8000)
       ---> System.Net.Sockets.SocketException (0xFFFDFFFF): Name or service not known
         at System.Net.Sockets.Socket.AwaitableSocketAsyncEventArgs.ThrowException(SocketError error, CancellationToken cancellationToken)
         at System.Net.Sockets.Socket.AwaitableSocketAsyncEventArgs.System.Threading.Tasks.Sources.IValueTaskSource.GetResult(Int16 token)
         at System.Net.Http.HttpConnectionPool.ConnectToTcpHostAsync(String host, Int32 port, HttpRequestMessage initialRequest, Boolean async, CancellationToken cancellationToken)
         --- End of inner exception stack trace ---
         at System.Net.Http.HttpConnectionPool.ConnectToTcpHostAsync(String host, Int32 port, HttpRequestMessage initialRequest, Boolean async, CancellationToken cancellationToken)
         at System.Net.Http.HttpConnectionPool.ConnectAsync(HttpRequestMessage request, Boolean async, CancellationToken cancellationToken)
         at System.Net.Http.HttpConnectionPool.CreateHttp11ConnectionAsync(HttpRequestMessage request, Boolean async, CancellationToken cancellationToken)
         at System.Net.Http.HttpConnectionPool.InjectNewHttp11ConnectionAsync(QueueItem queueItem)
         at System.Threading.Tasks.TaskCompletionSourceWithCancellation`1.WaitWithCancellationAsync(CancellationToken cancellationToken)
         at System.Net.Http.HttpConnectionPool.SendWithVersionDetectionAndRetryAsync(HttpRequestMessage request, Boolean async, Boolean doRequestAuth, CancellationToken cancellationToken)
         at System.Net.Http.RedirectHandler.SendAsync(HttpRequestMessage request, Boolean async, CancellationToken cancellationToken)
         at Microsoft.Extensions.Http.Logging.LoggingHttpMessageHandler.<SendCoreAsync>g__Core|4_0(HttpRequestMessage request, Boolean useAsync, CancellationToken cancellationToken)
         at Microsoft.Extensions.Http.Logging.LoggingScopeHttpMessageHandler.<SendCoreAsync>g__Core|4_0(HttpRequestMessage request, Boolean useAsync, CancellationToken cancellationToken)
info: Microsoft.EntityFrameworkCore.Database.Command[20101]
      Executed DbCommand (0ms) [Parameters=[], CommandType='Text', CommandTimeout='30']
      SELECT "s"."Id", "s"."ApiKey", "s"."AuthShape", "s"."AutoDiscovered", "s"."Categories", "s"."CustomHeaderName", "s"."DisplayName", "s"."Enabled", "s"."HeadersJson", "s"."Hidden", "s"."SecretItemKey", "s"."SecretProvider", "s"."Type", "s"."Url"
      FROM "Servers" AS "s"
      WHERE "s"."AutoDiscovered"
info: Microsoft.EntityFrameworkCore.Database.Command[20101]
      Executed DbCommand (0ms) [Parameters=[], CommandType='Text', CommandTimeout='30']
      SELECT "s"."Id", "s"."ApiKey", "s"."AuthShape", "s"."AutoDiscovered", "s"."Categories", "s"."CustomHeaderName", "s"."DisplayName", "s"."Enabled", "s"."HeadersJson", "s"."Hidden", "s"."SecretItemKey", "s"."SecretProvider", "s"."Type", "s"."Url"
      FROM "Servers" AS "s"
      WHERE "s"."Enabled"
info: System.Net.Http.HttpClient.McpClient.LogicalHandler[100]
      Start processing HTTP request GET http://docker-mcp:8000/sse
info: System.Net.Http.HttpClient.McpClient.ClientHandler[100]
      Sending HTTP request GET http://docker-mcp:8000/sse
info: System.Net.Http.HttpClient.McpClient.LogicalHandler[100]
      Start processing HTTP request GET http://mcp-arr-4k:3000/mcp
info: System.Net.Http.HttpClient.McpClient.ClientHandler[100]
      Sending HTTP request GET http://mcp-arr-4k:3000/mcp
info: System.Net.Http.HttpClient.McpClient.LogicalHandler[100]
      Start processing HTTP request GET http://mcp-arr-hd:3000/mcp
info: System.Net.Http.HttpClient.McpClient.ClientHandler[100]
      Sending HTTP request GET http://mcp-arr-hd:3000/mcp
info: System.Net.Http.HttpClient.McpClient.ClientHandler[104]
      HTTP request failed after 2.6223ms
      System.Net.Http.HttpRequestException: Name or service not known (mcp-arr-4k:3000)
       ---> System.Net.Sockets.SocketException (0xFFFDFFFF): Name or service not known
         at System.Net.Sockets.Socket.AwaitableSocketAsyncEventArgs.ThrowException(SocketError error, CancellationToken cancellationToken)
         at System.Net.Sockets.Socket.AwaitableSocketAsyncEventArgs.System.Threading.Tasks.Sources.IValueTaskSource.GetResult(Int16 token)
         at System.Net.Http.HttpConnectionPool.ConnectToTcpHostAsync(String host, Int32 port, HttpRequestMessage initialRequest, Boolean async, CancellationToken cancellationToken)
         --- End of inner exception stack trace ---
         at System.Net.Http.HttpConnectionPool.ConnectToTcpHostAsync(String host, Int32 port, HttpRequestMessage initialRequest, Boolean async, CancellationToken cancellationToken)
         at System.Net.Http.HttpConnectionPool.ConnectAsync(HttpRequestMessage request, Boolean async, CancellationToken cancellationToken)
         at System.Net.Http.HttpConnectionPool.CreateHttp11ConnectionAsync(HttpRequestMessage request, Boolean async, CancellationToken cancellationToken)
         at System.Net.Http.HttpConnectionPool.InjectNewHttp11ConnectionAsync(QueueItem queueItem)
         at System.Threading.Tasks.TaskCompletionSourceWithCancellation`1.WaitWithCancellationAsync(CancellationToken cancellationToken)
         at System.Net.Http.HttpConnectionPool.SendWithVersionDetectionAndRetryAsync(HttpRequestMessage request, Boolean async, Boolean doRequestAuth, CancellationToken cancellationToken)
         at System.Net.Http.RedirectHandler.SendAsync(HttpRequestMessage request, Boolean async, CancellationToken cancellationToken)
         at Microsoft.Extensions.Http.Logging.LoggingHttpMessageHandler.<SendCoreAsync>g__Core|4_0(HttpRequestMessage request, Boolean useAsync, CancellationToken cancellationToken)
info: System.Net.Http.HttpClient.McpClient.ClientHandler[104]
      HTTP request failed after 2.7665ms
      System.Net.Http.HttpRequestException: Name or service not known (mcp-arr-hd:3000)
       ---> System.Net.Sockets.SocketException (0xFFFDFFFF): Name or service not known
         at System.Net.Sockets.Socket.AwaitableSocketAsyncEventArgs.ThrowException(SocketError error, CancellationToken cancellationToken)
         at System.Net.Sockets.Socket.AwaitableSocketAsyncEventArgs.System.Threading.Tasks.Sources.IValueTaskSource.GetResult(Int16 token)
         at System.Net.Http.HttpConnectionPool.ConnectToTcpHostAsync(String host, Int32 port, HttpRequestMessage initialRequest, Boolean async, CancellationToken cancellationToken)
         --- End of inner exception stack trace ---
         at System.Net.Http.HttpConnectionPool.ConnectToTcpHostAsync(String host, Int32 port, HttpRequestMessage initialRequest, Boolean async, CancellationToken cancellationToken)
         at System.Net.Http.HttpConnectionPool.ConnectAsync(HttpRequestMessage request, Boolean async, CancellationToken cancellationToken)
         at System.Net.Http.HttpConnectionPool.CreateHttp11ConnectionAsync(HttpRequestMessage request, Boolean async, CancellationToken cancellationToken)
         at System.Net.Http.HttpConnectionPool.InjectNewHttp11ConnectionAsync(QueueItem queueItem)
         at System.Threading.Tasks.TaskCompletionSourceWithCancellation`1.WaitWithCancellationAsync(CancellationToken cancellationToken)
         at System.Net.Http.HttpConnectionPool.SendWithVersionDetectionAndRetryAsync(HttpRequestMessage request, Boolean async, Boolean doRequestAuth, CancellationToken cancellationToken)
         at System.Net.Http.RedirectHandler.SendAsync(HttpRequestMessage request, Boolean async, CancellationToken cancellationToken)
         at Microsoft.Extensions.Http.Logging.LoggingHttpMessageHandler.<SendCoreAsync>g__Core|4_0(HttpRequestMessage request, Boolean useAsync, CancellationToken cancellationToken)
info: System.Net.Http.HttpClient.McpClient.ClientHandler[104]
      HTTP request failed after 3.1554ms
      System.Net.Http.HttpRequestException: Name or service not known (docker-mcp:8000)
       ---> System.Net.Sockets.SocketException (0xFFFDFFFF): Name or service not known
         at System.Net.Sockets.Socket.AwaitableSocketAsyncEventArgs.ThrowException(SocketError error, CancellationToken cancellationToken)
         at System.Net.Sockets.Socket.AwaitableSocketAsyncEventArgs.System.Threading.Tasks.Sources.IValueTaskSource.GetResult(Int16 token)
         at System.Net.Http.HttpConnectionPool.ConnectToTcpHostAsync(String host, Int32 port, HttpRequestMessage initialRequest, Boolean async, CancellationToken cancellationToken)
         --- End of inner exception stack trace ---
         at System.Net.Http.HttpConnectionPool.ConnectToTcpHostAsync(String host, Int32 port, HttpRequestMessage initialRequest, Boolean async, CancellationToken cancellationToken)
         at System.Net.Http.HttpConnectionPool.ConnectAsync(HttpRequestMessage request, Boolean async, CancellationToken cancellationToken)
         at System.Net.Http.HttpConnectionPool.CreateHttp11ConnectionAsync(HttpRequestMessage request, Boolean async, CancellationToken cancellationToken)
         at System.Net.Http.HttpConnectionPool.InjectNewHttp11ConnectionAsync(QueueItem queueItem)
         at System.Threading.Tasks.TaskCompletionSourceWithCancellation`1.WaitWithCancellationAsync(CancellationToken cancellationToken)
         at System.Net.Http.HttpConnectionPool.SendWithVersionDetectionAndRetryAsync(HttpRequestMessage request, Boolean async, Boolean doRequestAuth, CancellationToken cancellationToken)
         at System.Net.Http.RedirectHandler.SendAsync(HttpRequestMessage request, Boolean async, CancellationToken cancellationToken)
         at Microsoft.Extensions.Http.Logging.LoggingHttpMessageHandler.<SendCoreAsync>g__Core|4_0(HttpRequestMessage request, Boolean useAsync, CancellationToken cancellationToken)
info: System.Net.Http.HttpClient.McpClient.LogicalHandler[104]
      HTTP request failed after 3.5924ms
      System.Net.Http.HttpRequestException: Name or service not known (mcp-arr-4k:3000)
       ---> System.Net.Sockets.SocketException (0xFFFDFFFF): Name or service not known
         at System.Net.Sockets.Socket.AwaitableSocketAsyncEventArgs.ThrowException(SocketError error, CancellationToken cancellationToken)
         at System.Net.Sockets.Socket.AwaitableSocketAsyncEventArgs.System.Threading.Tasks.Sources.IValueTaskSource.GetResult(Int16 token)
         at System.Net.Http.HttpConnectionPool.ConnectToTcpHostAsync(String host, Int32 port, HttpRequestMessage initialRequest, Boolean async, CancellationToken cancellationToken)
         --- End of inner exception stack trace ---
         at System.Net.Http.HttpConnectionPool.ConnectToTcpHostAsync(String host, Int32 port, HttpRequestMessage initialRequest, Boolean async, CancellationToken cancellationToken)
         at System.Net.Http.HttpConnectionPool.ConnectAsync(HttpRequestMessage request, Boolean async, CancellationToken cancellationToken)
         at System.Net.Http.HttpConnectionPool.CreateHttp11ConnectionAsync(HttpRequestMessage request, Boolean async, CancellationToken cancellationToken)
         at System.Net.Http.HttpConnectionPool.InjectNewHttp11ConnectionAsync(QueueItem queueItem)
         at System.Threading.Tasks.TaskCompletionSourceWithCancellation`1.WaitWithCancellationAsync(CancellationToken cancellationToken)
         at System.Net.Http.HttpConnectionPool.SendWithVersionDetectionAndRetryAsync(HttpRequestMessage request, Boolean async, Boolean doRequestAuth, CancellationToken cancellationToken)
         at System.Net.Http.RedirectHandler.SendAsync(HttpRequestMessage request, Boolean async, CancellationToken cancellationToken)
         at Microsoft.Extensions.Http.Logging.LoggingHttpMessageHandler.<SendCoreAsync>g__Core|4_0(HttpRequestMessage request, Boolean useAsync, CancellationToken cancellationToken)
         at Microsoft.Extensions.Http.Logging.LoggingScopeHttpMessageHandler.<SendCoreAsync>g__Core|4_0(HttpRequestMessage request, Boolean useAsync, CancellationToken cancellationToken)
info: System.Net.Http.HttpClient.McpClient.LogicalHandler[104]
      HTTP request failed after 3.647ms
      System.Net.Http.HttpRequestException: Name or service not known (mcp-arr-hd:3000)
       ---> System.Net.Sockets.SocketException (0xFFFDFFFF): Name or service not known
         at System.Net.Sockets.Socket.AwaitableSocketAsyncEventArgs.ThrowException(SocketError error, CancellationToken cancellationToken)
         at System.Net.Sockets.Socket.AwaitableSocketAsyncEventArgs.System.Threading.Tasks.Sources.IValueTaskSource.GetResult(Int16 token)
         at System.Net.Http.HttpConnectionPool.ConnectToTcpHostAsync(String host, Int32 port, HttpRequestMessage initialRequest, Boolean async, CancellationToken cancellationToken)
         --- End of inner exception stack trace ---
         at System.Net.Http.HttpConnectionPool.ConnectToTcpHostAsync(String host, Int32 port, HttpRequestMessage initialRequest, Boolean async, CancellationToken cancellationToken)
         at System.Net.Http.HttpConnectionPool.ConnectAsync(HttpRequestMessage request, Boolean async, CancellationToken cancellationToken)
         at System.Net.Http.HttpConnectionPool.CreateHttp11ConnectionAsync(HttpRequestMessage request, Boolean async, CancellationToken cancellationToken)
         at System.Net.Http.HttpConnectionPool.InjectNewHttp11ConnectionAsync(QueueItem queueItem)
         at System.Threading.Tasks.TaskCompletionSourceWithCancellation`1.WaitWithCancellationAsync(CancellationToken cancellationToken)
         at System.Net.Http.HttpConnectionPool.SendWithVersionDetectionAndRetryAsync(HttpRequestMessage request, Boolean async, Boolean doRequestAuth, CancellationToken cancellationToken)
         at System.Net.Http.RedirectHandler.SendAsync(HttpRequestMessage request, Boolean async, CancellationToken cancellationToken)
         at Microsoft.Extensions.Http.Logging.LoggingHttpMessageHandler.<SendCoreAsync>g__Core|4_0(HttpRequestMessage request, Boolean useAsync, CancellationToken cancellationToken)
         at Microsoft.Extensions.Http.Logging.LoggingScopeHttpMessageHandler.<SendCoreAsync>g__Core|4_0(HttpRequestMessage request, Boolean useAsync, CancellationToken cancellationToken)
info: System.Net.Http.HttpClient.McpClient.LogicalHandler[104]
      HTTP request failed after 4.1276ms
      System.Net.Http.HttpRequestException: Name or service not known (docker-mcp:8000)
       ---> System.Net.Sockets.SocketException (0xFFFDFFFF): Name or service not known
         at System.Net.Sockets.Socket.AwaitableSocketAsyncEventArgs.ThrowException(SocketError error, CancellationToken cancellationToken)
         at System.Net.Sockets.Socket.AwaitableSocketAsyncEventArgs.System.Threading.Tasks.Sources.IValueTaskSource.GetResult(Int16 token)
         at System.Net.Http.HttpConnectionPool.ConnectToTcpHostAsync(String host, Int32 port, HttpRequestMessage initialRequest, Boolean async, CancellationToken cancellationToken)
         --- End of inner exception stack trace ---
         at System.Net.Http.HttpConnectionPool.ConnectToTcpHostAsync(String host, Int32 port, HttpRequestMessage initialRequest, Boolean async, CancellationToken cancellationToken)
         at System.Net.Http.HttpConnectionPool.ConnectAsync(HttpRequestMessage request, Boolean async, CancellationToken cancellationToken)
         at System.Net.Http.HttpConnectionPool.CreateHttp11ConnectionAsync(HttpRequestMessage request, Boolean async, CancellationToken cancellationToken)
         at System.Net.Http.HttpConnectionPool.InjectNewHttp11ConnectionAsync(QueueItem queueItem)
         at System.Threading.Tasks.TaskCompletionSourceWithCancellation`1.WaitWithCancellationAsync(CancellationToken cancellationToken)
         at System.Net.Http.HttpConnectionPool.SendWithVersionDetectionAndRetryAsync(HttpRequestMessage request, Boolean async, Boolean doRequestAuth, CancellationToken cancellationToken)
         at System.Net.Http.RedirectHandler.SendAsync(HttpRequestMessage request, Boolean async, CancellationToken cancellationToken)
         at Microsoft.Extensions.Http.Logging.LoggingHttpMessageHandler.<SendCoreAsync>g__Core|4_0(HttpRequestMessage request, Boolean useAsync, CancellationToken cancellationToken)
         at Microsoft.Extensions.Http.Logging.LoggingScopeHttpMessageHandler.<SendCoreAsync>g__Core|4_0(HttpRequestMessage request, Boolean useAsync, CancellationToken cancellationToken)
info: Microsoft.EntityFrameworkCore.Database.Command[20101]
      Executed DbCommand (0ms) [Parameters=[], CommandType='Text', CommandTimeout='30']
      SELECT "s"."Id", "s"."ApiKey", "s"."AuthShape", "s"."AutoDiscovered", "s"."Categories", "s"."CustomHeaderName", "s"."DisplayName", "s"."Enabled", "s"."HeadersJson", "s"."Hidden", "s"."SecretItemKey", "s"."SecretProvider", "s"."Type", "s"."Url"
      FROM "Servers" AS "s"
      WHERE "s"."AutoDiscovered"
info: Microsoft.EntityFrameworkCore.Database.Command[20101]
      Executed DbCommand (0ms) [Parameters=[], CommandType='Text', CommandTimeout='30']
      SELECT "s"."Id", "s"."ApiKey", "s"."AuthShape", "s"."AutoDiscovered", "s"."Categories", "s"."CustomHeaderName", "s"."DisplayName", "s"."Enabled", "s"."HeadersJson", "s"."Hidden", "s"."SecretItemKey", "s"."SecretProvider", "s"."Type", "s"."Url"
      FROM "Servers" AS "s"
      WHERE "s"."Enabled"
info: System.Net.Http.HttpClient.McpClient.LogicalHandler[100]
      Start processing HTTP request GET http://docker-mcp:8000/sse
info: System.Net.Http.HttpClient.McpClient.ClientHandler[100]
      Sending HTTP request GET http://docker-mcp:8000/sse
info: System.Net.Http.HttpClient.McpClient.LogicalHandler[100]
      Start processing HTTP request GET http://mcp-arr-4k:3000/mcp
info: System.Net.Http.HttpClient.McpClient.ClientHandler[100]
      Sending HTTP request GET http://mcp-arr-4k:3000/mcp
info: System.Net.Http.HttpClient.McpClient.LogicalHandler[100]
      Start processing HTTP request GET http://mcp-arr-hd:3000/mcp
info: System.Net.Http.HttpClient.McpClient.ClientHandler[100]
      Sending HTTP request GET http://mcp-arr-hd:3000/mcp
info: System.Net.Http.HttpClient.McpClient.ClientHandler[104]
      HTTP request failed after 1.8073ms
      System.Net.Http.HttpRequestException: Name or service not known (mcp-arr-hd:3000)
       ---> System.Net.Sockets.SocketException (0xFFFDFFFF): Name or service not known
         at System.Net.Sockets.Socket.AwaitableSocketAsyncEventArgs.ThrowException(SocketError error, CancellationToken cancellationToken)
         at System.Net.Sockets.Socket.AwaitableSocketAsyncEventArgs.System.Threading.Tasks.Sources.IValueTaskSource.GetResult(Int16 token)
         at System.Net.Http.HttpConnectionPool.ConnectToTcpHostAsync(String host, Int32 port, HttpRequestMessage initialRequest, Boolean async, CancellationToken cancellationToken)
         --- End of inner exception stack trace ---
         at System.Net.Http.HttpConnectionPool.ConnectToTcpHostAsync(String host, Int32 port, HttpRequestMessage initialRequest, Boolean async, CancellationToken cancellationToken)
         at System.Net.Http.HttpConnectionPool.ConnectAsync(HttpRequestMessage request, Boolean async, CancellationToken cancellationToken)
         at System.Net.Http.HttpConnectionPool.CreateHttp11ConnectionAsync(HttpRequestMessage request, Boolean async, CancellationToken cancellationToken)
         at System.Net.Http.HttpConnectionPool.InjectNewHttp11ConnectionAsync(QueueItem queueItem)
         at System.Threading.Tasks.TaskCompletionSourceWithCancellation`1.WaitWithCancellationAsync(CancellationToken cancellationToken)
         at System.Net.Http.HttpConnectionPool.SendWithVersionDetectionAndRetryAsync(HttpRequestMessage request, Boolean async, Boolean doRequestAuth, CancellationToken cancellationToken)
         at System.Net.Http.RedirectHandler.SendAsync(HttpRequestMessage request, Boolean async, CancellationToken cancellationToken)
         at Microsoft.Extensions.Http.Logging.LoggingHttpMessageHandler.<SendCoreAsync>g__Core|4_0(HttpRequestMessage request, Boolean useAsync, CancellationToken cancellationToken)
info: System.Net.Http.HttpClient.McpClient.ClientHandler[104]
      HTTP request failed after 1.9885ms
      System.Net.Http.HttpRequestException: Name or service not known (mcp-arr-4k:3000)
       ---> System.Net.Sockets.SocketException (0xFFFDFFFF): Name or service not known
         at System.Net.Sockets.Socket.AwaitableSocketAsyncEventArgs.ThrowException(SocketError error, CancellationToken cancellationToken)
         at System.Net.Sockets.Socket.AwaitableSocketAsyncEventArgs.System.Threading.Tasks.Sources.IValueTaskSource.GetResult(Int16 token)
         at System.Net.Http.HttpConnectionPool.ConnectToTcpHostAsync(String host, Int32 port, HttpRequestMessage initialRequest, Boolean async, CancellationToken cancellationToken)
         --- End of inner exception stack trace ---
         at System.Net.Http.HttpConnectionPool.ConnectToTcpHostAsync(String host, Int32 port, HttpRequestMessage initialRequest, Boolean async, CancellationToken cancellationToken)
         at System.Net.Http.HttpConnectionPool.ConnectAsync(HttpRequestMessage request, Boolean async, CancellationToken cancellationToken)
         at System.Net.Http.HttpConnectionPool.CreateHttp11ConnectionAsync(HttpRequestMessage request, Boolean async, CancellationToken cancellationToken)
         at System.Net.Http.HttpConnectionPool.InjectNewHttp11ConnectionAsync(QueueItem queueItem)
         at System.Threading.Tasks.TaskCompletionSourceWithCancellation`1.WaitWithCancellationAsync(CancellationToken cancellationToken)
         at System.Net.Http.HttpConnectionPool.SendWithVersionDetectionAndRetryAsync(HttpRequestMessage request, Boolean async, Boolean doRequestAuth, CancellationToken cancellationToken)
         at System.Net.Http.RedirectHandler.SendAsync(HttpRequestMessage request, Boolean async, CancellationToken cancellationToken)
         at Microsoft.Extensions.Http.Logging.LoggingHttpMessageHandler.<SendCoreAsync>g__Core|4_0(HttpRequestMessage request, Boolean useAsync, CancellationToken cancellationToken)
info: System.Net.Http.HttpClient.McpClient.ClientHandler[104]
      HTTP request failed after 2.1893ms
      System.Net.Http.HttpRequestException: Name or service not known (docker-mcp:8000)
       ---> System.Net.Sockets.SocketException (0xFFFDFFFF): Name or service not known
         at System.Net.Sockets.Socket.AwaitableSocketAsyncEventArgs.ThrowException(SocketError error, CancellationToken cancellationToken)
         at System.Net.Sockets.Socket.AwaitableSocketAsyncEventArgs.System.Threading.Tasks.Sources.IValueTaskSource.GetResult(Int16 token)
         at System.Net.Http.HttpConnectionPool.ConnectToTcpHostAsync(String host, Int32 port, HttpRequestMessage initialRequest, Boolean async, CancellationToken cancellationToken)
         --- End of inner exception stack trace ---
         at System.Net.Http.HttpConnectionPool.ConnectToTcpHostAsync(String host, Int32 port, HttpRequestMessage initialRequest, Boolean async, CancellationToken cancellationToken)
         at System.Net.Http.HttpConnectionPool.ConnectAsync(HttpRequestMessage request, Boolean async, CancellationToken cancellationToken)
         at System.Net.Http.HttpConnectionPool.CreateHttp11ConnectionAsync(HttpRequestMessage request, Boolean async, CancellationToken cancellationToken)
         at System.Net.Http.HttpConnectionPool.InjectNewHttp11ConnectionAsync(QueueItem queueItem)
         at System.Threading.Tasks.TaskCompletionSourceWithCancellation`1.WaitWithCancellationAsync(CancellationToken cancellationToken)
         at System.Net.Http.HttpConnectionPool.SendWithVersionDetectionAndRetryAsync(HttpRequestMessage request, Boolean async, Boolean doRequestAuth, CancellationToken cancellationToken)
         at System.Net.Http.RedirectHandler.SendAsync(HttpRequestMessage request, Boolean async, CancellationToken cancellationToken)
         at Microsoft.Extensions.Http.Logging.LoggingHttpMessageHandler.<SendCoreAsync>g__Core|4_0(HttpRequestMessage request, Boolean useAsync, CancellationToken cancellationToken)
info: System.Net.Http.HttpClient.McpClient.LogicalHandler[104]
      HTTP request failed after 2.7862ms
      System.Net.Http.HttpRequestException: Name or service not known (mcp-arr-4k:3000)
       ---> System.Net.Sockets.SocketException (0xFFFDFFFF): Name or service not known
         at System.Net.Sockets.Socket.AwaitableSocketAsyncEventArgs.ThrowException(SocketError error, CancellationToken cancellationToken)
         at System.Net.Sockets.Socket.AwaitableSocketAsyncEventArgs.System.Threading.Tasks.Sources.IValueTaskSource.GetResult(Int16 token)
         at System.Net.Http.HttpConnectionPool.ConnectToTcpHostAsync(String host, Int32 port, HttpRequestMessage initialRequest, Boolean async, CancellationToken cancellationToken)
         --- End of inner exception stack trace ---
         at System.Net.Http.HttpConnectionPool.ConnectToTcpHostAsync(String host, Int32 port, HttpRequestMessage initialRequest, Boolean async, CancellationToken cancellationToken)
         at System.Net.Http.HttpConnectionPool.ConnectAsync(HttpRequestMessage request, Boolean async, CancellationToken cancellationToken)
         at System.Net.Http.HttpConnectionPool.CreateHttp11ConnectionAsync(HttpRequestMessage request, Boolean async, CancellationToken cancellationToken)
         at System.Net.Http.HttpConnectionPool.InjectNewHttp11ConnectionAsync(QueueItem queueItem)
         at System.Threading.Tasks.TaskCompletionSourceWithCancellation`1.WaitWithCancellationAsync(CancellationToken cancellationToken)
         at System.Net.Http.HttpConnectionPool.SendWithVersionDetectionAndRetryAsync(HttpRequestMessage request, Boolean async, Boolean doRequestAuth, CancellationToken cancellationToken)
         at System.Net.Http.RedirectHandler.SendAsync(HttpRequestMessage request, Boolean async, CancellationToken cancellationToken)
         at Microsoft.Extensions.Http.Logging.LoggingHttpMessageHandler.<SendCoreAsync>g__Core|4_0(HttpRequestMessage request, Boolean useAsync, CancellationToken cancellationToken)
         at Microsoft.Extensions.Http.Logging.LoggingScopeHttpMessageHandler.<SendCoreAsync>g__Core|4_0(HttpRequestMessage request, Boolean useAsync, CancellationToken cancellationToken)
info: System.Net.Http.HttpClient.McpClient.LogicalHandler[104]
      HTTP request failed after 3.3351ms
      System.Net.Http.HttpRequestException: Name or service not known (docker-mcp:8000)
       ---> System.Net.Sockets.SocketException (0xFFFDFFFF): Name or service not known
         at System.Net.Sockets.Socket.AwaitableSocketAsyncEventArgs.ThrowException(SocketError error, CancellationToken cancellationToken)
         at System.Net.Sockets.Socket.AwaitableSocketAsyncEventArgs.System.Threading.Tasks.Sources.IValueTaskSource.GetResult(Int16 token)
         at System.Net.Http.HttpConnectionPool.ConnectToTcpHostAsync(String host, Int32 port, HttpRequestMessage initialRequest, Boolean async, CancellationToken cancellationToken)
         --- End of inner exception stack trace ---
         at System.Net.Http.HttpConnectionPool.ConnectToTcpHostAsync(String host, Int32 port, HttpRequestMessage initialRequest, Boolean async, CancellationToken cancellationToken)
         at System.Net.Http.HttpConnectionPool.ConnectAsync(HttpRequestMessage request, Boolean async, CancellationToken cancellationToken)
         at System.Net.Http.HttpConnectionPool.CreateHttp11ConnectionAsync(HttpRequestMessage request, Boolean async, CancellationToken cancellationToken)
         at System.Net.Http.HttpConnectionPool.InjectNewHttp11ConnectionAsync(QueueItem queueItem)
         at System.Threading.Tasks.TaskCompletionSourceWithCancellation`1.WaitWithCancellationAsync(CancellationToken cancellationToken)
         at System.Net.Http.HttpConnectionPool.SendWithVersionDetectionAndRetryAsync(HttpRequestMessage request, Boolean async, Boolean doRequestAuth, CancellationToken cancellationToken)
         at System.Net.Http.RedirectHandler.SendAsync(HttpRequestMessage request, Boolean async, CancellationToken cancellationToken)
         at Microsoft.Extensions.Http.Logging.LoggingHttpMessageHandler.<SendCoreAsync>g__Core|4_0(HttpRequestMessage request, Boolean useAsync, CancellationToken cancellationToken)
         at Microsoft.Extensions.Http.Logging.LoggingScopeHttpMessageHandler.<SendCoreAsync>g__Core|4_0(HttpRequestMessage request, Boolean useAsync, CancellationToken cancellationToken)
info: System.Net.Http.HttpClient.McpClient.LogicalHandler[104]
      HTTP request failed after 2.8218ms
      System.Net.Http.HttpRequestException: Name or service not known (mcp-arr-hd:3000)
       ---> System.Net.Sockets.SocketException (0xFFFDFFFF): Name or service not known
         at System.Net.Sockets.Socket.AwaitableSocketAsyncEventArgs.ThrowException(SocketError error, CancellationToken cancellationToken)
         at System.Net.Sockets.Socket.AwaitableSocketAsyncEventArgs.System.Threading.Tasks.Sources.IValueTaskSource.GetResult(Int16 token)
         at System.Net.Http.HttpConnectionPool.ConnectToTcpHostAsync(String host, Int32 port, HttpRequestMessage initialRequest, Boolean async, CancellationToken cancellationToken)
         --- End of inner exception stack trace ---
         at System.Net.Http.HttpConnectionPool.ConnectToTcpHostAsync(String host, Int32 port, HttpRequestMessage initialRequest, Boolean async, CancellationToken cancellationToken)
         at System.Net.Http.HttpConnectionPool.ConnectAsync(HttpRequestMessage request, Boolean async, CancellationToken cancellationToken)
         at System.Net.Http.HttpConnectionPool.CreateHttp11ConnectionAsync(HttpRequestMessage request, Boolean async, CancellationToken cancellationToken)
         at System.Net.Http.HttpConnectionPool.InjectNewHttp11ConnectionAsync(QueueItem queueItem)
         at System.Threading.Tasks.TaskCompletionSourceWithCancellation`1.WaitWithCancellationAsync(CancellationToken cancellationToken)
         at System.Net.Http.HttpConnectionPool.SendWithVersionDetectionAndRetryAsync(HttpRequestMessage request, Boolean async, Boolean doRequestAuth, CancellationToken cancellationToken)
         at System.Net.Http.RedirectHandler.SendAsync(HttpRequestMessage request, Boolean async, CancellationToken cancellationToken)
         at Microsoft.Extensions.Http.Logging.LoggingHttpMessageHandler.<SendCoreAsync>g__Core|4_0(HttpRequestMessage request, Boolean useAsync, CancellationToken cancellationToken)
         at Microsoft.Extensions.Http.Logging.LoggingScopeHttpMessageHandler.<SendCoreAsync>g__Core|4_0(HttpRequestMessage request, Boolean useAsync, CancellationToken cancellationToken)
info: Microsoft.EntityFrameworkCore.Database.Command[20101]
      Executed DbCommand (0ms) [Parameters=[], CommandType='Text', CommandTimeout='30']
      SELECT "s"."Id", "s"."ApiKey", "s"."AuthShape", "s"."AutoDiscovered", "s"."Categories", "s"."CustomHeaderName", "s"."DisplayName", "s"."Enabled", "s"."HeadersJson", "s"."Hidden", "s"."SecretItemKey", "s"."SecretProvider", "s"."Type", "s"."Url"
      FROM "Servers" AS "s"
      WHERE "s"."AutoDiscovered"
info: Microsoft.EntityFrameworkCore.Database.Command[20101]
      Executed DbCommand (0ms) [Parameters=[], CommandType='Text', CommandTimeout='30']
      SELECT "s"."Id", "s"."ApiKey", "s"."AuthShape", "s"."AutoDiscovered", "s"."Categories", "s"."CustomHeaderName", "s"."DisplayName", "s"."Enabled", "s"."HeadersJson", "s"."Hidden", "s"."SecretItemKey", "s"."SecretProvider", "s"."Type", "s"."Url"
      FROM "Servers" AS "s"
      WHERE "s"."Enabled"
info: System.Net.Http.HttpClient.McpClient.LogicalHandler[100]
      Start processing HTTP request GET http://docker-mcp:8000/sse
info: System.Net.Http.HttpClient.McpClient.ClientHandler[100]
      Sending HTTP request GET http://docker-mcp:8000/sse
info: System.Net.Http.HttpClient.McpClient.LogicalHandler[100]
      Start processing HTTP request GET http://mcp-arr-4k:3000/mcp
info: System.Net.Http.HttpClient.McpClient.ClientHandler[100]
      Sending HTTP request GET http://mcp-arr-4k:3000/mcp
info: System.Net.Http.HttpClient.McpClient.LogicalHandler[100]
      Start processing HTTP request GET http://mcp-arr-hd:3000/mcp
info: System.Net.Http.HttpClient.McpClient.ClientHandler[100]
      Sending HTTP request GET http://mcp-arr-hd:3000/mcp
info: System.Net.Http.HttpClient.McpClient.ClientHandler[104]
      HTTP request failed after 3.292ms
      System.Net.Http.HttpRequestException: Name or service not known (docker-mcp:8000)
       ---> System.Net.Sockets.SocketException (0xFFFDFFFF): Name or service not known
         at System.Net.Sockets.Socket.AwaitableSocketAsyncEventArgs.ThrowException(SocketError error, CancellationToken cancellationToken)
         at System.Net.Sockets.Socket.AwaitableSocketAsyncEventArgs.System.Threading.Tasks.Sources.IValueTaskSource.GetResult(Int16 token)
         at System.Net.Http.HttpConnectionPool.ConnectToTcpHostAsync(String host, Int32 port, HttpRequestMessage initialRequest, Boolean async, CancellationToken cancellationToken)
         --- End of inner exception stack trace ---
         at System.Net.Http.HttpConnectionPool.ConnectToTcpHostAsync(String host, Int32 port, HttpRequestMessage initialRequest, Boolean async, CancellationToken cancellationToken)
         at System.Net.Http.HttpConnectionPool.ConnectAsync(HttpRequestMessage request, Boolean async, CancellationToken cancellationToken)
         at System.Net.Http.HttpConnectionPool.CreateHttp11ConnectionAsync(HttpRequestMessage request, Boolean async, CancellationToken cancellationToken)
         at System.Net.Http.HttpConnectionPool.InjectNewHttp11ConnectionAsync(QueueItem queueItem)
         at System.Threading.Tasks.TaskCompletionSourceWithCancellation`1.WaitWithCancellationAsync(CancellationToken cancellationToken)
         at System.Net.Http.HttpConnectionPool.SendWithVersionDetectionAndRetryAsync(HttpRequestMessage request, Boolean async, Boolean doRequestAuth, CancellationToken cancellationToken)
         at System.Net.Http.RedirectHandler.SendAsync(HttpRequestMessage request, Boolean async, CancellationToken cancellationToken)
         at Microsoft.Extensions.Http.Logging.LoggingHttpMessageHandler.<SendCoreAsync>g__Core|4_0(HttpRequestMessage request, Boolean useAsync, CancellationToken cancellationToken)
info: System.Net.Http.HttpClient.McpClient.LogicalHandler[104]
      HTTP request failed after 4.5427ms
      System.Net.Http.HttpRequestException: Name or service not known (docker-mcp:8000)
       ---> System.Net.Sockets.SocketException (0xFFFDFFFF): Name or service not known
         at System.Net.Sockets.Socket.AwaitableSocketAsyncEventArgs.ThrowException(SocketError error, CancellationToken cancellationToken)
         at System.Net.Sockets.Socket.AwaitableSocketAsyncEventArgs.System.Threading.Tasks.Sources.IValueTaskSource.GetResult(Int16 token)
         at System.Net.Http.HttpConnectionPool.ConnectToTcpHostAsync(String host, Int32 port, HttpRequestMessage initialRequest, Boolean async, CancellationToken cancellationToken)
         --- End of inner exception stack trace ---
         at System.Net.Http.HttpConnectionPool.ConnectToTcpHostAsync(String host, Int32 port, HttpRequestMessage initialRequest, Boolean async, CancellationToken cancellationToken)
         at System.Net.Http.HttpConnectionPool.ConnectAsync(HttpRequestMessage request, Boolean async, CancellationToken cancellationToken)
         at System.Net.Http.HttpConnectionPool.CreateHttp11ConnectionAsync(HttpRequestMessage request, Boolean async, CancellationToken cancellationToken)
         at System.Net.Http.HttpConnectionPool.InjectNewHttp11ConnectionAsync(QueueItem queueItem)
         at System.Threading.Tasks.TaskCompletionSourceWithCancellation`1.WaitWithCancellationAsync(CancellationToken cancellationToken)
         at System.Net.Http.HttpConnectionPool.SendWithVersionDetectionAndRetryAsync(HttpRequestMessage request, Boolean async, Boolean doRequestAuth, CancellationToken cancellationToken)
         at System.Net.Http.RedirectHandler.SendAsync(HttpRequestMessage request, Boolean async, CancellationToken cancellationToken)
         at Microsoft.Extensions.Http.Logging.LoggingHttpMessageHandler.<SendCoreAsync>g__Core|4_0(HttpRequestMessage request, Boolean useAsync, CancellationToken cancellationToken)
         at Microsoft.Extensions.Http.Logging.LoggingScopeHttpMessageHandler.<SendCoreAsync>g__Core|4_0(HttpRequestMessage request, Boolean useAsync, CancellationToken cancellationToken)
info: System.Net.Http.HttpClient.McpClient.ClientHandler[104]
      HTTP request failed after 2.9929ms
      System.Net.Http.HttpRequestException: Name or service not known (mcp-arr-hd:3000)
       ---> System.Net.Sockets.SocketException (0xFFFDFFFF): Name or service not known
         at System.Net.Sockets.Socket.AwaitableSocketAsyncEventArgs.ThrowException(SocketError error, CancellationToken cancellationToken)
         at System.Net.Sockets.Socket.AwaitableSocketAsyncEventArgs.System.Threading.Tasks.Sources.IValueTaskSource.GetResult(Int16 token)
         at System.Net.Http.HttpConnectionPool.ConnectToTcpHostAsync(String host, Int32 port, HttpRequestMessage initialRequest, Boolean async, CancellationToken cancellationToken)
         --- End of inner exception stack trace ---
         at System.Net.Http.HttpConnectionPool.ConnectToTcpHostAsync(String host, Int32 port, HttpRequestMessage initialRequest, Boolean async, CancellationToken cancellationToken)
         at System.Net.Http.HttpConnectionPool.ConnectAsync(HttpRequestMessage request, Boolean async, CancellationToken cancellationToken)
         at System.Net.Http.HttpConnectionPool.CreateHttp11ConnectionAsync(HttpRequestMessage request, Boolean async, CancellationToken cancellationToken)
         at System.Net.Http.HttpConnectionPool.InjectNewHttp11ConnectionAsync(QueueItem queueItem)
         at System.Threading.Tasks.TaskCompletionSourceWithCancellation`1.WaitWithCancellationAsync(CancellationToken cancellationToken)
         at System.Net.Http.HttpConnectionPool.SendWithVersionDetectionAndRetryAsync(HttpRequestMessage request, Boolean async, Boolean doRequestAuth, CancellationToken cancellationToken)
         at System.Net.Http.RedirectHandler.SendAsync(HttpRequestMessage request, Boolean async, CancellationToken cancellationToken)
         at Microsoft.Extensions.Http.Logging.LoggingHttpMessageHandler.<SendCoreAsync>g__Core|4_0(HttpRequestMessage request, Boolean useAsync, CancellationToken cancellationToken)
info: System.Net.Http.HttpClient.McpClient.LogicalHandler[104]
      HTTP request failed after 9.499ms
      System.Net.Http.HttpRequestException: Name or service not known (mcp-arr-hd:3000)
       ---> System.Net.Sockets.SocketException (0xFFFDFFFF): Name or service not known
         at System.Net.Sockets.Socket.AwaitableSocketAsyncEventArgs.ThrowException(SocketError error, CancellationToken cancellationToken)
         at System.Net.Sockets.Socket.AwaitableSocketAsyncEventArgs.System.Threading.Tasks.Sources.IValueTaskSource.GetResult(Int16 token)
         at System.Net.Http.HttpConnectionPool.ConnectToTcpHostAsync(String host, Int32 port, HttpRequestMessage initialRequest, Boolean async, CancellationToken cancellationToken)
         --- End of inner exception stack trace ---
         at System.Net.Http.HttpConnectionPool.ConnectToTcpHostAsync(String host, Int32 port, HttpRequestMessage initialRequest, Boolean async, CancellationToken cancellationToken)
         at System.Net.Http.HttpConnectionPool.ConnectAsync(HttpRequestMessage request, Boolean async, CancellationToken cancellationToken)
         at System.Net.Http.HttpConnectionPool.CreateHttp11ConnectionAsync(HttpRequestMessage request, Boolean async, CancellationToken cancellationToken)
         at System.Net.Http.HttpConnectionPool.InjectNewHttp11ConnectionAsync(QueueItem queueItem)
         at System.Threading.Tasks.TaskCompletionSourceWithCancellation`1.WaitWithCancellationAsync(CancellationToken cancellationToken)
         at System.Net.Http.HttpConnectionPool.SendWithVersionDetectionAndRetryAsync(HttpRequestMessage request, Boolean async, Boolean doRequestAuth, CancellationToken cancellationToken)
         at System.Net.Http.RedirectHandler.SendAsync(HttpRequestMessage request, Boolean async, CancellationToken cancellationToken)
         at Microsoft.Extensions.Http.Logging.LoggingHttpMessageHandler.<SendCoreAsync>g__Core|4_0(HttpRequestMessage request, Boolean useAsync, CancellationToken cancellationToken)
         at Microsoft.Extensions.Http.Logging.LoggingScopeHttpMessageHandler.<SendCoreAsync>g__Core|4_0(HttpRequestMessage request, Boolean useAsync, CancellationToken cancellationToken)
info: System.Net.Http.HttpClient.McpClient.ClientHandler[104]
      HTTP request failed after 9.5006ms
      System.Net.Http.HttpRequestException: Name or service not known (mcp-arr-4k:3000)
       ---> System.Net.Sockets.SocketException (0xFFFDFFFF): Name or service not known
         at System.Net.Sockets.Socket.AwaitableSocketAsyncEventArgs.ThrowException(SocketError error, CancellationToken cancellationToken)
         at System.Net.Sockets.Socket.AwaitableSocketAsyncEventArgs.System.Threading.Tasks.Sources.IValueTaskSource.GetResult(Int16 token)
         at System.Net.Http.HttpConnectionPool.ConnectToTcpHostAsync(String host, Int32 port, HttpRequestMessage initialRequest, Boolean async, CancellationToken cancellationToken)
         --- End of inner exception stack trace ---
         at System.Net.Http.HttpConnectionPool.ConnectToTcpHostAsync(String host, Int32 port, HttpRequestMessage initialRequest, Boolean async, CancellationToken cancellationToken)
         at System.Net.Http.HttpConnectionPool.ConnectAsync(HttpRequestMessage request, Boolean async, CancellationToken cancellationToken)
         at System.Net.Http.HttpConnectionPool.CreateHttp11ConnectionAsync(HttpRequestMessage request, Boolean async, CancellationToken cancellationToken)
         at System.Net.Http.HttpConnectionPool.InjectNewHttp11ConnectionAsync(QueueItem queueItem)
         at System.Threading.Tasks.TaskCompletionSourceWithCancellation`1.WaitWithCancellationAsync(CancellationToken cancellationToken)
         at System.Net.Http.HttpConnectionPool.SendWithVersionDetectionAndRetryAsync(HttpRequestMessage request, Boolean async, Boolean doRequestAuth, CancellationToken cancellationToken)
         at System.Net.Http.RedirectHandler.SendAsync(HttpRequestMessage request, Boolean async, CancellationToken cancellationToken)
         at Microsoft.Extensions.Http.Logging.LoggingHttpMessageHandler.<SendCoreAsync>g__Core|4_0(HttpRequestMessage request, Boolean useAsync, CancellationToken cancellationToken)
info: System.Net.Http.HttpClient.McpClient.LogicalHandler[104]
      HTTP request failed after 10.6007ms
      System.Net.Http.HttpRequestException: Name or service not known (mcp-arr-4k:3000)
       ---> System.Net.Sockets.SocketException (0xFFFDFFFF): Name or service not known
         at System.Net.Sockets.Socket.AwaitableSocketAsyncEventArgs.ThrowException(SocketError error, CancellationToken cancellationToken)
         at System.Net.Sockets.Socket.AwaitableSocketAsyncEventArgs.System.Threading.Tasks.Sources.IValueTaskSource.GetResult(Int16 token)
         at System.Net.Http.HttpConnectionPool.ConnectToTcpHostAsync(String host, Int32 port, HttpRequestMessage initialRequest, Boolean async, CancellationToken cancellationToken)
         --- End of inner exception stack trace ---
         at System.Net.Http.HttpConnectionPool.ConnectToTcpHostAsync(String host, Int32 port, HttpRequestMessage initialRequest, Boolean async, CancellationToken cancellationToken)
         at System.Net.Http.HttpConnectionPool.ConnectAsync(HttpRequestMessage request, Boolean async, CancellationToken cancellationToken)
         at System.Net.Http.HttpConnectionPool.CreateHttp11ConnectionAsync(HttpRequestMessage request, Boolean async, CancellationToken cancellationToken)
         at System.Net.Http.HttpConnectionPool.InjectNewHttp11ConnectionAsync(QueueItem queueItem)
         at System.Threading.Tasks.TaskCompletionSourceWithCancellation`1.WaitWithCancellationAsync(CancellationToken cancellationToken)
         at System.Net.Http.HttpConnectionPool.SendWithVersionDetectionAndRetryAsync(HttpRequestMessage request, Boolean async, Boolean doRequestAuth, CancellationToken cancellationToken)
         at System.Net.Http.RedirectHandler.SendAsync(HttpRequestMessage request, Boolean async, CancellationToken cancellationToken)
         at Microsoft.Extensions.Http.Logging.LoggingHttpMessageHandler.<SendCoreAsync>g__Core|4_0(HttpRequestMessage request, Boolean useAsync, CancellationToken cancellationToken)
         at Microsoft.Extensions.Http.Logging.LoggingScopeHttpMessageHandler.<SendCoreAsync>g__Core|4_0(HttpRequestMessage request, Boolean useAsync, CancellationToken cancellationToken)
info: Microsoft.AspNetCore.Hosting.Diagnostics[1]
      Request starting HTTP/1.1 GET http://localhost:5000/health - - -
info: Program[0]
      Incoming request: GET /health from ::1. Body: . Headers: Accept: */* | Host: localhost:5000 | User-Agent: curl/8.5.0
info: Microsoft.AspNetCore.Routing.EndpointMiddleware[0]
      Executing endpoint 'HTTP: GET /health'
info: Microsoft.AspNetCore.Http.Result.OkObjectResult[1]
      Setting HTTP status code 200.
info: Microsoft.AspNetCore.Http.Result.OkObjectResult[3]
      Writing value of type '<>f__AnonymousType52`3' as Json.
info: Microsoft.AspNetCore.Routing.EndpointMiddleware[1]
      Executed endpoint 'HTTP: GET /health'
info: Microsoft.AspNetCore.Hosting.Diagnostics[2]
      Request finished HTTP/1.1 GET http://localhost:5000/health - 200 - application/json;+charset=utf-8 4861.4403ms
info: Microsoft.EntityFrameworkCore.Database.Command[20101]
      Executed DbCommand (0ms) [Parameters=[], CommandType='Text', CommandTimeout='30']
      SELECT "s"."Id", "s"."ApiKey", "s"."AuthShape", "s"."AutoDiscovered", "s"."Categories", "s"."CustomHeaderName", "s"."DisplayName", "s"."Enabled", "s"."HeadersJson", "s"."Hidden", "s"."SecretItemKey", "s"."SecretProvider", "s"."Type", "s"."Url"
      FROM "Servers" AS "s"
      WHERE "s"."AutoDiscovered"
info: Microsoft.EntityFrameworkCore.Database.Command[20101]
      Executed DbCommand (0ms) [Parameters=[], CommandType='Text', CommandTimeout='30']
      SELECT "s"."Id", "s"."ApiKey", "s"."AuthShape", "s"."AutoDiscovered", "s"."Categories", "s"."CustomHeaderName", "s"."DisplayName", "s"."Enabled", "s"."HeadersJson", "s"."Hidden", "s"."SecretItemKey", "s"."SecretProvider", "s"."Type", "s"."Url"
      FROM "Servers" AS "s"
      WHERE "s"."Enabled"
info: System.Net.Http.HttpClient.McpClient.LogicalHandler[100]
      Start processing HTTP request GET http://docker-mcp:8000/sse
info: System.Net.Http.HttpClient.McpClient.ClientHandler[100]
      Sending HTTP request GET http://docker-mcp:8000/sse
info: System.Net.Http.HttpClient.McpClient.LogicalHandler[100]
      Start processing HTTP request GET http://mcp-arr-4k:3000/mcp
info: System.Net.Http.HttpClient.McpClient.ClientHandler[100]
      Sending HTTP request GET http://mcp-arr-4k:3000/mcp
info: System.Net.Http.HttpClient.McpClient.LogicalHandler[100]
      Start processing HTTP request GET http://mcp-arr-hd:3000/mcp
info: System.Net.Http.HttpClient.McpClient.ClientHandler[100]
      Sending HTTP request GET http://mcp-arr-hd:3000/mcp
info: System.Net.Http.HttpClient.McpClient.ClientHandler[104]
      HTTP request failed after 2.4397ms
      System.Net.Http.HttpRequestException: Name or service not known (docker-mcp:8000)
       ---> System.Net.Sockets.SocketException (0xFFFDFFFF): Name or service not known
         at System.Net.Sockets.Socket.AwaitableSocketAsyncEventArgs.ThrowException(SocketError error, CancellationToken cancellationToken)
         at System.Net.Sockets.Socket.AwaitableSocketAsyncEventArgs.System.Threading.Tasks.Sources.IValueTaskSource.GetResult(Int16 token)
         at System.Net.Http.HttpConnectionPool.ConnectToTcpHostAsync(String host, Int32 port, HttpRequestMessage initialRequest, Boolean async, CancellationToken cancellationToken)
         --- End of inner exception stack trace ---
         at System.Net.Http.HttpConnectionPool.ConnectToTcpHostAsync(String host, Int32 port, HttpRequestMessage initialRequest, Boolean async, CancellationToken cancellationToken)
         at System.Net.Http.HttpConnectionPool.ConnectAsync(HttpRequestMessage request, Boolean async, CancellationToken cancellationToken)
         at System.Net.Http.HttpConnectionPool.CreateHttp11ConnectionAsync(HttpRequestMessage request, Boolean async, CancellationToken cancellationToken)
         at System.Net.Http.HttpConnectionPool.InjectNewHttp11ConnectionAsync(QueueItem queueItem)
         at System.Threading.Tasks.TaskCompletionSourceWithCancellation`1.WaitWithCancellationAsync(CancellationToken cancellationToken)
         at System.Net.Http.HttpConnectionPool.SendWithVersionDetectionAndRetryAsync(HttpRequestMessage request, Boolean async, Boolean doRequestAuth, CancellationToken cancellationToken)
         at System.Net.Http.RedirectHandler.SendAsync(HttpRequestMessage request, Boolean async, CancellationToken cancellationToken)
         at Microsoft.Extensions.Http.Logging.LoggingHttpMessageHandler.<SendCoreAsync>g__Core|4_0(HttpRequestMessage request, Boolean useAsync, CancellationToken cancellationToken)
info: System.Net.Http.HttpClient.McpClient.ClientHandler[104]
      HTTP request failed after 2.302ms
      System.Net.Http.HttpRequestException: Name or service not known (mcp-arr-4k:3000)
       ---> System.Net.Sockets.SocketException (0xFFFDFFFF): Name or service not known
         at System.Net.Sockets.Socket.AwaitableSocketAsyncEventArgs.ThrowException(SocketError error, CancellationToken cancellationToken)
         at System.Net.Sockets.Socket.AwaitableSocketAsyncEventArgs.System.Threading.Tasks.Sources.IValueTaskSource.GetResult(Int16 token)
         at System.Net.Http.HttpConnectionPool.ConnectToTcpHostAsync(String host, Int32 port, HttpRequestMessage initialRequest, Boolean async, CancellationToken cancellationToken)
         --- End of inner exception stack trace ---
         at System.Net.Http.HttpConnectionPool.ConnectToTcpHostAsync(String host, Int32 port, HttpRequestMessage initialRequest, Boolean async, CancellationToken cancellationToken)
         at System.Net.Http.HttpConnectionPool.ConnectAsync(HttpRequestMessage request, Boolean async, CancellationToken cancellationToken)
         at System.Net.Http.HttpConnectionPool.CreateHttp11ConnectionAsync(HttpRequestMessage request, Boolean async, CancellationToken cancellationToken)
         at System.Net.Http.HttpConnectionPool.InjectNewHttp11ConnectionAsync(QueueItem queueItem)
         at System.Threading.Tasks.TaskCompletionSourceWithCancellation`1.WaitWithCancellationAsync(CancellationToken cancellationToken)
         at System.Net.Http.HttpConnectionPool.SendWithVersionDetectionAndRetryAsync(HttpRequestMessage request, Boolean async, Boolean doRequestAuth, CancellationToken cancellationToken)
         at System.Net.Http.RedirectHandler.SendAsync(HttpRequestMessage request, Boolean async, CancellationToken cancellationToken)
         at Microsoft.Extensions.Http.Logging.LoggingHttpMessageHandler.<SendCoreAsync>g__Core|4_0(HttpRequestMessage request, Boolean useAsync, CancellationToken cancellationToken)
info: System.Net.Http.HttpClient.McpClient.LogicalHandler[104]
      HTTP request failed after 3.3291ms
      System.Net.Http.HttpRequestException: Name or service not known (docker-mcp:8000)
       ---> System.Net.Sockets.SocketException (0xFFFDFFFF): Name or service not known
         at System.Net.Sockets.Socket.AwaitableSocketAsyncEventArgs.ThrowException(SocketError error, CancellationToken cancellationToken)
         at System.Net.Sockets.Socket.AwaitableSocketAsyncEventArgs.System.Threading.Tasks.Sources.IValueTaskSource.GetResult(Int16 token)
         at System.Net.Http.HttpConnectionPool.ConnectToTcpHostAsync(String host, Int32 port, HttpRequestMessage initialRequest, Boolean async, CancellationToken cancellationToken)
         --- End of inner exception stack trace ---
         at System.Net.Http.HttpConnectionPool.ConnectToTcpHostAsync(String host, Int32 port, HttpRequestMessage initialRequest, Boolean async, CancellationToken cancellationToken)
         at System.Net.Http.HttpConnectionPool.ConnectAsync(HttpRequestMessage request, Boolean async, CancellationToken cancellationToken)
         at System.Net.Http.HttpConnectionPool.CreateHttp11ConnectionAsync(HttpRequestMessage request, Boolean async, CancellationToken cancellationToken)
         at System.Net.Http.HttpConnectionPool.InjectNewHttp11ConnectionAsync(QueueItem queueItem)
         at System.Threading.Tasks.TaskCompletionSourceWithCancellation`1.WaitWithCancellationAsync(CancellationToken cancellationToken)
         at System.Net.Http.HttpConnectionPool.SendWithVersionDetectionAndRetryAsync(HttpRequestMessage request, Boolean async, Boolean doRequestAuth, CancellationToken cancellationToken)
         at System.Net.Http.RedirectHandler.SendAsync(HttpRequestMessage request, Boolean async, CancellationToken cancellationToken)
         at Microsoft.Extensions.Http.Logging.LoggingHttpMessageHandler.<SendCoreAsync>g__Core|4_0(HttpRequestMessage request, Boolean useAsync, CancellationToken cancellationToken)
         at Microsoft.Extensions.Http.Logging.LoggingScopeHttpMessageHandler.<SendCoreAsync>g__Core|4_0(HttpRequestMessage request, Boolean useAsync, CancellationToken cancellationToken)
info: System.Net.Http.HttpClient.McpClient.LogicalHandler[104]
      HTTP request failed after 3.1289ms
      System.Net.Http.HttpRequestException: Name or service not known (mcp-arr-4k:3000)
       ---> System.Net.Sockets.SocketException (0xFFFDFFFF): Name or service not known
         at System.Net.Sockets.Socket.AwaitableSocketAsyncEventArgs.ThrowException(SocketError error, CancellationToken cancellationToken)
         at System.Net.Sockets.Socket.AwaitableSocketAsyncEventArgs.System.Threading.Tasks.Sources.IValueTaskSource.GetResult(Int16 token)
         at System.Net.Http.HttpConnectionPool.ConnectToTcpHostAsync(String host, Int32 port, HttpRequestMessage initialRequest, Boolean async, CancellationToken cancellationToken)
         --- End of inner exception stack trace ---
         at System.Net.Http.HttpConnectionPool.ConnectToTcpHostAsync(String host, Int32 port, HttpRequestMessage initialRequest, Boolean async, CancellationToken cancellationToken)
         at System.Net.Http.HttpConnectionPool.ConnectAsync(HttpRequestMessage request, Boolean async, CancellationToken cancellationToken)
         at System.Net.Http.HttpConnectionPool.CreateHttp11ConnectionAsync(HttpRequestMessage request, Boolean async, CancellationToken cancellationToken)
         at System.Net.Http.HttpConnectionPool.InjectNewHttp11ConnectionAsync(QueueItem queueItem)
         at System.Threading.Tasks.TaskCompletionSourceWithCancellation`1.WaitWithCancellationAsync(CancellationToken cancellationToken)
         at System.Net.Http.HttpConnectionPool.SendWithVersionDetectionAndRetryAsync(HttpRequestMessage request, Boolean async, Boolean doRequestAuth, CancellationToken cancellationToken)
         at System.Net.Http.RedirectHandler.SendAsync(HttpRequestMessage request, Boolean async, CancellationToken cancellationToken)
         at Microsoft.Extensions.Http.Logging.LoggingHttpMessageHandler.<SendCoreAsync>g__Core|4_0(HttpRequestMessage request, Boolean useAsync, CancellationToken cancellationToken)
         at Microsoft.Extensions.Http.Logging.LoggingScopeHttpMessageHandler.<SendCoreAsync>g__Core|4_0(HttpRequestMessage request, Boolean useAsync, CancellationToken cancellationToken)
info: System.Net.Http.HttpClient.McpClient.ClientHandler[104]
      HTTP request failed after 2.9426ms
      System.Net.Http.HttpRequestException: Name or service not known (mcp-arr-hd:3000)
       ---> System.Net.Sockets.SocketException (0xFFFDFFFF): Name or service not known
         at System.Net.Sockets.Socket.AwaitableSocketAsyncEventArgs.ThrowException(SocketError error, CancellationToken cancellationToken)
         at System.Net.Sockets.Socket.AwaitableSocketAsyncEventArgs.System.Threading.Tasks.Sources.IValueTaskSource.GetResult(Int16 token)
         at System.Net.Http.HttpConnectionPool.ConnectToTcpHostAsync(String host, Int32 port, HttpRequestMessage initialRequest, Boolean async, CancellationToken cancellationToken)
         --- End of inner exception stack trace ---
         at System.Net.Http.HttpConnectionPool.ConnectToTcpHostAsync(String host, Int32 port, HttpRequestMessage initialRequest, Boolean async, CancellationToken cancellationToken)
         at System.Net.Http.HttpConnectionPool.ConnectAsync(HttpRequestMessage request, Boolean async, CancellationToken cancellationToken)
         at System.Net.Http.HttpConnectionPool.CreateHttp11ConnectionAsync(HttpRequestMessage request, Boolean async, CancellationToken cancellationToken)
         at System.Net.Http.HttpConnectionPool.InjectNewHttp11ConnectionAsync(QueueItem queueItem)
         at System.Threading.Tasks.TaskCompletionSourceWithCancellation`1.WaitWithCancellationAsync(CancellationToken cancellationToken)
         at System.Net.Http.HttpConnectionPool.SendWithVersionDetectionAndRetryAsync(HttpRequestMessage request, Boolean async, Boolean doRequestAuth, CancellationToken cancellationToken)
         at System.Net.Http.RedirectHandler.SendAsync(HttpRequestMessage request, Boolean async, CancellationToken cancellationToken)
         at Microsoft.Extensions.Http.Logging.LoggingHttpMessageHandler.<SendCoreAsync>g__Core|4_0(HttpRequestMessage request, Boolean useAsync, CancellationToken cancellationToken)
info: System.Net.Http.HttpClient.McpClient.LogicalHandler[104]
      HTTP request failed after 3.775ms
      System.Net.Http.HttpRequestException: Name or service not known (mcp-arr-hd:3000)
       ---> System.Net.Sockets.SocketException (0xFFFDFFFF): Name or service not known
         at System.Net.Sockets.Socket.AwaitableSocketAsyncEventArgs.ThrowException(SocketError error, CancellationToken cancellationToken)
         at System.Net.Sockets.Socket.AwaitableSocketAsyncEventArgs.System.Threading.Tasks.Sources.IValueTaskSource.GetResult(Int16 token)
         at System.Net.Http.HttpConnectionPool.ConnectToTcpHostAsync(String host, Int32 port, HttpRequestMessage initialRequest, Boolean async, CancellationToken cancellationToken)
         --- End of inner exception stack trace ---
         at System.Net.Http.HttpConnectionPool.ConnectToTcpHostAsync(String host, Int32 port, HttpRequestMessage initialRequest, Boolean async, CancellationToken cancellationToken)
         at System.Net.Http.HttpConnectionPool.ConnectAsync(HttpRequestMessage request, Boolean async, CancellationToken cancellationToken)
         at System.Net.Http.HttpConnectionPool.CreateHttp11ConnectionAsync(HttpRequestMessage request, Boolean async, CancellationToken cancellationToken)
         at System.Net.Http.HttpConnectionPool.InjectNewHttp11ConnectionAsync(QueueItem queueItem)
         at System.Threading.Tasks.TaskCompletionSourceWithCancellation`1.WaitWithCancellationAsync(CancellationToken cancellationToken)
         at System.Net.Http.HttpConnectionPool.SendWithVersionDetectionAndRetryAsync(HttpRequestMessage request, Boolean async, Boolean doRequestAuth, CancellationToken cancellationToken)
         at System.Net.Http.RedirectHandler.SendAsync(HttpRequestMessage request, Boolean async, CancellationToken cancellationToken)
         at Microsoft.Extensions.Http.Logging.LoggingHttpMessageHandler.<SendCoreAsync>g__Core|4_0(HttpRequestMessage request, Boolean useAsync, CancellationToken cancellationToken)
         at Microsoft.Extensions.Http.Logging.LoggingScopeHttpMessageHandler.<SendCoreAsync>g__Core|4_0(HttpRequestMessage request, Boolean useAsync, CancellationToken cancellationToken)
info: Microsoft.EntityFrameworkCore.Database.Command[20101]
      Executed DbCommand (0ms) [Parameters=[], CommandType='Text', CommandTimeout='30']
      SELECT "s"."Id", "s"."ApiKey", "s"."AuthShape", "s"."AutoDiscovered", "s"."Categories", "s"."CustomHeaderName", "s"."DisplayName", "s"."Enabled", "s"."HeadersJson", "s"."Hidden", "s"."SecretItemKey", "s"."SecretProvider", "s"."Type", "s"."Url"
      FROM "Servers" AS "s"
      WHERE "s"."AutoDiscovered"
info: Microsoft.EntityFrameworkCore.Database.Command[20101]
      Executed DbCommand (0ms) [Parameters=[], CommandType='Text', CommandTimeout='30']
      SELECT "s"."Id", "s"."ApiKey", "s"."AuthShape", "s"."AutoDiscovered", "s"."Categories", "s"."CustomHeaderName", "s"."DisplayName", "s"."Enabled", "s"."HeadersJson", "s"."Hidden", "s"."SecretItemKey", "s"."SecretProvider", "s"."Type", "s"."Url"
      FROM "Servers" AS "s"
      WHERE "s"."Enabled"
info: System.Net.Http.HttpClient.McpClient.LogicalHandler[100]
      Start processing HTTP request GET http://docker-mcp:8000/sse
info: System.Net.Http.HttpClient.McpClient.ClientHandler[100]
      Sending HTTP request GET http://docker-mcp:8000/sse
info: System.Net.Http.HttpClient.McpClient.LogicalHandler[100]
      Start processing HTTP request GET http://mcp-arr-4k:3000/mcp
info: System.Net.Http.HttpClient.McpClient.ClientHandler[100]
      Sending HTTP request GET http://mcp-arr-4k:3000/mcp
info: System.Net.Http.HttpClient.McpClient.LogicalHandler[100]
      Start processing HTTP request GET http://mcp-arr-hd:3000/mcp
info: System.Net.Http.HttpClient.McpClient.ClientHandler[100]
      Sending HTTP request GET http://mcp-arr-hd:3000/mcp
info: System.Net.Http.HttpClient.McpClient.ClientHandler[104]
      HTTP request failed after 2.3014ms
      System.Net.Http.HttpRequestException: Name or service not known (docker-mcp:8000)
       ---> System.Net.Sockets.SocketException (0xFFFDFFFF): Name or service not known
         at System.Net.Sockets.Socket.AwaitableSocketAsyncEventArgs.ThrowException(SocketError error, CancellationToken cancellationToken)
         at System.Net.Sockets.Socket.AwaitableSocketAsyncEventArgs.System.Threading.Tasks.Sources.IValueTaskSource.GetResult(Int16 token)
         at System.Net.Http.HttpConnectionPool.ConnectToTcpHostAsync(String host, Int32 port, HttpRequestMessage initialRequest, Boolean async, CancellationToken cancellationToken)
         --- End of inner exception stack trace ---
         at System.Net.Http.HttpConnectionPool.ConnectToTcpHostAsync(String host, Int32 port, HttpRequestMessage initialRequest, Boolean async, CancellationToken cancellationToken)
         at System.Net.Http.HttpConnectionPool.ConnectAsync(HttpRequestMessage request, Boolean async, CancellationToken cancellationToken)
         at System.Net.Http.HttpConnectionPool.CreateHttp11ConnectionAsync(HttpRequestMessage request, Boolean async, CancellationToken cancellationToken)
         at System.Net.Http.HttpConnectionPool.InjectNewHttp11ConnectionAsync(QueueItem queueItem)
         at System.Threading.Tasks.TaskCompletionSourceWithCancellation`1.WaitWithCancellationAsync(CancellationToken cancellationToken)
         at System.Net.Http.HttpConnectionPool.SendWithVersionDetectionAndRetryAsync(HttpRequestMessage request, Boolean async, Boolean doRequestAuth, CancellationToken cancellationToken)
         at System.Net.Http.RedirectHandler.SendAsync(HttpRequestMessage request, Boolean async, CancellationToken cancellationToken)
         at Microsoft.Extensions.Http.Logging.LoggingHttpMessageHandler.<SendCoreAsync>g__Core|4_0(HttpRequestMessage request, Boolean useAsync, CancellationToken cancellationToken)
info: System.Net.Http.HttpClient.McpClient.ClientHandler[104]
      HTTP request failed after 2.1892ms
      System.Net.Http.HttpRequestException: Name or service not known (mcp-arr-hd:3000)
       ---> System.Net.Sockets.SocketException (0xFFFDFFFF): Name or service not known
         at System.Net.Sockets.Socket.AwaitableSocketAsyncEventArgs.ThrowException(SocketError error, CancellationToken cancellationToken)
         at System.Net.Sockets.Socket.AwaitableSocketAsyncEventArgs.System.Threading.Tasks.Sources.IValueTaskSource.GetResult(Int16 token)
         at System.Net.Http.HttpConnectionPool.ConnectToTcpHostAsync(String host, Int32 port, HttpRequestMessage initialRequest, Boolean async, CancellationToken cancellationToken)
         --- End of inner exception stack trace ---
         at System.Net.Http.HttpConnectionPool.ConnectToTcpHostAsync(String host, Int32 port, HttpRequestMessage initialRequest, Boolean async, CancellationToken cancellationToken)
         at System.Net.Http.HttpConnectionPool.ConnectAsync(HttpRequestMessage request, Boolean async, CancellationToken cancellationToken)
         at System.Net.Http.HttpConnectionPool.CreateHttp11ConnectionAsync(HttpRequestMessage request, Boolean async, CancellationToken cancellationToken)
         at System.Net.Http.HttpConnectionPool.InjectNewHttp11ConnectionAsync(QueueItem queueItem)
         at System.Threading.Tasks.TaskCompletionSourceWithCancellation`1.WaitWithCancellationAsync(CancellationToken cancellationToken)
         at System.Net.Http.HttpConnectionPool.SendWithVersionDetectionAndRetryAsync(HttpRequestMessage request, Boolean async, Boolean doRequestAuth, CancellationToken cancellationToken)
         at System.Net.Http.RedirectHandler.SendAsync(HttpRequestMessage request, Boolean async, CancellationToken cancellationToken)
         at Microsoft.Extensions.Http.Logging.LoggingHttpMessageHandler.<SendCoreAsync>g__Core|4_0(HttpRequestMessage request, Boolean useAsync, CancellationToken cancellationToken)
info: System.Net.Http.HttpClient.McpClient.ClientHandler[104]
      HTTP request failed after 2.0726ms
      System.Net.Http.HttpRequestException: Name or service not known (mcp-arr-4k:3000)
       ---> System.Net.Sockets.SocketException (0xFFFDFFFF): Name or service not known
         at System.Net.Sockets.Socket.AwaitableSocketAsyncEventArgs.ThrowException(SocketError error, CancellationToken cancellationToken)
         at System.Net.Sockets.Socket.AwaitableSocketAsyncEventArgs.System.Threading.Tasks.Sources.IValueTaskSource.GetResult(Int16 token)
         at System.Net.Http.HttpConnectionPool.ConnectToTcpHostAsync(String host, Int32 port, HttpRequestMessage initialRequest, Boolean async, CancellationToken cancellationToken)
         --- End of inner exception stack trace ---
         at System.Net.Http.HttpConnectionPool.ConnectToTcpHostAsync(String host, Int32 port, HttpRequestMessage initialRequest, Boolean async, CancellationToken cancellationToken)
         at System.Net.Http.HttpConnectionPool.ConnectAsync(HttpRequestMessage request, Boolean async, CancellationToken cancellationToken)
         at System.Net.Http.HttpConnectionPool.CreateHttp11ConnectionAsync(HttpRequestMessage request, Boolean async, CancellationToken cancellationToken)
         at System.Net.Http.HttpConnectionPool.InjectNewHttp11ConnectionAsync(QueueItem queueItem)
         at System.Threading.Tasks.TaskCompletionSourceWithCancellation`1.WaitWithCancellationAsync(CancellationToken cancellationToken)
         at System.Net.Http.HttpConnectionPool.SendWithVersionDetectionAndRetryAsync(HttpRequestMessage request, Boolean async, Boolean doRequestAuth, CancellationToken cancellationToken)
         at System.Net.Http.RedirectHandler.SendAsync(HttpRequestMessage request, Boolean async, CancellationToken cancellationToken)
         at Microsoft.Extensions.Http.Logging.LoggingHttpMessageHandler.<SendCoreAsync>g__Core|4_0(HttpRequestMessage request, Boolean useAsync, CancellationToken cancellationToken)
info: System.Net.Http.HttpClient.McpClient.LogicalHandler[104]
      HTTP request failed after 2.9319ms
      System.Net.Http.HttpRequestException: Name or service not known (mcp-arr-4k:3000)
       ---> System.Net.Sockets.SocketException (0xFFFDFFFF): Name or service not known
         at System.Net.Sockets.Socket.AwaitableSocketAsyncEventArgs.ThrowException(SocketError error, CancellationToken cancellationToken)
         at System.Net.Sockets.Socket.AwaitableSocketAsyncEventArgs.System.Threading.Tasks.Sources.IValueTaskSource.GetResult(Int16 token)
         at System.Net.Http.HttpConnectionPool.ConnectToTcpHostAsync(String host, Int32 port, HttpRequestMessage initialRequest, Boolean async, CancellationToken cancellationToken)
         --- End of inner exception stack trace ---
         at System.Net.Http.HttpConnectionPool.ConnectToTcpHostAsync(String host, Int32 port, HttpRequestMessage initialRequest, Boolean async, CancellationToken cancellationToken)
         at System.Net.Http.HttpConnectionPool.ConnectAsync(HttpRequestMessage request, Boolean async, CancellationToken cancellationToken)
         at System.Net.Http.HttpConnectionPool.CreateHttp11ConnectionAsync(HttpRequestMessage request, Boolean async, CancellationToken cancellationToken)
         at System.Net.Http.HttpConnectionPool.InjectNewHttp11ConnectionAsync(QueueItem queueItem)
         at System.Threading.Tasks.TaskCompletionSourceWithCancellation`1.WaitWithCancellationAsync(CancellationToken cancellationToken)
         at System.Net.Http.HttpConnectionPool.SendWithVersionDetectionAndRetryAsync(HttpRequestMessage request, Boolean async, Boolean doRequestAuth, CancellationToken cancellationToken)
         at System.Net.Http.RedirectHandler.SendAsync(HttpRequestMessage request, Boolean async, CancellationToken cancellationToken)
         at Microsoft.Extensions.Http.Logging.LoggingHttpMessageHandler.<SendCoreAsync>g__Core|4_0(HttpRequestMessage request, Boolean useAsync, CancellationToken cancellationToken)
         at Microsoft.Extensions.Http.Logging.LoggingScopeHttpMessageHandler.<SendCoreAsync>g__Core|4_0(HttpRequestMessage request, Boolean useAsync, CancellationToken cancellationToken)
info: System.Net.Http.HttpClient.McpClient.LogicalHandler[104]
      HTTP request failed after 2.9395ms
      System.Net.Http.HttpRequestException: Name or service not known (mcp-arr-hd:3000)
       ---> System.Net.Sockets.SocketException (0xFFFDFFFF): Name or service not known
         at System.Net.Sockets.Socket.AwaitableSocketAsyncEventArgs.ThrowException(SocketError error, CancellationToken cancellationToken)
         at System.Net.Sockets.Socket.AwaitableSocketAsyncEventArgs.System.Threading.Tasks.Sources.IValueTaskSource.GetResult(Int16 token)
         at System.Net.Http.HttpConnectionPool.ConnectToTcpHostAsync(String host, Int32 port, HttpRequestMessage initialRequest, Boolean async, CancellationToken cancellationToken)
         --- End of inner exception stack trace ---
         at System.Net.Http.HttpConnectionPool.ConnectToTcpHostAsync(String host, Int32 port, HttpRequestMessage initialRequest, Boolean async, CancellationToken cancellationToken)
         at System.Net.Http.HttpConnectionPool.ConnectAsync(HttpRequestMessage request, Boolean async, CancellationToken cancellationToken)
         at System.Net.Http.HttpConnectionPool.CreateHttp11ConnectionAsync(HttpRequestMessage request, Boolean async, CancellationToken cancellationToken)
         at System.Net.Http.HttpConnectionPool.InjectNewHttp11ConnectionAsync(QueueItem queueItem)
         at System.Threading.Tasks.TaskCompletionSourceWithCancellation`1.WaitWithCancellationAsync(CancellationToken cancellationToken)
         at System.Net.Http.HttpConnectionPool.SendWithVersionDetectionAndRetryAsync(HttpRequestMessage request, Boolean async, Boolean doRequestAuth, CancellationToken cancellationToken)
         at System.Net.Http.RedirectHandler.SendAsync(HttpRequestMessage request, Boolean async, CancellationToken cancellationToken)
         at Microsoft.Extensions.Http.Logging.LoggingHttpMessageHandler.<SendCoreAsync>g__Core|4_0(HttpRequestMessage request, Boolean useAsync, CancellationToken cancellationToken)
         at Microsoft.Extensions.Http.Logging.LoggingScopeHttpMessageHandler.<SendCoreAsync>g__Core|4_0(HttpRequestMessage request, Boolean useAsync, CancellationToken cancellationToken)
info: System.Net.Http.HttpClient.McpClient.LogicalHandler[104]
      HTTP request failed after 3.3914ms
      System.Net.Http.HttpRequestException: Name or service not known (docker-mcp:8000)
       ---> System.Net.Sockets.SocketException (0xFFFDFFFF): Name or service not known
         at System.Net.Sockets.Socket.AwaitableSocketAsyncEventArgs.ThrowException(SocketError error, CancellationToken cancellationToken)
         at System.Net.Sockets.Socket.AwaitableSocketAsyncEventArgs.System.Threading.Tasks.Sources.IValueTaskSource.GetResult(Int16 token)
         at System.Net.Http.HttpConnectionPool.ConnectToTcpHostAsync(String host, Int32 port, HttpRequestMessage initialRequest, Boolean async, CancellationToken cancellationToken)
         --- End of inner exception stack trace ---
         at System.Net.Http.HttpConnectionPool.ConnectToTcpHostAsync(String host, Int32 port, HttpRequestMessage initialRequest, Boolean async, CancellationToken cancellationToken)
         at System.Net.Http.HttpConnectionPool.ConnectAsync(HttpRequestMessage request, Boolean async, CancellationToken cancellationToken)
         at System.Net.Http.HttpConnectionPool.CreateHttp11ConnectionAsync(HttpRequestMessage request, Boolean async, CancellationToken cancellationToken)
         at System.Net.Http.HttpConnectionPool.InjectNewHttp11ConnectionAsync(QueueItem queueItem)
         at System.Threading.Tasks.TaskCompletionSourceWithCancellation`1.WaitWithCancellationAsync(CancellationToken cancellationToken)
         at System.Net.Http.HttpConnectionPool.SendWithVersionDetectionAndRetryAsync(HttpRequestMessage request, Boolean async, Boolean doRequestAuth, CancellationToken cancellationToken)
         at System.Net.Http.RedirectHandler.SendAsync(HttpRequestMessage request, Boolean async, CancellationToken cancellationToken)
         at Microsoft.Extensions.Http.Logging.LoggingHttpMessageHandler.<SendCoreAsync>g__Core|4_0(HttpRequestMessage request, Boolean useAsync, CancellationToken cancellationToken)
         at Microsoft.Extensions.Http.Logging.LoggingScopeHttpMessageHandler.<SendCoreAsync>g__Core|4_0(HttpRequestMessage request, Boolean useAsync, CancellationToken cancellationToken)
info: Microsoft.EntityFrameworkCore.Database.Command[20101]
      Executed DbCommand (0ms) [Parameters=[], CommandType='Text', CommandTimeout='30']
      SELECT "s"."Id", "s"."ApiKey", "s"."AuthShape", "s"."AutoDiscovered", "s"."Categories", "s"."CustomHeaderName", "s"."DisplayName", "s"."Enabled", "s"."HeadersJson", "s"."Hidden", "s"."SecretItemKey", "s"."SecretProvider", "s"."Type", "s"."Url"
      FROM "Servers" AS "s"
      WHERE "s"."AutoDiscovered"
info: Microsoft.EntityFrameworkCore.Database.Command[20101]
      Executed DbCommand (0ms) [Parameters=[], CommandType='Text', CommandTimeout='30']
      SELECT "s"."Id", "s"."ApiKey", "s"."AuthShape", "s"."AutoDiscovered", "s"."Categories", "s"."CustomHeaderName", "s"."DisplayName", "s"."Enabled", "s"."HeadersJson", "s"."Hidden", "s"."SecretItemKey", "s"."SecretProvider", "s"."Type", "s"."Url"
      FROM "Servers" AS "s"
      WHERE "s"."Enabled"
info: System.Net.Http.HttpClient.McpClient.LogicalHandler[100]
      Start processing HTTP request GET http://docker-mcp:8000/sse
info: System.Net.Http.HttpClient.McpClient.ClientHandler[100]
      Sending HTTP request GET http://docker-mcp:8000/sse
info: System.Net.Http.HttpClient.McpClient.LogicalHandler[100]
      Start processing HTTP request GET http://mcp-arr-4k:3000/mcp
info: System.Net.Http.HttpClient.McpClient.ClientHandler[100]
      Sending HTTP request GET http://mcp-arr-4k:3000/mcp
info: System.Net.Http.HttpClient.McpClient.LogicalHandler[100]
      Start processing HTTP request GET http://mcp-arr-hd:3000/mcp
info: System.Net.Http.HttpClient.McpClient.ClientHandler[100]
      Sending HTTP request GET http://mcp-arr-hd:3000/mcp
info: System.Net.Http.HttpClient.McpClient.ClientHandler[104]
      HTTP request failed after 2.4349ms
      System.Net.Http.HttpRequestException: Name or service not known (mcp-arr-4k:3000)
       ---> System.Net.Sockets.SocketException (0xFFFDFFFF): Name or service not known
         at System.Net.Sockets.Socket.AwaitableSocketAsyncEventArgs.ThrowException(SocketError error, CancellationToken cancellationToken)
         at System.Net.Sockets.Socket.AwaitableSocketAsyncEventArgs.System.Threading.Tasks.Sources.IValueTaskSource.GetResult(Int16 token)
         at System.Net.Http.HttpConnectionPool.ConnectToTcpHostAsync(String host, Int32 port, HttpRequestMessage initialRequest, Boolean async, CancellationToken cancellationToken)
         --- End of inner exception stack trace ---
         at System.Net.Http.HttpConnectionPool.ConnectToTcpHostAsync(String host, Int32 port, HttpRequestMessage initialRequest, Boolean async, CancellationToken cancellationToken)
         at System.Net.Http.HttpConnectionPool.ConnectAsync(HttpRequestMessage request, Boolean async, CancellationToken cancellationToken)
         at System.Net.Http.HttpConnectionPool.CreateHttp11ConnectionAsync(HttpRequestMessage request, Boolean async, CancellationToken cancellationToken)
         at System.Net.Http.HttpConnectionPool.InjectNewHttp11ConnectionAsync(QueueItem queueItem)
         at System.Threading.Tasks.TaskCompletionSourceWithCancellation`1.WaitWithCancellationAsync(CancellationToken cancellationToken)
         at System.Net.Http.HttpConnectionPool.SendWithVersionDetectionAndRetryAsync(HttpRequestMessage request, Boolean async, Boolean doRequestAuth, CancellationToken cancellationToken)
         at System.Net.Http.RedirectHandler.SendAsync(HttpRequestMessage request, Boolean async, CancellationToken cancellationToken)
         at System.Net.Http.SocketsHttpHandler.<SendAsync>g__CreateHandlerAndSendAsync|115_0(HttpRequestMessage request, CancellationToken cancellationToken)
         at Microsoft.Extensions.Http.Logging.LoggingHttpMessageHandler.<SendCoreAsync>g__Core|4_0(HttpRequestMessage request, Boolean useAsync, CancellationToken cancellationToken)
info: System.Net.Http.HttpClient.McpClient.ClientHandler[104]
      HTTP request failed after 2.4852ms
      System.Net.Http.HttpRequestException: Name or service not known (mcp-arr-hd:3000)
       ---> System.Net.Sockets.SocketException (0xFFFDFFFF): Name or service not known
         at System.Net.Sockets.Socket.AwaitableSocketAsyncEventArgs.ThrowException(SocketError error, CancellationToken cancellationToken)
         at System.Net.Sockets.Socket.AwaitableSocketAsyncEventArgs.System.Threading.Tasks.Sources.IValueTaskSource.GetResult(Int16 token)
         at System.Net.Http.HttpConnectionPool.ConnectToTcpHostAsync(String host, Int32 port, HttpRequestMessage initialRequest, Boolean async, CancellationToken cancellationToken)
         --- End of inner exception stack trace ---
         at System.Net.Http.HttpConnectionPool.ConnectToTcpHostAsync(String host, Int32 port, HttpRequestMessage initialRequest, Boolean async, CancellationToken cancellationToken)
         at System.Net.Http.HttpConnectionPool.ConnectAsync(HttpRequestMessage request, Boolean async, CancellationToken cancellationToken)
         at System.Net.Http.HttpConnectionPool.CreateHttp11ConnectionAsync(HttpRequestMessage request, Boolean async, CancellationToken cancellationToken)
         at System.Net.Http.HttpConnectionPool.InjectNewHttp11ConnectionAsync(QueueItem queueItem)
         at System.Threading.Tasks.TaskCompletionSourceWithCancellation`1.WaitWithCancellationAsync(CancellationToken cancellationToken)
         at System.Net.Http.HttpConnectionPool.SendWithVersionDetectionAndRetryAsync(HttpRequestMessage request, Boolean async, Boolean doRequestAuth, CancellationToken cancellationToken)
         at System.Net.Http.RedirectHandler.SendAsync(HttpRequestMessage request, Boolean async, CancellationToken cancellationToken)
         at System.Net.Http.SocketsHttpHandler.<SendAsync>g__CreateHandlerAndSendAsync|115_0(HttpRequestMessage request, CancellationToken cancellationToken)
         at Microsoft.Extensions.Http.Logging.LoggingHttpMessageHandler.<SendCoreAsync>g__Core|4_0(HttpRequestMessage request, Boolean useAsync, CancellationToken cancellationToken)
info: System.Net.Http.HttpClient.McpClient.ClientHandler[104]
      HTTP request failed after 2.591ms
      System.Net.Http.HttpRequestException: Name or service not known (docker-mcp:8000)
       ---> System.Net.Sockets.SocketException (0xFFFDFFFF): Name or service not known
         at System.Net.Sockets.Socket.AwaitableSocketAsyncEventArgs.ThrowException(SocketError error, CancellationToken cancellationToken)
         at System.Net.Sockets.Socket.AwaitableSocketAsyncEventArgs.System.Threading.Tasks.Sources.IValueTaskSource.GetResult(Int16 token)
         at System.Net.Http.HttpConnectionPool.ConnectToTcpHostAsync(String host, Int32 port, HttpRequestMessage initialRequest, Boolean async, CancellationToken cancellationToken)
         --- End of inner exception stack trace ---
         at System.Net.Http.HttpConnectionPool.ConnectToTcpHostAsync(String host, Int32 port, HttpRequestMessage initialRequest, Boolean async, CancellationToken cancellationToken)
         at System.Net.Http.HttpConnectionPool.ConnectAsync(HttpRequestMessage request, Boolean async, CancellationToken cancellationToken)
         at System.Net.Http.HttpConnectionPool.CreateHttp11ConnectionAsync(HttpRequestMessage request, Boolean async, CancellationToken cancellationToken)
         at System.Net.Http.HttpConnectionPool.InjectNewHttp11ConnectionAsync(QueueItem queueItem)
         at System.Threading.Tasks.TaskCompletionSourceWithCancellation`1.WaitWithCancellationAsync(CancellationToken cancellationToken)
         at System.Net.Http.HttpConnectionPool.SendWithVersionDetectionAndRetryAsync(HttpRequestMessage request, Boolean async, Boolean doRequestAuth, CancellationToken cancellationToken)
         at System.Net.Http.RedirectHandler.SendAsync(HttpRequestMessage request, Boolean async, CancellationToken cancellationToken)
         at System.Net.Http.SocketsHttpHandler.<SendAsync>g__CreateHandlerAndSendAsync|115_0(HttpRequestMessage request, CancellationToken cancellationToken)
         at Microsoft.Extensions.Http.Logging.LoggingHttpMessageHandler.<SendCoreAsync>g__Core|4_0(HttpRequestMessage request, Boolean useAsync, CancellationToken cancellationToken)
info: System.Net.Http.HttpClient.McpClient.LogicalHandler[104]
      HTTP request failed after 3.4309ms
      System.Net.Http.HttpRequestException: Name or service not known (mcp-arr-4k:3000)
       ---> System.Net.Sockets.SocketException (0xFFFDFFFF): Name or service not known
         at System.Net.Sockets.Socket.AwaitableSocketAsyncEventArgs.ThrowException(SocketError error, CancellationToken cancellationToken)
         at System.Net.Sockets.Socket.AwaitableSocketAsyncEventArgs.System.Threading.Tasks.Sources.IValueTaskSource.GetResult(Int16 token)
         at System.Net.Http.HttpConnectionPool.ConnectToTcpHostAsync(String host, Int32 port, HttpRequestMessage initialRequest, Boolean async, CancellationToken cancellationToken)
         --- End of inner exception stack trace ---
         at System.Net.Http.HttpConnectionPool.ConnectToTcpHostAsync(String host, Int32 port, HttpRequestMessage initialRequest, Boolean async, CancellationToken cancellationToken)
         at System.Net.Http.HttpConnectionPool.ConnectAsync(HttpRequestMessage request, Boolean async, CancellationToken cancellationToken)
         at System.Net.Http.HttpConnectionPool.CreateHttp11ConnectionAsync(HttpRequestMessage request, Boolean async, CancellationToken cancellationToken)
         at System.Net.Http.HttpConnectionPool.InjectNewHttp11ConnectionAsync(QueueItem queueItem)
         at System.Threading.Tasks.TaskCompletionSourceWithCancellation`1.WaitWithCancellationAsync(CancellationToken cancellationToken)
         at System.Net.Http.HttpConnectionPool.SendWithVersionDetectionAndRetryAsync(HttpRequestMessage request, Boolean async, Boolean doRequestAuth, CancellationToken cancellationToken)
         at System.Net.Http.RedirectHandler.SendAsync(HttpRequestMessage request, Boolean async, CancellationToken cancellationToken)
         at System.Net.Http.SocketsHttpHandler.<SendAsync>g__CreateHandlerAndSendAsync|115_0(HttpRequestMessage request, CancellationToken cancellationToken)
         at Microsoft.Extensions.Http.Logging.LoggingHttpMessageHandler.<SendCoreAsync>g__Core|4_0(HttpRequestMessage request, Boolean useAsync, CancellationToken cancellationToken)
         at Microsoft.Extensions.Http.Logging.LoggingScopeHttpMessageHandler.<SendCoreAsync>g__Core|4_0(HttpRequestMessage request, Boolean useAsync, CancellationToken cancellationToken)
info: System.Net.Http.HttpClient.McpClient.LogicalHandler[104]
      HTTP request failed after 3.5107ms
      System.Net.Http.HttpRequestException: Name or service not known (mcp-arr-hd:3000)
       ---> System.Net.Sockets.SocketException (0xFFFDFFFF): Name or service not known
         at System.Net.Sockets.Socket.AwaitableSocketAsyncEventArgs.ThrowException(SocketError error, CancellationToken cancellationToken)
         at System.Net.Sockets.Socket.AwaitableSocketAsyncEventArgs.System.Threading.Tasks.Sources.IValueTaskSource.GetResult(Int16 token)
         at System.Net.Http.HttpConnectionPool.ConnectToTcpHostAsync(String host, Int32 port, HttpRequestMessage initialRequest, Boolean async, CancellationToken cancellationToken)
         --- End of inner exception stack trace ---
         at System.Net.Http.HttpConnectionPool.ConnectToTcpHostAsync(String host, Int32 port, HttpRequestMessage initialRequest, Boolean async, CancellationToken cancellationToken)
         at System.Net.Http.HttpConnectionPool.ConnectAsync(HttpRequestMessage request, Boolean async, CancellationToken cancellationToken)
         at System.Net.Http.HttpConnectionPool.CreateHttp11ConnectionAsync(HttpRequestMessage request, Boolean async, CancellationToken cancellationToken)
         at System.Net.Http.HttpConnectionPool.InjectNewHttp11ConnectionAsync(QueueItem queueItem)
         at System.Threading.Tasks.TaskCompletionSourceWithCancellation`1.WaitWithCancellationAsync(CancellationToken cancellationToken)
         at System.Net.Http.HttpConnectionPool.SendWithVersionDetectionAndRetryAsync(HttpRequestMessage request, Boolean async, Boolean doRequestAuth, CancellationToken cancellationToken)
         at System.Net.Http.RedirectHandler.SendAsync(HttpRequestMessage request, Boolean async, CancellationToken cancellationToken)
         at System.Net.Http.SocketsHttpHandler.<SendAsync>g__CreateHandlerAndSendAsync|115_0(HttpRequestMessage request, CancellationToken cancellationToken)
         at Microsoft.Extensions.Http.Logging.LoggingHttpMessageHandler.<SendCoreAsync>g__Core|4_0(HttpRequestMessage request, Boolean useAsync, CancellationToken cancellationToken)
         at Microsoft.Extensions.Http.Logging.LoggingScopeHttpMessageHandler.<SendCoreAsync>g__Core|4_0(HttpRequestMessage request, Boolean useAsync, CancellationToken cancellationToken)
info: System.Net.Http.HttpClient.McpClient.LogicalHandler[104]
      HTTP request failed after 3.7984ms
      System.Net.Http.HttpRequestException: Name or service not known (docker-mcp:8000)
       ---> System.Net.Sockets.SocketException (0xFFFDFFFF): Name or service not known
         at System.Net.Sockets.Socket.AwaitableSocketAsyncEventArgs.ThrowException(SocketError error, CancellationToken cancellationToken)
         at System.Net.Sockets.Socket.AwaitableSocketAsyncEventArgs.System.Threading.Tasks.Sources.IValueTaskSource.GetResult(Int16 token)
         at System.Net.Http.HttpConnectionPool.ConnectToTcpHostAsync(String host, Int32 port, HttpRequestMessage initialRequest, Boolean async, CancellationToken cancellationToken)
         --- End of inner exception stack trace ---
         at System.Net.Http.HttpConnectionPool.ConnectToTcpHostAsync(String host, Int32 port, HttpRequestMessage initialRequest, Boolean async, CancellationToken cancellationToken)
         at System.Net.Http.HttpConnectionPool.ConnectAsync(HttpRequestMessage request, Boolean async, CancellationToken cancellationToken)
         at System.Net.Http.HttpConnectionPool.CreateHttp11ConnectionAsync(HttpRequestMessage request, Boolean async, CancellationToken cancellationToken)
         at System.Net.Http.HttpConnectionPool.InjectNewHttp11ConnectionAsync(QueueItem queueItem)
         at System.Threading.Tasks.TaskCompletionSourceWithCancellation`1.WaitWithCancellationAsync(CancellationToken cancellationToken)
         at System.Net.Http.HttpConnectionPool.SendWithVersionDetectionAndRetryAsync(HttpRequestMessage request, Boolean async, Boolean doRequestAuth, CancellationToken cancellationToken)
         at System.Net.Http.RedirectHandler.SendAsync(HttpRequestMessage request, Boolean async, CancellationToken cancellationToken)
         at System.Net.Http.SocketsHttpHandler.<SendAsync>g__CreateHandlerAndSendAsync|115_0(HttpRequestMessage request, CancellationToken cancellationToken)
         at Microsoft.Extensions.Http.Logging.LoggingHttpMessageHandler.<SendCoreAsync>g__Core|4_0(HttpRequestMessage request, Boolean useAsync, CancellationToken cancellationToken)
         at Microsoft.Extensions.Http.Logging.LoggingScopeHttpMessageHandler.<SendCoreAsync>g__Core|4_0(HttpRequestMessage request, Boolean useAsync, CancellationToken cancellationToken)
info: Microsoft.EntityFrameworkCore.Database.Command[20101]
      Executed DbCommand (0ms) [Parameters=[], CommandType='Text', CommandTimeout='30']
      SELECT "s"."Id", "s"."ApiKey", "s"."AuthShape", "s"."AutoDiscovered", "s"."Categories", "s"."CustomHeaderName", "s"."DisplayName", "s"."Enabled", "s"."HeadersJson", "s"."Hidden", "s"."SecretItemKey", "s"."SecretProvider", "s"."Type", "s"."Url"
      FROM "Servers" AS "s"
      WHERE "s"."AutoDiscovered"
info: Microsoft.EntityFrameworkCore.Database.Command[20101]
      Executed DbCommand (0ms) [Parameters=[], CommandType='Text', CommandTimeout='30']
      SELECT "s"."Id", "s"."ApiKey", "s"."AuthShape", "s"."AutoDiscovered", "s"."Categories", "s"."CustomHeaderName", "s"."DisplayName", "s"."Enabled", "s"."HeadersJson", "s"."Hidden", "s"."SecretItemKey", "s"."SecretProvider", "s"."Type", "s"."Url"
      FROM "Servers" AS "s"
      WHERE "s"."Enabled"
info: System.Net.Http.HttpClient.McpClient.LogicalHandler[100]
      Start processing HTTP request GET http://docker-mcp:8000/sse
info: System.Net.Http.HttpClient.McpClient.ClientHandler[100]
      Sending HTTP request GET http://docker-mcp:8000/sse
info: System.Net.Http.HttpClient.McpClient.LogicalHandler[100]
      Start processing HTTP request GET http://mcp-arr-4k:3000/mcp
info: System.Net.Http.HttpClient.McpClient.ClientHandler[100]
      Sending HTTP request GET http://mcp-arr-4k:3000/mcp
info: System.Net.Http.HttpClient.McpClient.LogicalHandler[100]
      Start processing HTTP request GET http://mcp-arr-hd:3000/mcp
info: System.Net.Http.HttpClient.McpClient.ClientHandler[100]
      Sending HTTP request GET http://mcp-arr-hd:3000/mcp
info: System.Net.Http.HttpClient.McpClient.ClientHandler[104]
      HTTP request failed after 2.3083ms
      System.Net.Http.HttpRequestException: Name or service not known (mcp-arr-4k:3000)
       ---> System.Net.Sockets.SocketException (0xFFFDFFFF): Name or service not known
         at System.Net.Sockets.Socket.AwaitableSocketAsyncEventArgs.ThrowException(SocketError error, CancellationToken cancellationToken)
         at System.Net.Sockets.Socket.AwaitableSocketAsyncEventArgs.System.Threading.Tasks.Sources.IValueTaskSource.GetResult(Int16 token)
         at System.Net.Http.HttpConnectionPool.ConnectToTcpHostAsync(String host, Int32 port, HttpRequestMessage initialRequest, Boolean async, CancellationToken cancellationToken)
         --- End of inner exception stack trace ---
         at System.Net.Http.HttpConnectionPool.ConnectToTcpHostAsync(String host, Int32 port, HttpRequestMessage initialRequest, Boolean async, CancellationToken cancellationToken)
         at System.Net.Http.HttpConnectionPool.ConnectAsync(HttpRequestMessage request, Boolean async, CancellationToken cancellationToken)
         at System.Net.Http.HttpConnectionPool.CreateHttp11ConnectionAsync(HttpRequestMessage request, Boolean async, CancellationToken cancellationToken)
         at System.Net.Http.HttpConnectionPool.InjectNewHttp11ConnectionAsync(QueueItem queueItem)
         at System.Threading.Tasks.TaskCompletionSourceWithCancellation`1.WaitWithCancellationAsync(CancellationToken cancellationToken)
         at System.Net.Http.HttpConnectionPool.SendWithVersionDetectionAndRetryAsync(HttpRequestMessage request, Boolean async, Boolean doRequestAuth, CancellationToken cancellationToken)
         at System.Net.Http.RedirectHandler.SendAsync(HttpRequestMessage request, Boolean async, CancellationToken cancellationToken)
         at Microsoft.Extensions.Http.Logging.LoggingHttpMessageHandler.<SendCoreAsync>g__Core|4_0(HttpRequestMessage request, Boolean useAsync, CancellationToken cancellationToken)
info: System.Net.Http.HttpClient.McpClient.ClientHandler[104]
      HTTP request failed after 2.413ms
      System.Net.Http.HttpRequestException: Name or service not known (docker-mcp:8000)
       ---> System.Net.Sockets.SocketException (0xFFFDFFFF): Name or service not known
         at System.Net.Sockets.Socket.AwaitableSocketAsyncEventArgs.ThrowException(SocketError error, CancellationToken cancellationToken)
         at System.Net.Sockets.Socket.AwaitableSocketAsyncEventArgs.System.Threading.Tasks.Sources.IValueTaskSource.GetResult(Int16 token)
         at System.Net.Http.HttpConnectionPool.ConnectToTcpHostAsync(String host, Int32 port, HttpRequestMessage initialRequest, Boolean async, CancellationToken cancellationToken)
         --- End of inner exception stack trace ---
         at System.Net.Http.HttpConnectionPool.ConnectToTcpHostAsync(String host, Int32 port, HttpRequestMessage initialRequest, Boolean async, CancellationToken cancellationToken)
         at System.Net.Http.HttpConnectionPool.ConnectAsync(HttpRequestMessage request, Boolean async, CancellationToken cancellationToken)
         at System.Net.Http.HttpConnectionPool.CreateHttp11ConnectionAsync(HttpRequestMessage request, Boolean async, CancellationToken cancellationToken)
         at System.Net.Http.HttpConnectionPool.InjectNewHttp11ConnectionAsync(QueueItem queueItem)
         at System.Threading.Tasks.TaskCompletionSourceWithCancellation`1.WaitWithCancellationAsync(CancellationToken cancellationToken)
         at System.Net.Http.HttpConnectionPool.SendWithVersionDetectionAndRetryAsync(HttpRequestMessage request, Boolean async, Boolean doRequestAuth, CancellationToken cancellationToken)
         at System.Net.Http.RedirectHandler.SendAsync(HttpRequestMessage request, Boolean async, CancellationToken cancellationToken)
         at Microsoft.Extensions.Http.Logging.LoggingHttpMessageHandler.<SendCoreAsync>g__Core|4_0(HttpRequestMessage request, Boolean useAsync, CancellationToken cancellationToken)
info: System.Net.Http.HttpClient.McpClient.ClientHandler[104]
      HTTP request failed after 2.4469ms
      System.Net.Http.HttpRequestException: Name or service not known (mcp-arr-hd:3000)
       ---> System.Net.Sockets.SocketException (0xFFFDFFFF): Name or service not known
         at System.Net.Sockets.Socket.AwaitableSocketAsyncEventArgs.ThrowException(SocketError error, CancellationToken cancellationToken)
         at System.Net.Sockets.Socket.AwaitableSocketAsyncEventArgs.System.Threading.Tasks.Sources.IValueTaskSource.GetResult(Int16 token)
         at System.Net.Http.HttpConnectionPool.ConnectToTcpHostAsync(String host, Int32 port, HttpRequestMessage initialRequest, Boolean async, CancellationToken cancellationToken)
         --- End of inner exception stack trace ---
         at System.Net.Http.HttpConnectionPool.ConnectToTcpHostAsync(String host, Int32 port, HttpRequestMessage initialRequest, Boolean async, CancellationToken cancellationToken)
         at System.Net.Http.HttpConnectionPool.ConnectAsync(HttpRequestMessage request, Boolean async, CancellationToken cancellationToken)
         at System.Net.Http.HttpConnectionPool.CreateHttp11ConnectionAsync(HttpRequestMessage request, Boolean async, CancellationToken cancellationToken)
         at System.Net.Http.HttpConnectionPool.InjectNewHttp11ConnectionAsync(QueueItem queueItem)
         at System.Threading.Tasks.TaskCompletionSourceWithCancellation`1.WaitWithCancellationAsync(CancellationToken cancellationToken)
         at System.Net.Http.HttpConnectionPool.SendWithVersionDetectionAndRetryAsync(HttpRequestMessage request, Boolean async, Boolean doRequestAuth, CancellationToken cancellationToken)
         at System.Net.Http.RedirectHandler.SendAsync(HttpRequestMessage request, Boolean async, CancellationToken cancellationToken)
         at Microsoft.Extensions.Http.Logging.LoggingHttpMessageHandler.<SendCoreAsync>g__Core|4_0(HttpRequestMessage request, Boolean useAsync, CancellationToken cancellationToken)
info: System.Net.Http.HttpClient.McpClient.LogicalHandler[104]
      HTTP request failed after 3.2104ms
      System.Net.Http.HttpRequestException: Name or service not known (docker-mcp:8000)
       ---> System.Net.Sockets.SocketException (0xFFFDFFFF): Name or service not known
         at System.Net.Sockets.Socket.AwaitableSocketAsyncEventArgs.ThrowException(SocketError error, CancellationToken cancellationToken)
         at System.Net.Sockets.Socket.AwaitableSocketAsyncEventArgs.System.Threading.Tasks.Sources.IValueTaskSource.GetResult(Int16 token)
         at System.Net.Http.HttpConnectionPool.ConnectToTcpHostAsync(String host, Int32 port, HttpRequestMessage initialRequest, Boolean async, CancellationToken cancellationToken)
         --- End of inner exception stack trace ---
         at System.Net.Http.HttpConnectionPool.ConnectToTcpHostAsync(String host, Int32 port, HttpRequestMessage initialRequest, Boolean async, CancellationToken cancellationToken)
         at System.Net.Http.HttpConnectionPool.ConnectAsync(HttpRequestMessage request, Boolean async, CancellationToken cancellationToken)
         at System.Net.Http.HttpConnectionPool.CreateHttp11ConnectionAsync(HttpRequestMessage request, Boolean async, CancellationToken cancellationToken)
         at System.Net.Http.HttpConnectionPool.InjectNewHttp11ConnectionAsync(QueueItem queueItem)
         at System.Threading.Tasks.TaskCompletionSourceWithCancellation`1.WaitWithCancellationAsync(CancellationToken cancellationToken)
         at System.Net.Http.HttpConnectionPool.SendWithVersionDetectionAndRetryAsync(HttpRequestMessage request, Boolean async, Boolean doRequestAuth, CancellationToken cancellationToken)
         at System.Net.Http.RedirectHandler.SendAsync(HttpRequestMessage request, Boolean async, CancellationToken cancellationToken)
         at Microsoft.Extensions.Http.Logging.LoggingHttpMessageHandler.<SendCoreAsync>g__Core|4_0(HttpRequestMessage request, Boolean useAsync, CancellationToken cancellationToken)
         at Microsoft.Extensions.Http.Logging.LoggingScopeHttpMessageHandler.<SendCoreAsync>g__Core|4_0(HttpRequestMessage request, Boolean useAsync, CancellationToken cancellationToken)
info: System.Net.Http.HttpClient.McpClient.LogicalHandler[104]
      HTTP request failed after 2.8909ms
      System.Net.Http.HttpRequestException: Name or service not known (mcp-arr-4k:3000)
       ---> System.Net.Sockets.SocketException (0xFFFDFFFF): Name or service not known
         at System.Net.Sockets.Socket.AwaitableSocketAsyncEventArgs.ThrowException(SocketError error, CancellationToken cancellationToken)
         at System.Net.Sockets.Socket.AwaitableSocketAsyncEventArgs.System.Threading.Tasks.Sources.IValueTaskSource.GetResult(Int16 token)
         at System.Net.Http.HttpConnectionPool.ConnectToTcpHostAsync(String host, Int32 port, HttpRequestMessage initialRequest, Boolean async, CancellationToken cancellationToken)
         --- End of inner exception stack trace ---
         at System.Net.Http.HttpConnectionPool.ConnectToTcpHostAsync(String host, Int32 port, HttpRequestMessage initialRequest, Boolean async, CancellationToken cancellationToken)
         at System.Net.Http.HttpConnectionPool.ConnectAsync(HttpRequestMessage request, Boolean async, CancellationToken cancellationToken)
         at System.Net.Http.HttpConnectionPool.CreateHttp11ConnectionAsync(HttpRequestMessage request, Boolean async, CancellationToken cancellationToken)
         at System.Net.Http.HttpConnectionPool.InjectNewHttp11ConnectionAsync(QueueItem queueItem)
         at System.Threading.Tasks.TaskCompletionSourceWithCancellation`1.WaitWithCancellationAsync(CancellationToken cancellationToken)
         at System.Net.Http.HttpConnectionPool.SendWithVersionDetectionAndRetryAsync(HttpRequestMessage request, Boolean async, Boolean doRequestAuth, CancellationToken cancellationToken)
         at System.Net.Http.RedirectHandler.SendAsync(HttpRequestMessage request, Boolean async, CancellationToken cancellationToken)
         at Microsoft.Extensions.Http.Logging.LoggingHttpMessageHandler.<SendCoreAsync>g__Core|4_0(HttpRequestMessage request, Boolean useAsync, CancellationToken cancellationToken)
         at Microsoft.Extensions.Http.Logging.LoggingScopeHttpMessageHandler.<SendCoreAsync>g__Core|4_0(HttpRequestMessage request, Boolean useAsync, CancellationToken cancellationToken)
info: System.Net.Http.HttpClient.McpClient.LogicalHandler[104]
      HTTP request failed after 2.9172ms
      System.Net.Http.HttpRequestException: Name or service not known (mcp-arr-hd:3000)
       ---> System.Net.Sockets.SocketException (0xFFFDFFFF): Name or service not known
         at System.Net.Sockets.Socket.AwaitableSocketAsyncEventArgs.ThrowException(SocketError error, CancellationToken cancellationToken)
         at System.Net.Sockets.Socket.AwaitableSocketAsyncEventArgs.System.Threading.Tasks.Sources.IValueTaskSource.GetResult(Int16 token)
         at System.Net.Http.HttpConnectionPool.ConnectToTcpHostAsync(String host, Int32 port, HttpRequestMessage initialRequest, Boolean async, CancellationToken cancellationToken)
         --- End of inner exception stack trace ---
         at System.Net.Http.HttpConnectionPool.ConnectToTcpHostAsync(String host, Int32 port, HttpRequestMessage initialRequest, Boolean async, CancellationToken cancellationToken)
         at System.Net.Http.HttpConnectionPool.ConnectAsync(HttpRequestMessage request, Boolean async, CancellationToken cancellationToken)
         at System.Net.Http.HttpConnectionPool.CreateHttp11ConnectionAsync(HttpRequestMessage request, Boolean async, CancellationToken cancellationToken)
         at System.Net.Http.HttpConnectionPool.InjectNewHttp11ConnectionAsync(QueueItem queueItem)
         at System.Threading.Tasks.TaskCompletionSourceWithCancellation`1.WaitWithCancellationAsync(CancellationToken cancellationToken)
         at System.Net.Http.HttpConnectionPool.SendWithVersionDetectionAndRetryAsync(HttpRequestMessage request, Boolean async, Boolean doRequestAuth, CancellationToken cancellationToken)
         at System.Net.Http.RedirectHandler.SendAsync(HttpRequestMessage request, Boolean async, CancellationToken cancellationToken)
         at Microsoft.Extensions.Http.Logging.LoggingHttpMessageHandler.<SendCoreAsync>g__Core|4_0(HttpRequestMessage request, Boolean useAsync, CancellationToken cancellationToken)
         at Microsoft.Extensions.Http.Logging.LoggingScopeHttpMessageHandler.<SendCoreAsync>g__Core|4_0(HttpRequestMessage request, Boolean useAsync, CancellationToken cancellationToken)
info: Microsoft.EntityFrameworkCore.Database.Command[20101]
      Executed DbCommand (0ms) [Parameters=[], CommandType='Text', CommandTimeout='30']
      SELECT "s"."Id", "s"."ApiKey", "s"."AuthShape", "s"."AutoDiscovered", "s"."Categories", "s"."CustomHeaderName", "s"."DisplayName", "s"."Enabled", "s"."HeadersJson", "s"."Hidden", "s"."SecretItemKey", "s"."SecretProvider", "s"."Type", "s"."Url"
      FROM "Servers" AS "s"
      WHERE "s"."AutoDiscovered"
info: Microsoft.EntityFrameworkCore.Database.Command[20101]
      Executed DbCommand (0ms) [Parameters=[], CommandType='Text', CommandTimeout='30']
      SELECT "s"."Id", "s"."ApiKey", "s"."AuthShape", "s"."AutoDiscovered", "s"."Categories", "s"."CustomHeaderName", "s"."DisplayName", "s"."Enabled", "s"."HeadersJson", "s"."Hidden", "s"."SecretItemKey", "s"."SecretProvider", "s"."Type", "s"."Url"
      FROM "Servers" AS "s"
      WHERE "s"."Enabled"
info: System.Net.Http.HttpClient.McpClient.LogicalHandler[100]
      Start processing HTTP request GET http://docker-mcp:8000/sse
info: System.Net.Http.HttpClient.McpClient.ClientHandler[100]
      Sending HTTP request GET http://docker-mcp:8000/sse
info: System.Net.Http.HttpClient.McpClient.LogicalHandler[100]
      Start processing HTTP request GET http://mcp-arr-4k:3000/mcp
info: System.Net.Http.HttpClient.McpClient.ClientHandler[100]
      Sending HTTP request GET http://mcp-arr-4k:3000/mcp
info: System.Net.Http.HttpClient.McpClient.LogicalHandler[100]
      Start processing HTTP request GET http://mcp-arr-hd:3000/mcp
info: System.Net.Http.HttpClient.McpClient.ClientHandler[100]
      Sending HTTP request GET http://mcp-arr-hd:3000/mcp
info: System.Net.Http.HttpClient.McpClient.ClientHandler[104]
      HTTP request failed after 2.9235ms
      System.Net.Http.HttpRequestException: Name or service not known (mcp-arr-4k:3000)
       ---> System.Net.Sockets.SocketException (0xFFFDFFFF): Name or service not known
         at System.Net.Sockets.Socket.AwaitableSocketAsyncEventArgs.ThrowException(SocketError error, CancellationToken cancellationToken)
         at System.Net.Sockets.Socket.AwaitableSocketAsyncEventArgs.System.Threading.Tasks.Sources.IValueTaskSource.GetResult(Int16 token)
         at System.Net.Http.HttpConnectionPool.ConnectToTcpHostAsync(String host, Int32 port, HttpRequestMessage initialRequest, Boolean async, CancellationToken cancellationToken)
         --- End of inner exception stack trace ---
         at System.Net.Http.HttpConnectionPool.ConnectToTcpHostAsync(String host, Int32 port, HttpRequestMessage initialRequest, Boolean async, CancellationToken cancellationToken)
         at System.Net.Http.HttpConnectionPool.ConnectAsync(HttpRequestMessage request, Boolean async, CancellationToken cancellationToken)
         at System.Net.Http.HttpConnectionPool.CreateHttp11ConnectionAsync(HttpRequestMessage request, Boolean async, CancellationToken cancellationToken)
         at System.Net.Http.HttpConnectionPool.InjectNewHttp11ConnectionAsync(QueueItem queueItem)
         at System.Threading.Tasks.TaskCompletionSourceWithCancellation`1.WaitWithCancellationAsync(CancellationToken cancellationToken)
         at System.Net.Http.HttpConnectionPool.SendWithVersionDetectionAndRetryAsync(HttpRequestMessage request, Boolean async, Boolean doRequestAuth, CancellationToken cancellationToken)
         at System.Net.Http.RedirectHandler.SendAsync(HttpRequestMessage request, Boolean async, CancellationToken cancellationToken)
         at Microsoft.Extensions.Http.Logging.LoggingHttpMessageHandler.<SendCoreAsync>g__Core|4_0(HttpRequestMessage request, Boolean useAsync, CancellationToken cancellationToken)
info: System.Net.Http.HttpClient.McpClient.ClientHandler[104]
      HTTP request failed after 3.2474ms
      System.Net.Http.HttpRequestException: Name or service not known (docker-mcp:8000)
       ---> System.Net.Sockets.SocketException (0xFFFDFFFF): Name or service not known
         at System.Net.Sockets.Socket.AwaitableSocketAsyncEventArgs.ThrowException(SocketError error, CancellationToken cancellationToken)
         at System.Net.Sockets.Socket.AwaitableSocketAsyncEventArgs.System.Threading.Tasks.Sources.IValueTaskSource.GetResult(Int16 token)
         at System.Net.Http.HttpConnectionPool.ConnectToTcpHostAsync(String host, Int32 port, HttpRequestMessage initialRequest, Boolean async, CancellationToken cancellationToken)
         --- End of inner exception stack trace ---
         at System.Net.Http.HttpConnectionPool.ConnectToTcpHostAsync(String host, Int32 port, HttpRequestMessage initialRequest, Boolean async, CancellationToken cancellationToken)
         at System.Net.Http.HttpConnectionPool.ConnectAsync(HttpRequestMessage request, Boolean async, CancellationToken cancellationToken)
         at System.Net.Http.HttpConnectionPool.CreateHttp11ConnectionAsync(HttpRequestMessage request, Boolean async, CancellationToken cancellationToken)
         at System.Net.Http.HttpConnectionPool.InjectNewHttp11ConnectionAsync(QueueItem queueItem)
         at System.Threading.Tasks.TaskCompletionSourceWithCancellation`1.WaitWithCancellationAsync(CancellationToken cancellationToken)
         at System.Net.Http.HttpConnectionPool.SendWithVersionDetectionAndRetryAsync(HttpRequestMessage request, Boolean async, Boolean doRequestAuth, CancellationToken cancellationToken)
         at System.Net.Http.RedirectHandler.SendAsync(HttpRequestMessage request, Boolean async, CancellationToken cancellationToken)
         at Microsoft.Extensions.Http.Logging.LoggingHttpMessageHandler.<SendCoreAsync>g__Core|4_0(HttpRequestMessage request, Boolean useAsync, CancellationToken cancellationToken)
info: System.Net.Http.HttpClient.McpClient.ClientHandler[104]
      HTTP request failed after 3.5586ms
      System.Net.Http.HttpRequestException: Name or service not known (mcp-arr-hd:3000)
       ---> System.Net.Sockets.SocketException (0xFFFDFFFF): Name or service not known
         at System.Net.Sockets.Socket.AwaitableSocketAsyncEventArgs.ThrowException(SocketError error, CancellationToken cancellationToken)
         at System.Net.Sockets.Socket.AwaitableSocketAsyncEventArgs.System.Threading.Tasks.Sources.IValueTaskSource.GetResult(Int16 token)
         at System.Net.Http.HttpConnectionPool.ConnectToTcpHostAsync(String host, Int32 port, HttpRequestMessage initialRequest, Boolean async, CancellationToken cancellationToken)
         --- End of inner exception stack trace ---
         at System.Net.Http.HttpConnectionPool.ConnectToTcpHostAsync(String host, Int32 port, HttpRequestMessage initialRequest, Boolean async, CancellationToken cancellationToken)
         at System.Net.Http.HttpConnectionPool.ConnectAsync(HttpRequestMessage request, Boolean async, CancellationToken cancellationToken)
         at System.Net.Http.HttpConnectionPool.CreateHttp11ConnectionAsync(HttpRequestMessage request, Boolean async, CancellationToken cancellationToken)
         at System.Net.Http.HttpConnectionPool.InjectNewHttp11ConnectionAsync(QueueItem queueItem)
         at System.Threading.Tasks.TaskCompletionSourceWithCancellation`1.WaitWithCancellationAsync(CancellationToken cancellationToken)
         at System.Net.Http.HttpConnectionPool.SendWithVersionDetectionAndRetryAsync(HttpRequestMessage request, Boolean async, Boolean doRequestAuth, CancellationToken cancellationToken)
         at System.Net.Http.RedirectHandler.SendAsync(HttpRequestMessage request, Boolean async, CancellationToken cancellationToken)
         at Microsoft.Extensions.Http.Logging.LoggingHttpMessageHandler.<SendCoreAsync>g__Core|4_0(HttpRequestMessage request, Boolean useAsync, CancellationToken cancellationToken)
info: System.Net.Http.HttpClient.McpClient.LogicalHandler[104]
      HTTP request failed after 3.866ms
      System.Net.Http.HttpRequestException: Name or service not known (docker-mcp:8000)
       ---> System.Net.Sockets.SocketException (0xFFFDFFFF): Name or service not known
         at System.Net.Sockets.Socket.AwaitableSocketAsyncEventArgs.ThrowException(SocketError error, CancellationToken cancellationToken)
         at System.Net.Sockets.Socket.AwaitableSocketAsyncEventArgs.System.Threading.Tasks.Sources.IValueTaskSource.GetResult(Int16 token)
         at System.Net.Http.HttpConnectionPool.ConnectToTcpHostAsync(String host, Int32 port, HttpRequestMessage initialRequest, Boolean async, CancellationToken cancellationToken)
         --- End of inner exception stack trace ---
         at System.Net.Http.HttpConnectionPool.ConnectToTcpHostAsync(String host, Int32 port, HttpRequestMessage initialRequest, Boolean async, CancellationToken cancellationToken)
         at System.Net.Http.HttpConnectionPool.ConnectAsync(HttpRequestMessage request, Boolean async, CancellationToken cancellationToken)
         at System.Net.Http.HttpConnectionPool.CreateHttp11ConnectionAsync(HttpRequestMessage request, Boolean async, CancellationToken cancellationToken)
         at System.Net.Http.HttpConnectionPool.InjectNewHttp11ConnectionAsync(QueueItem queueItem)
         at System.Threading.Tasks.TaskCompletionSourceWithCancellation`1.WaitWithCancellationAsync(CancellationToken cancellationToken)
         at System.Net.Http.HttpConnectionPool.SendWithVersionDetectionAndRetryAsync(HttpRequestMessage request, Boolean async, Boolean doRequestAuth, CancellationToken cancellationToken)
         at System.Net.Http.RedirectHandler.SendAsync(HttpRequestMessage request, Boolean async, CancellationToken cancellationToken)
         at Microsoft.Extensions.Http.Logging.LoggingHttpMessageHandler.<SendCoreAsync>g__Core|4_0(HttpRequestMessage request, Boolean useAsync, CancellationToken cancellationToken)
         at Microsoft.Extensions.Http.Logging.LoggingScopeHttpMessageHandler.<SendCoreAsync>g__Core|4_0(HttpRequestMessage request, Boolean useAsync, CancellationToken cancellationToken)
info: System.Net.Http.HttpClient.McpClient.LogicalHandler[104]
      HTTP request failed after 3.8389ms
      System.Net.Http.HttpRequestException: Name or service not known (mcp-arr-4k:3000)
       ---> System.Net.Sockets.SocketException (0xFFFDFFFF): Name or service not known
         at System.Net.Sockets.Socket.AwaitableSocketAsyncEventArgs.ThrowException(SocketError error, CancellationToken cancellationToken)
         at System.Net.Sockets.Socket.AwaitableSocketAsyncEventArgs.System.Threading.Tasks.Sources.IValueTaskSource.GetResult(Int16 token)
         at System.Net.Http.HttpConnectionPool.ConnectToTcpHostAsync(String host, Int32 port, HttpRequestMessage initialRequest, Boolean async, CancellationToken cancellationToken)
         --- End of inner exception stack trace ---
         at System.Net.Http.HttpConnectionPool.ConnectToTcpHostAsync(String host, Int32 port, HttpRequestMessage initialRequest, Boolean async, CancellationToken cancellationToken)
         at System.Net.Http.HttpConnectionPool.ConnectAsync(HttpRequestMessage request, Boolean async, CancellationToken cancellationToken)
         at System.Net.Http.HttpConnectionPool.CreateHttp11ConnectionAsync(HttpRequestMessage request, Boolean async, CancellationToken cancellationToken)
         at System.Net.Http.HttpConnectionPool.InjectNewHttp11ConnectionAsync(QueueItem queueItem)
         at System.Threading.Tasks.TaskCompletionSourceWithCancellation`1.WaitWithCancellationAsync(CancellationToken cancellationToken)
         at System.Net.Http.HttpConnectionPool.SendWithVersionDetectionAndRetryAsync(HttpRequestMessage request, Boolean async, Boolean doRequestAuth, CancellationToken cancellationToken)
         at System.Net.Http.RedirectHandler.SendAsync(HttpRequestMessage request, Boolean async, CancellationToken cancellationToken)
         at Microsoft.Extensions.Http.Logging.LoggingHttpMessageHandler.<SendCoreAsync>g__Core|4_0(HttpRequestMessage request, Boolean useAsync, CancellationToken cancellationToken)
         at Microsoft.Extensions.Http.Logging.LoggingScopeHttpMessageHandler.<SendCoreAsync>g__Core|4_0(HttpRequestMessage request, Boolean useAsync, CancellationToken cancellationToken)
info: System.Net.Http.HttpClient.McpClient.LogicalHandler[104]
      HTTP request failed after 4.1261ms
      System.Net.Http.HttpRequestException: Name or service not known (mcp-arr-hd:3000)
       ---> System.Net.Sockets.SocketException (0xFFFDFFFF): Name or service not known
         at System.Net.Sockets.Socket.AwaitableSocketAsyncEventArgs.ThrowException(SocketError error, CancellationToken cancellationToken)
         at System.Net.Sockets.Socket.AwaitableSocketAsyncEventArgs.System.Threading.Tasks.Sources.IValueTaskSource.GetResult(Int16 token)
         at System.Net.Http.HttpConnectionPool.ConnectToTcpHostAsync(String host, Int32 port, HttpRequestMessage initialRequest, Boolean async, CancellationToken cancellationToken)
         --- End of inner exception stack trace ---
         at System.Net.Http.HttpConnectionPool.ConnectToTcpHostAsync(String host, Int32 port, HttpRequestMessage initialRequest, Boolean async, CancellationToken cancellationToken)
         at System.Net.Http.HttpConnectionPool.ConnectAsync(HttpRequestMessage request, Boolean async, CancellationToken cancellationToken)
         at System.Net.Http.HttpConnectionPool.CreateHttp11ConnectionAsync(HttpRequestMessage request, Boolean async, CancellationToken cancellationToken)
         at System.Net.Http.HttpConnectionPool.InjectNewHttp11ConnectionAsync(QueueItem queueItem)
         at System.Threading.Tasks.TaskCompletionSourceWithCancellation`1.WaitWithCancellationAsync(CancellationToken cancellationToken)
         at System.Net.Http.HttpConnectionPool.SendWithVersionDetectionAndRetryAsync(HttpRequestMessage request, Boolean async, Boolean doRequestAuth, CancellationToken cancellationToken)
         at System.Net.Http.RedirectHandler.SendAsync(HttpRequestMessage request, Boolean async, CancellationToken cancellationToken)
         at Microsoft.Extensions.Http.Logging.LoggingHttpMessageHandler.<SendCoreAsync>g__Core|4_0(HttpRequestMessage request, Boolean useAsync, CancellationToken cancellationToken)
         at Microsoft.Extensions.Http.Logging.LoggingScopeHttpMessageHandler.<SendCoreAsync>g__Core|4_0(HttpRequestMessage request, Boolean useAsync, CancellationToken cancellationToken)
info: Microsoft.EntityFrameworkCore.Database.Command[20101]
      Executed DbCommand (0ms) [Parameters=[], CommandType='Text', CommandTimeout='30']
      SELECT "s"."Id", "s"."ApiKey", "s"."AuthShape", "s"."AutoDiscovered", "s"."Categories", "s"."CustomHeaderName", "s"."DisplayName", "s"."Enabled", "s"."HeadersJson", "s"."Hidden", "s"."SecretItemKey", "s"."SecretProvider", "s"."Type", "s"."Url"
      FROM "Servers" AS "s"
      WHERE "s"."AutoDiscovered"
info: Microsoft.EntityFrameworkCore.Database.Command[20101]
      Executed DbCommand (0ms) [Parameters=[], CommandType='Text', CommandTimeout='30']
      SELECT "s"."Id", "s"."ApiKey", "s"."AuthShape", "s"."AutoDiscovered", "s"."Categories", "s"."CustomHeaderName", "s"."DisplayName", "s"."Enabled", "s"."HeadersJson", "s"."Hidden", "s"."SecretItemKey", "s"."SecretProvider", "s"."Type", "s"."Url"
      FROM "Servers" AS "s"
      WHERE "s"."Enabled"
info: System.Net.Http.HttpClient.McpClient.LogicalHandler[100]
      Start processing HTTP request GET http://docker-mcp:8000/sse
info: System.Net.Http.HttpClient.McpClient.ClientHandler[100]
      Sending HTTP request GET http://docker-mcp:8000/sse
info: System.Net.Http.HttpClient.McpClient.LogicalHandler[100]
      Start processing HTTP request GET http://mcp-arr-4k:3000/mcp
info: System.Net.Http.HttpClient.McpClient.ClientHandler[100]
      Sending HTTP request GET http://mcp-arr-4k:3000/mcp
info: System.Net.Http.HttpClient.McpClient.LogicalHandler[100]
      Start processing HTTP request GET http://mcp-arr-hd:3000/mcp
info: System.Net.Http.HttpClient.McpClient.ClientHandler[100]
      Sending HTTP request GET http://mcp-arr-hd:3000/mcp
info: System.Net.Http.HttpClient.McpClient.ClientHandler[104]
      HTTP request failed after 3.4402ms
      System.Net.Http.HttpRequestException: Name or service not known (mcp-arr-4k:3000)
       ---> System.Net.Sockets.SocketException (0xFFFDFFFF): Name or service not known
         at System.Net.Sockets.Socket.AwaitableSocketAsyncEventArgs.System.Threading.Tasks.Sources.IValueTaskSource.GetResult(Int16 token)
         at System.Net.Http.HttpConnectionPool.ConnectToTcpHostAsync(String host, Int32 port, HttpRequestMessage initialRequest, Boolean async, CancellationToken cancellationToken)
         --- End of inner exception stack trace ---
         at System.Net.Http.HttpConnectionPool.ConnectToTcpHostAsync(String host, Int32 port, HttpRequestMessage initialRequest, Boolean async, CancellationToken cancellationToken)
         at System.Net.Http.HttpConnectionPool.ConnectAsync(HttpRequestMessage request, Boolean async, CancellationToken cancellationToken)
         at System.Net.Http.HttpConnectionPool.CreateHttp11ConnectionAsync(HttpRequestMessage request, Boolean async, CancellationToken cancellationToken)
         at System.Net.Http.HttpConnectionPool.InjectNewHttp11ConnectionAsync(QueueItem queueItem)
         at System.Threading.Tasks.TaskCompletionSourceWithCancellation`1.WaitWithCancellationAsync(CancellationToken cancellationToken)
         at System.Net.Http.HttpConnectionPool.SendWithVersionDetectionAndRetryAsync(HttpRequestMessage request, Boolean async, Boolean doRequestAuth, CancellationToken cancellationToken)
         at System.Net.Http.RedirectHandler.SendAsync(HttpRequestMessage request, Boolean async, CancellationToken cancellationToken)
         at Microsoft.Extensions.Http.Logging.LoggingHttpMessageHandler.<SendCoreAsync>g__Core|4_0(HttpRequestMessage request, Boolean useAsync, CancellationToken cancellationToken)
info: System.Net.Http.HttpClient.McpClient.ClientHandler[104]
      HTTP request failed after 3.4716ms
      System.Net.Http.HttpRequestException: Name or service not known (mcp-arr-hd:3000)
       ---> System.Net.Sockets.SocketException (0xFFFDFFFF): Name or service not known
         at System.Net.Sockets.Socket.AwaitableSocketAsyncEventArgs.System.Threading.Tasks.Sources.IValueTaskSource.GetResult(Int16 token)
         at System.Net.Http.HttpConnectionPool.ConnectToTcpHostAsync(String host, Int32 port, HttpRequestMessage initialRequest, Boolean async, CancellationToken cancellationToken)
         --- End of inner exception stack trace ---
         at System.Net.Http.HttpConnectionPool.ConnectToTcpHostAsync(String host, Int32 port, HttpRequestMessage initialRequest, Boolean async, CancellationToken cancellationToken)
         at System.Net.Http.HttpConnectionPool.ConnectAsync(HttpRequestMessage request, Boolean async, CancellationToken cancellationToken)
         at System.Net.Http.HttpConnectionPool.CreateHttp11ConnectionAsync(HttpRequestMessage request, Boolean async, CancellationToken cancellationToken)
         at System.Net.Http.HttpConnectionPool.InjectNewHttp11ConnectionAsync(QueueItem queueItem)
         at System.Threading.Tasks.TaskCompletionSourceWithCancellation`1.WaitWithCancellationAsync(CancellationToken cancellationToken)
         at System.Net.Http.HttpConnectionPool.SendWithVersionDetectionAndRetryAsync(HttpRequestMessage request, Boolean async, Boolean doRequestAuth, CancellationToken cancellationToken)
         at System.Net.Http.RedirectHandler.SendAsync(HttpRequestMessage request, Boolean async, CancellationToken cancellationToken)
         at Microsoft.Extensions.Http.Logging.LoggingHttpMessageHandler.<SendCoreAsync>g__Core|4_0(HttpRequestMessage request, Boolean useAsync, CancellationToken cancellationToken)
info: System.Net.Http.HttpClient.McpClient.ClientHandler[104]
      HTTP request failed after 3.5599ms
      System.Net.Http.HttpRequestException: Name or service not known (docker-mcp:8000)
       ---> System.Net.Sockets.SocketException (0xFFFDFFFF): Name or service not known
         at System.Net.Sockets.Socket.AwaitableSocketAsyncEventArgs.System.Threading.Tasks.Sources.IValueTaskSource.GetResult(Int16 token)
         at System.Net.Http.HttpConnectionPool.ConnectToTcpHostAsync(String host, Int32 port, HttpRequestMessage initialRequest, Boolean async, CancellationToken cancellationToken)
         --- End of inner exception stack trace ---
         at System.Net.Http.HttpConnectionPool.ConnectToTcpHostAsync(String host, Int32 port, HttpRequestMessage initialRequest, Boolean async, CancellationToken cancellationToken)
         at System.Net.Http.HttpConnectionPool.ConnectAsync(HttpRequestMessage request, Boolean async, CancellationToken cancellationToken)
         at System.Net.Http.HttpConnectionPool.CreateHttp11ConnectionAsync(HttpRequestMessage request, Boolean async, CancellationToken cancellationToken)
         at System.Net.Http.HttpConnectionPool.InjectNewHttp11ConnectionAsync(QueueItem queueItem)
         at System.Threading.Tasks.TaskCompletionSourceWithCancellation`1.WaitWithCancellationAsync(CancellationToken cancellationToken)
         at System.Net.Http.HttpConnectionPool.SendWithVersionDetectionAndRetryAsync(HttpRequestMessage request, Boolean async, Boolean doRequestAuth, CancellationToken cancellationToken)
         at System.Net.Http.RedirectHandler.SendAsync(HttpRequestMessage request, Boolean async, CancellationToken cancellationToken)
         at Microsoft.Extensions.Http.Logging.LoggingHttpMessageHandler.<SendCoreAsync>g__Core|4_0(HttpRequestMessage request, Boolean useAsync, CancellationToken cancellationToken)
info: System.Net.Http.HttpClient.McpClient.LogicalHandler[104]
      HTTP request failed after 4.0353ms
      System.Net.Http.HttpRequestException: Name or service not known (mcp-arr-4k:3000)
       ---> System.Net.Sockets.SocketException (0xFFFDFFFF): Name or service not known
         at System.Net.Sockets.Socket.AwaitableSocketAsyncEventArgs.System.Threading.Tasks.Sources.IValueTaskSource.GetResult(Int16 token)
         at System.Net.Http.HttpConnectionPool.ConnectToTcpHostAsync(String host, Int32 port, HttpRequestMessage initialRequest, Boolean async, CancellationToken cancellationToken)
         --- End of inner exception stack trace ---
         at System.Net.Http.HttpConnectionPool.ConnectToTcpHostAsync(String host, Int32 port, HttpRequestMessage initialRequest, Boolean async, CancellationToken cancellationToken)
         at System.Net.Http.HttpConnectionPool.ConnectAsync(HttpRequestMessage request, Boolean async, CancellationToken cancellationToken)
         at System.Net.Http.HttpConnectionPool.CreateHttp11ConnectionAsync(HttpRequestMessage request, Boolean async, CancellationToken cancellationToken)
         at System.Net.Http.HttpConnectionPool.InjectNewHttp11ConnectionAsync(QueueItem queueItem)
         at System.Threading.Tasks.TaskCompletionSourceWithCancellation`1.WaitWithCancellationAsync(CancellationToken cancellationToken)
         at System.Net.Http.HttpConnectionPool.SendWithVersionDetectionAndRetryAsync(HttpRequestMessage request, Boolean async, Boolean doRequestAuth, CancellationToken cancellationToken)
         at System.Net.Http.RedirectHandler.SendAsync(HttpRequestMessage request, Boolean async, CancellationToken cancellationToken)
         at Microsoft.Extensions.Http.Logging.LoggingHttpMessageHandler.<SendCoreAsync>g__Core|4_0(HttpRequestMessage request, Boolean useAsync, CancellationToken cancellationToken)
         at Microsoft.Extensions.Http.Logging.LoggingScopeHttpMessageHandler.<SendCoreAsync>g__Core|4_0(HttpRequestMessage request, Boolean useAsync, CancellationToken cancellationToken)
info: System.Net.Http.HttpClient.McpClient.LogicalHandler[104]
      HTTP request failed after 4.4338ms
      System.Net.Http.HttpRequestException: Name or service not known (mcp-arr-hd:3000)
       ---> System.Net.Sockets.SocketException (0xFFFDFFFF): Name or service not known
         at System.Net.Sockets.Socket.AwaitableSocketAsyncEventArgs.System.Threading.Tasks.Sources.IValueTaskSource.GetResult(Int16 token)
         at System.Net.Http.HttpConnectionPool.ConnectToTcpHostAsync(String host, Int32 port, HttpRequestMessage initialRequest, Boolean async, CancellationToken cancellationToken)
         --- End of inner exception stack trace ---
         at System.Net.Http.HttpConnectionPool.ConnectToTcpHostAsync(String host, Int32 port, HttpRequestMessage initialRequest, Boolean async, CancellationToken cancellationToken)
         at System.Net.Http.HttpConnectionPool.ConnectAsync(HttpRequestMessage request, Boolean async, CancellationToken cancellationToken)
         at System.Net.Http.HttpConnectionPool.CreateHttp11ConnectionAsync(HttpRequestMessage request, Boolean async, CancellationToken cancellationToken)
         at System.Net.Http.HttpConnectionPool.InjectNewHttp11ConnectionAsync(QueueItem queueItem)
         at System.Threading.Tasks.TaskCompletionSourceWithCancellation`1.WaitWithCancellationAsync(CancellationToken cancellationToken)
         at System.Net.Http.HttpConnectionPool.SendWithVersionDetectionAndRetryAsync(HttpRequestMessage request, Boolean async, Boolean doRequestAuth, CancellationToken cancellationToken)
         at System.Net.Http.RedirectHandler.SendAsync(HttpRequestMessage request, Boolean async, CancellationToken cancellationToken)
         at Microsoft.Extensions.Http.Logging.LoggingHttpMessageHandler.<SendCoreAsync>g__Core|4_0(HttpRequestMessage request, Boolean useAsync, CancellationToken cancellationToken)
         at Microsoft.Extensions.Http.Logging.LoggingScopeHttpMessageHandler.<SendCoreAsync>g__Core|4_0(HttpRequestMessage request, Boolean useAsync, CancellationToken cancellationToken)
info: System.Net.Http.HttpClient.McpClient.LogicalHandler[104]
      HTTP request failed after 4.7572ms
      System.Net.Http.HttpRequestException: Name or service not known (docker-mcp:8000)
       ---> System.Net.Sockets.SocketException (0xFFFDFFFF): Name or service not known
         at System.Net.Sockets.Socket.AwaitableSocketAsyncEventArgs.System.Threading.Tasks.Sources.IValueTaskSource.GetResult(Int16 token)
         at System.Net.Http.HttpConnectionPool.ConnectToTcpHostAsync(String host, Int32 port, HttpRequestMessage initialRequest, Boolean async, CancellationToken cancellationToken)
         --- End of inner exception stack trace ---
         at System.Net.Http.HttpConnectionPool.ConnectToTcpHostAsync(String host, Int32 port, HttpRequestMessage initialRequest, Boolean async, CancellationToken cancellationToken)
         at System.Net.Http.HttpConnectionPool.ConnectAsync(HttpRequestMessage request, Boolean async, CancellationToken cancellationToken)
         at System.Net.Http.HttpConnectionPool.CreateHttp11ConnectionAsync(HttpRequestMessage request, Boolean async, CancellationToken cancellationToken)
         at System.Net.Http.HttpConnectionPool.InjectNewHttp11ConnectionAsync(QueueItem queueItem)
         at System.Threading.Tasks.TaskCompletionSourceWithCancellation`1.WaitWithCancellationAsync(CancellationToken cancellationToken)
         at System.Net.Http.HttpConnectionPool.SendWithVersionDetectionAndRetryAsync(HttpRequestMessage request, Boolean async, Boolean doRequestAuth, CancellationToken cancellationToken)
         at System.Net.Http.RedirectHandler.SendAsync(HttpRequestMessage request, Boolean async, CancellationToken cancellationToken)
         at Microsoft.Extensions.Http.Logging.LoggingHttpMessageHandler.<SendCoreAsync>g__Core|4_0(HttpRequestMessage request, Boolean useAsync, CancellationToken cancellationToken)
         at Microsoft.Extensions.Http.Logging.LoggingScopeHttpMessageHandler.<SendCoreAsync>g__Core|4_0(HttpRequestMessage request, Boolean useAsync, CancellationToken cancellationToken)
info: Microsoft.EntityFrameworkCore.Database.Command[20101]
      Executed DbCommand (0ms) [Parameters=[], CommandType='Text', CommandTimeout='30']
      SELECT "s"."Id", "s"."ApiKey", "s"."AuthShape", "s"."AutoDiscovered", "s"."Categories", "s"."CustomHeaderName", "s"."DisplayName", "s"."Enabled", "s"."HeadersJson", "s"."Hidden", "s"."SecretItemKey", "s"."SecretProvider", "s"."Type", "s"."Url"
      FROM "Servers" AS "s"
      WHERE "s"."AutoDiscovered"
info: Microsoft.EntityFrameworkCore.Database.Command[20101]
      Executed DbCommand (0ms) [Parameters=[], CommandType='Text', CommandTimeout='30']
      SELECT "s"."Id", "s"."ApiKey", "s"."AuthShape", "s"."AutoDiscovered", "s"."Categories", "s"."CustomHeaderName", "s"."DisplayName", "s"."Enabled", "s"."HeadersJson", "s"."Hidden", "s"."SecretItemKey", "s"."SecretProvider", "s"."Type", "s"."Url"
      FROM "Servers" AS "s"
      WHERE "s"."Enabled"
info: System.Net.Http.HttpClient.McpClient.LogicalHandler[100]
      Start processing HTTP request GET http://docker-mcp:8000/sse
info: System.Net.Http.HttpClient.McpClient.ClientHandler[100]
      Sending HTTP request GET http://docker-mcp:8000/sse
info: System.Net.Http.HttpClient.McpClient.LogicalHandler[100]
      Start processing HTTP request GET http://mcp-arr-4k:3000/mcp
info: System.Net.Http.HttpClient.McpClient.ClientHandler[100]
      Sending HTTP request GET http://mcp-arr-4k:3000/mcp
info: System.Net.Http.HttpClient.McpClient.LogicalHandler[100]
      Start processing HTTP request GET http://mcp-arr-hd:3000/mcp
info: System.Net.Http.HttpClient.McpClient.ClientHandler[100]
      Sending HTTP request GET http://mcp-arr-hd:3000/mcp
info: System.Net.Http.HttpClient.McpClient.ClientHandler[104]
      HTTP request failed after 1.7216ms
      System.Net.Http.HttpRequestException: Name or service not known (mcp-arr-hd:3000)
       ---> System.Net.Sockets.SocketException (0xFFFDFFFF): Name or service not known
         at System.Net.Sockets.Socket.AwaitableSocketAsyncEventArgs.System.Threading.Tasks.Sources.IValueTaskSource.GetResult(Int16 token)
         at System.Net.Http.HttpConnectionPool.ConnectToTcpHostAsync(String host, Int32 port, HttpRequestMessage initialRequest, Boolean async, CancellationToken cancellationToken)
         --- End of inner exception stack trace ---
         at System.Net.Http.HttpConnectionPool.ConnectToTcpHostAsync(String host, Int32 port, HttpRequestMessage initialRequest, Boolean async, CancellationToken cancellationToken)
         at System.Net.Http.HttpConnectionPool.ConnectAsync(HttpRequestMessage request, Boolean async, CancellationToken cancellationToken)
         at System.Net.Http.HttpConnectionPool.CreateHttp11ConnectionAsync(HttpRequestMessage request, Boolean async, CancellationToken cancellationToken)
         at System.Net.Http.HttpConnectionPool.InjectNewHttp11ConnectionAsync(QueueItem queueItem)
         at System.Threading.Tasks.TaskCompletionSourceWithCancellation`1.WaitWithCancellationAsync(CancellationToken cancellationToken)
         at System.Net.Http.HttpConnectionPool.SendWithVersionDetectionAndRetryAsync(HttpRequestMessage request, Boolean async, Boolean doRequestAuth, CancellationToken cancellationToken)
         at System.Net.Http.RedirectHandler.SendAsync(HttpRequestMessage request, Boolean async, CancellationToken cancellationToken)
         at Microsoft.Extensions.Http.Logging.LoggingHttpMessageHandler.<SendCoreAsync>g__Core|4_0(HttpRequestMessage request, Boolean useAsync, CancellationToken cancellationToken)
info: System.Net.Http.HttpClient.McpClient.ClientHandler[104]
      HTTP request failed after 2.0768ms
      System.Net.Http.HttpRequestException: Name or service not known (docker-mcp:8000)
       ---> System.Net.Sockets.SocketException (0xFFFDFFFF): Name or service not known
         at System.Net.Sockets.Socket.AwaitableSocketAsyncEventArgs.System.Threading.Tasks.Sources.IValueTaskSource.GetResult(Int16 token)
         at System.Net.Http.HttpConnectionPool.ConnectToTcpHostAsync(String host, Int32 port, HttpRequestMessage initialRequest, Boolean async, CancellationToken cancellationToken)
         --- End of inner exception stack trace ---
         at System.Net.Http.HttpConnectionPool.ConnectToTcpHostAsync(String host, Int32 port, HttpRequestMessage initialRequest, Boolean async, CancellationToken cancellationToken)
         at System.Net.Http.HttpConnectionPool.ConnectAsync(HttpRequestMessage request, Boolean async, CancellationToken cancellationToken)
         at System.Net.Http.HttpConnectionPool.CreateHttp11ConnectionAsync(HttpRequestMessage request, Boolean async, CancellationToken cancellationToken)
         at System.Net.Http.HttpConnectionPool.InjectNewHttp11ConnectionAsync(QueueItem queueItem)
         at System.Threading.Tasks.TaskCompletionSourceWithCancellation`1.WaitWithCancellationAsync(CancellationToken cancellationToken)
         at System.Net.Http.HttpConnectionPool.SendWithVersionDetectionAndRetryAsync(HttpRequestMessage request, Boolean async, Boolean doRequestAuth, CancellationToken cancellationToken)
         at System.Net.Http.RedirectHandler.SendAsync(HttpRequestMessage request, Boolean async, CancellationToken cancellationToken)
         at Microsoft.Extensions.Http.Logging.LoggingHttpMessageHandler.<SendCoreAsync>g__Core|4_0(HttpRequestMessage request, Boolean useAsync, CancellationToken cancellationToken)
info: System.Net.Http.HttpClient.McpClient.LogicalHandler[104]
      HTTP request failed after 2.6143ms
      System.Net.Http.HttpRequestException: Name or service not known (docker-mcp:8000)
       ---> System.Net.Sockets.SocketException (0xFFFDFFFF): Name or service not known
         at System.Net.Sockets.Socket.AwaitableSocketAsyncEventArgs.System.Threading.Tasks.Sources.IValueTaskSource.GetResult(Int16 token)
         at System.Net.Http.HttpConnectionPool.ConnectToTcpHostAsync(String host, Int32 port, HttpRequestMessage initialRequest, Boolean async, CancellationToken cancellationToken)
         --- End of inner exception stack trace ---
         at System.Net.Http.HttpConnectionPool.ConnectToTcpHostAsync(String host, Int32 port, HttpRequestMessage initialRequest, Boolean async, CancellationToken cancellationToken)
         at System.Net.Http.HttpConnectionPool.ConnectAsync(HttpRequestMessage request, Boolean async, CancellationToken cancellationToken)
         at System.Net.Http.HttpConnectionPool.CreateHttp11ConnectionAsync(HttpRequestMessage request, Boolean async, CancellationToken cancellationToken)
         at System.Net.Http.HttpConnectionPool.InjectNewHttp11ConnectionAsync(QueueItem queueItem)
         at System.Threading.Tasks.TaskCompletionSourceWithCancellation`1.WaitWithCancellationAsync(CancellationToken cancellationToken)
         at System.Net.Http.HttpConnectionPool.SendWithVersionDetectionAndRetryAsync(HttpRequestMessage request, Boolean async, Boolean doRequestAuth, CancellationToken cancellationToken)
         at System.Net.Http.RedirectHandler.SendAsync(HttpRequestMessage request, Boolean async, CancellationToken cancellationToken)
         at Microsoft.Extensions.Http.Logging.LoggingHttpMessageHandler.<SendCoreAsync>g__Core|4_0(HttpRequestMessage request, Boolean useAsync, CancellationToken cancellationToken)
         at Microsoft.Extensions.Http.Logging.LoggingScopeHttpMessageHandler.<SendCoreAsync>g__Core|4_0(HttpRequestMessage request, Boolean useAsync, CancellationToken cancellationToken)
info: System.Net.Http.HttpClient.McpClient.LogicalHandler[104]
      HTTP request failed after 2.4874ms
      System.Net.Http.HttpRequestException: Name or service not known (mcp-arr-hd:3000)
       ---> System.Net.Sockets.SocketException (0xFFFDFFFF): Name or service not known
         at System.Net.Sockets.Socket.AwaitableSocketAsyncEventArgs.System.Threading.Tasks.Sources.IValueTaskSource.GetResult(Int16 token)
         at System.Net.Http.HttpConnectionPool.ConnectToTcpHostAsync(String host, Int32 port, HttpRequestMessage initialRequest, Boolean async, CancellationToken cancellationToken)
         --- End of inner exception stack trace ---
         at System.Net.Http.HttpConnectionPool.ConnectToTcpHostAsync(String host, Int32 port, HttpRequestMessage initialRequest, Boolean async, CancellationToken cancellationToken)
         at System.Net.Http.HttpConnectionPool.ConnectAsync(HttpRequestMessage request, Boolean async, CancellationToken cancellationToken)
         at System.Net.Http.HttpConnectionPool.CreateHttp11ConnectionAsync(HttpRequestMessage request, Boolean async, CancellationToken cancellationToken)
         at System.Net.Http.HttpConnectionPool.InjectNewHttp11ConnectionAsync(QueueItem queueItem)
         at System.Threading.Tasks.TaskCompletionSourceWithCancellation`1.WaitWithCancellationAsync(CancellationToken cancellationToken)
         at System.Net.Http.HttpConnectionPool.SendWithVersionDetectionAndRetryAsync(HttpRequestMessage request, Boolean async, Boolean doRequestAuth, CancellationToken cancellationToken)
         at System.Net.Http.RedirectHandler.SendAsync(HttpRequestMessage request, Boolean async, CancellationToken cancellationToken)
         at Microsoft.Extensions.Http.Logging.LoggingHttpMessageHandler.<SendCoreAsync>g__Core|4_0(HttpRequestMessage request, Boolean useAsync, CancellationToken cancellationToken)
         at Microsoft.Extensions.Http.Logging.LoggingScopeHttpMessageHandler.<SendCoreAsync>g__Core|4_0(HttpRequestMessage request, Boolean useAsync, CancellationToken cancellationToken)
info: System.Net.Http.HttpClient.McpClient.ClientHandler[104]
      HTTP request failed after 4.4591ms
      System.Net.Http.HttpRequestException: Name or service not known (mcp-arr-4k:3000)
       ---> System.Net.Sockets.SocketException (0xFFFDFFFF): Name or service not known
         at System.Net.Sockets.Socket.AwaitableSocketAsyncEventArgs.System.Threading.Tasks.Sources.IValueTaskSource.GetResult(Int16 token)
         at System.Net.Http.HttpConnectionPool.ConnectToTcpHostAsync(String host, Int32 port, HttpRequestMessage initialRequest, Boolean async, CancellationToken cancellationToken)
         --- End of inner exception stack trace ---
         at System.Net.Http.HttpConnectionPool.ConnectToTcpHostAsync(String host, Int32 port, HttpRequestMessage initialRequest, Boolean async, CancellationToken cancellationToken)
         at System.Net.Http.HttpConnectionPool.ConnectAsync(HttpRequestMessage request, Boolean async, CancellationToken cancellationToken)
         at System.Net.Http.HttpConnectionPool.CreateHttp11ConnectionAsync(HttpRequestMessage request, Boolean async, CancellationToken cancellationToken)
         at System.Net.Http.HttpConnectionPool.InjectNewHttp11ConnectionAsync(QueueItem queueItem)
         at System.Threading.Tasks.TaskCompletionSourceWithCancellation`1.WaitWithCancellationAsync(CancellationToken cancellationToken)
         at System.Net.Http.HttpConnectionPool.SendWithVersionDetectionAndRetryAsync(HttpRequestMessage request, Boolean async, Boolean doRequestAuth, CancellationToken cancellationToken)
         at System.Net.Http.RedirectHandler.SendAsync(HttpRequestMessage request, Boolean async, CancellationToken cancellationToken)
         at Microsoft.Extensions.Http.Logging.LoggingHttpMessageHandler.<SendCoreAsync>g__Core|4_0(HttpRequestMessage request, Boolean useAsync, CancellationToken cancellationToken)
info: System.Net.Http.HttpClient.McpClient.LogicalHandler[104]
      HTTP request failed after 4.9922ms
      System.Net.Http.HttpRequestException: Name or service not known (mcp-arr-4k:3000)
       ---> System.Net.Sockets.SocketException (0xFFFDFFFF): Name or service not known
         at System.Net.Sockets.Socket.AwaitableSocketAsyncEventArgs.System.Threading.Tasks.Sources.IValueTaskSource.GetResult(Int16 token)
         at System.Net.Http.HttpConnectionPool.ConnectToTcpHostAsync(String host, Int32 port, HttpRequestMessage initialRequest, Boolean async, CancellationToken cancellationToken)
         --- End of inner exception stack trace ---
         at System.Net.Http.HttpConnectionPool.ConnectToTcpHostAsync(String host, Int32 port, HttpRequestMessage initialRequest, Boolean async, CancellationToken cancellationToken)
         at System.Net.Http.HttpConnectionPool.ConnectAsync(HttpRequestMessage request, Boolean async, CancellationToken cancellationToken)
         at System.Net.Http.HttpConnectionPool.CreateHttp11ConnectionAsync(HttpRequestMessage request, Boolean async, CancellationToken cancellationToken)
         at System.Net.Http.HttpConnectionPool.InjectNewHttp11ConnectionAsync(QueueItem queueItem)
         at System.Threading.Tasks.TaskCompletionSourceWithCancellation`1.WaitWithCancellationAsync(CancellationToken cancellationToken)
         at System.Net.Http.HttpConnectionPool.SendWithVersionDetectionAndRetryAsync(HttpRequestMessage request, Boolean async, Boolean doRequestAuth, CancellationToken cancellationToken)
         at System.Net.Http.RedirectHandler.SendAsync(HttpRequestMessage request, Boolean async, CancellationToken cancellationToken)
         at Microsoft.Extensions.Http.Logging.LoggingHttpMessageHandler.<SendCoreAsync>g__Core|4_0(HttpRequestMessage request, Boolean useAsync, CancellationToken cancellationToken)
         at Microsoft.Extensions.Http.Logging.LoggingScopeHttpMessageHandler.<SendCoreAsync>g__Core|4_0(HttpRequestMessage request, Boolean useAsync, CancellationToken cancellationToken)
info: Microsoft.AspNetCore.Hosting.Diagnostics[1]
      Request starting HTTP/1.1 GET http://localhost:5000/ - - -
info: Program[0]
      Incoming request: GET / from ::1. Body: . Headers: Accept: text/html,application/xhtml+xml,application/xml;q=0.9,image/avif,image/webp,image/apng,*/*;q=0.8,application/signed-exchange;v=b3;q=0.7 | Connection: keep-alive | Host: localhost:5000 | User-Agent: Mozilla/5.0 (X11; Linux x86_64) AppleWebKit/537.36 (KHTML, like Gecko) HeadlessChrome/145.0.7632.6 Safari/537.36 | Accept-Encoding: gzip, deflate, br, zstd | Upgrade-Insecure-Requests: 1 | sec-ch-ua: "Not:A-Brand";v="99", "HeadlessChrome";v="145", "Chromium";v="145" | sec-ch-ua-mobile: ?0 | sec-ch-ua-platform: "Linux" | Sec-Fetch-Site: none | Sec-Fetch-Mode: navigate | Sec-Fetch-User: ?1 | Sec-Fetch-Dest: document
info: Microsoft.AspNetCore.StaticFiles.StaticFileMiddleware[2]
      Sending file. Request path: '/index.html'. Physical path: '/app/wwwroot/index.html'
info: Microsoft.AspNetCore.Hosting.Diagnostics[2]
      Request finished HTTP/1.1 GET http://localhost:5000/index.html - 200 819 text/html 17.2328ms
info: Microsoft.AspNetCore.Hosting.Diagnostics[1]
      Request starting HTTP/1.1 GET http://localhost:5000/assets/index-CogZ-Ju_.js - - -
info: Microsoft.AspNetCore.Hosting.Diagnostics[1]
      Request starting HTTP/1.1 GET http://localhost:5000/assets/index-BbSzuPVx.css - - -
info: Microsoft.AspNetCore.Cors.Infrastructure.CorsService[4]
      CORS policy execution successful.
info: Microsoft.AspNetCore.Cors.Infrastructure.CorsService[4]
      CORS policy execution successful.
info: Program[0]
      Incoming request: GET /assets/index-BbSzuPVx.css from ::1. Body: . Headers: Accept: text/css,*/*;q=0.1 | Connection: keep-alive | Host: localhost:5000 | User-Agent: Mozilla/5.0 (X11; Linux x86_64) AppleWebKit/537.36 (KHTML, like Gecko) HeadlessChrome/145.0.7632.6 Safari/537.36 | Accept-Encoding: gzip, deflate, br, zstd | Origin: http://localhost:5000 | Referer: http://localhost:5000/ | sec-ch-ua-platform: "Linux" | sec-ch-ua: "Not:A-Brand";v="99", "HeadlessChrome";v="145", "Chromium";v="145" | sec-ch-ua-mobile: ?0 | Sec-Fetch-Site: same-origin | Sec-Fetch-Mode: cors | Sec-Fetch-Dest: style
info: Program[0]
      Incoming request: GET /assets/index-CogZ-Ju_.js from ::1. Body: . Headers: Accept: */* | Connection: keep-alive | Host: localhost:5000 | User-Agent: Mozilla/5.0 (X11; Linux x86_64) AppleWebKit/537.36 (KHTML, like Gecko) HeadlessChrome/145.0.7632.6 Safari/537.36 | Accept-Encoding: gzip, deflate, br, zstd | Origin: http://localhost:5000 | Referer: http://localhost:5000/ | sec-ch-ua-platform: "Linux" | sec-ch-ua: "Not:A-Brand";v="99", "HeadlessChrome";v="145", "Chromium";v="145" | sec-ch-ua-mobile: ?0 | Sec-Fetch-Site: same-origin | Sec-Fetch-Mode: cors | Sec-Fetch-Dest: script
info: Microsoft.AspNetCore.StaticFiles.StaticFileMiddleware[2]
      Sending file. Request path: '/assets/index-BbSzuPVx.css'. Physical path: '/app/wwwroot/assets/index-BbSzuPVx.css'
info: Microsoft.AspNetCore.Hosting.Diagnostics[2]
      Request finished HTTP/1.1 GET http://localhost:5000/assets/index-BbSzuPVx.css - 200 19845 text/css 38.0910ms
info: Microsoft.AspNetCore.StaticFiles.StaticFileMiddleware[2]
      Sending file. Request path: '/assets/index-CogZ-Ju_.js'. Physical path: '/app/wwwroot/assets/index-CogZ-Ju_.js'
info: Microsoft.AspNetCore.Hosting.Diagnostics[2]
      Request finished HTTP/1.1 GET http://localhost:5000/assets/index-CogZ-Ju_.js - 200 301316 text/javascript 48.4181ms
info: Microsoft.AspNetCore.Hosting.Diagnostics[1]
      Request starting HTTP/1.1 GET http://localhost:5000/api/me - application/json -
info: Microsoft.AspNetCore.Hosting.Diagnostics[1]
      Request starting HTTP/1.1 GET http://localhost:5000/health - application/json -
info: Program[0]
      Incoming request: GET /api/me from ::1. Body: . Headers: Accept: */* | Connection: keep-alive | Host: localhost:5000 | User-Agent: Mozilla/5.0 (X11; Linux x86_64) AppleWebKit/537.36 (KHTML, like Gecko) HeadlessChrome/145.0.7632.6 Safari/537.36 | Accept-Encoding: gzip, deflate, br, zstd | Content-Type: application/json | Referer: http://localhost:5000/ | sec-ch-ua-platform: "Linux" | sec-ch-ua: "Not:A-Brand";v="99", "HeadlessChrome";v="145", "Chromium";v="145" | sec-ch-ua-mobile: ?0 | Sec-Fetch-Site: same-origin | Sec-Fetch-Mode: cors | Sec-Fetch-Dest: empty
info: Program[0]
      Incoming request: GET /health from ::1. Body: . Headers: Accept: */* | Connection: keep-alive | Host: localhost:5000 | User-Agent: Mozilla/5.0 (X11; Linux x86_64) AppleWebKit/537.36 (KHTML, like Gecko) HeadlessChrome/145.0.7632.6 Safari/537.36 | Accept-Encoding: gzip, deflate, br, zstd | Content-Type: application/json | Referer: http://localhost:5000/ | sec-ch-ua-platform: "Linux" | sec-ch-ua: "Not:A-Brand";v="99", "HeadlessChrome";v="145", "Chromium";v="145" | sec-ch-ua-mobile: ?0 | Sec-Fetch-Site: same-origin | Sec-Fetch-Mode: cors | Sec-Fetch-Dest: empty
info: Microsoft.AspNetCore.Routing.EndpointMiddleware[0]
      Executing endpoint 'HTTP: GET /health'
info: Microsoft.AspNetCore.Routing.EndpointMiddleware[0]
      Executing endpoint 'HTTP: GET /api/me'
info: Microsoft.AspNetCore.Http.Result.OkObjectResult[1]
      Setting HTTP status code 200.
info: Microsoft.AspNetCore.Http.Result.OkObjectResult[3]
      Writing value of type '<>f__AnonymousType52`3' as Json.
info: Microsoft.AspNetCore.Routing.EndpointMiddleware[1]
      Executed endpoint 'HTTP: GET /health'
info: Microsoft.AspNetCore.Hosting.Diagnostics[2]
      Request finished HTTP/1.1 GET http://localhost:5000/health - 200 - application/json;+charset=utf-8 1.4558ms
info: Microsoft.AspNetCore.Http.Result.OkObjectResult[1]
      Setting HTTP status code 200.
info: Microsoft.AspNetCore.Http.Result.OkObjectResult[3]
      Writing value of type '<>f__AnonymousType73`1' as Json.
info: Microsoft.AspNetCore.Routing.EndpointMiddleware[1]
      Executed endpoint 'HTTP: GET /api/me'
info: Microsoft.AspNetCore.Hosting.Diagnostics[2]
      Request finished HTTP/1.1 GET http://localhost:5000/api/me - 200 - application/json;+charset=utf-8 13.0199ms
info: Microsoft.AspNetCore.Hosting.Diagnostics[1]
      Request starting HTTP/1.1 GET http://localhost:5000/api/servers - application/json -
info: Microsoft.AspNetCore.Hosting.Diagnostics[1]
      Request starting HTTP/1.1 GET http://localhost:5000/api/clients - application/json -
info: Microsoft.AspNetCore.Hosting.Diagnostics[1]
      Request starting HTTP/1.1 GET http://localhost:5000/api/approvals - application/json -
info: Program[0]
      Incoming request: GET /api/clients from ::1. Body: . Headers: Accept: */* | Connection: keep-alive | Host: localhost:5000 | User-Agent: Mozilla/5.0 (X11; Linux x86_64) AppleWebKit/537.36 (KHTML, like Gecko) HeadlessChrome/145.0.7632.6 Safari/537.36 | Accept-Encoding: gzip, deflate, br, zstd | Content-Type: application/json | Referer: http://localhost:5000/ | sec-ch-ua-platform: "Linux" | sec-ch-ua: "Not:A-Brand";v="99", "HeadlessChrome";v="145", "Chromium";v="145" | sec-ch-ua-mobile: ?0 | Sec-Fetch-Site: same-origin | Sec-Fetch-Mode: cors | Sec-Fetch-Dest: empty
info: Program[0]
      Incoming request: GET /api/approvals from ::1. Body: . Headers: Accept: */* | Connection: keep-alive | Host: localhost:5000 | User-Agent: Mozilla/5.0 (X11; Linux x86_64) AppleWebKit/537.36 (KHTML, like Gecko) HeadlessChrome/145.0.7632.6 Safari/537.36 | Accept-Encoding: gzip, deflate, br, zstd | Content-Type: application/json | Referer: http://localhost:5000/ | sec-ch-ua-platform: "Linux" | sec-ch-ua: "Not:A-Brand";v="99", "HeadlessChrome";v="145", "Chromium";v="145" | sec-ch-ua-mobile: ?0 | Sec-Fetch-Site: same-origin | Sec-Fetch-Mode: cors | Sec-Fetch-Dest: empty
info: Microsoft.AspNetCore.Routing.EndpointMiddleware[0]
      Executing endpoint 'HTTP: GET /api/approvals'
info: Microsoft.AspNetCore.Routing.EndpointMiddleware[0]
      Executing endpoint 'McpRouter.Controllers.ClientsController.GetClients (mcp-router)'
info: Program[0]
      Incoming request: GET /api/servers from ::1. Body: . Headers: Accept: */* | Connection: keep-alive | Host: localhost:5000 | User-Agent: Mozilla/5.0 (X11; Linux x86_64) AppleWebKit/537.36 (KHTML, like Gecko) HeadlessChrome/145.0.7632.6 Safari/537.36 | Accept-Encoding: gzip, deflate, br, zstd | Content-Type: application/json | Referer: http://localhost:5000/ | sec-ch-ua-platform: "Linux" | sec-ch-ua: "Not:A-Brand";v="99", "HeadlessChrome";v="145", "Chromium";v="145" | sec-ch-ua-mobile: ?0 | Sec-Fetch-Site: same-origin | Sec-Fetch-Mode: cors | Sec-Fetch-Dest: empty
info: Microsoft.AspNetCore.Routing.EndpointMiddleware[0]
      Executing endpoint 'HTTP: GET /api/servers'
info: Microsoft.AspNetCore.Http.Result.OkObjectResult[1]
      Setting HTTP status code 200.
info: Microsoft.AspNetCore.Http.Result.OkObjectResult[3]
      Writing value of type 'List`1' as Json.
info: Microsoft.AspNetCore.Routing.EndpointMiddleware[1]
      Executed endpoint 'HTTP: GET /api/approvals'
info: Microsoft.AspNetCore.Hosting.Diagnostics[2]
      Request finished HTTP/1.1 GET http://localhost:5000/api/approvals - 200 - application/json;+charset=utf-8 18.8505ms
info: Microsoft.EntityFrameworkCore.Database.Command[20101]
      Executed DbCommand (0ms) [Parameters=[], CommandType='Text', CommandTimeout='30']
      SELECT "s"."Id", "s"."ApiKey", "s"."AuthShape", "s"."AutoDiscovered", "s"."Categories", "s"."CustomHeaderName", "s"."DisplayName", "s"."Enabled", "s"."HeadersJson", "s"."Hidden", "s"."SecretItemKey", "s"."SecretProvider", "s"."Type", "s"."Url"
      FROM "Servers" AS "s"
info: Microsoft.AspNetCore.Http.Result.OkObjectResult[1]
      Setting HTTP status code 200.
info: Microsoft.AspNetCore.Http.Result.OkObjectResult[3]
      Writing value of type 'ListSelectIterator`2' as Json.
info: Microsoft.AspNetCore.Mvc.Infrastructure.ControllerActionInvoker[102]
      Route matched with {action = "GetClients", controller = "Clients"}. Executing controller action with signature System.Threading.Tasks.Task`1[Microsoft.AspNetCore.Mvc.IActionResult] GetClients() on controller McpRouter.Controllers.ClientsController (mcp-router).
info: Microsoft.AspNetCore.Routing.EndpointMiddleware[1]
      Executed endpoint 'HTTP: GET /api/servers'
info: Microsoft.AspNetCore.Hosting.Diagnostics[2]
      Request finished HTTP/1.1 GET http://localhost:5000/api/servers - 200 - application/json;+charset=utf-8 77.9071ms
info: Microsoft.EntityFrameworkCore.Database.Command[20101]
      Executed DbCommand (0ms) [Parameters=[], CommandType='Text', CommandTimeout='30']
      SELECT "o"."Id", "o"."ApplicationType", "o"."ClientId", "o"."ClientSecret", "o"."ClientType", "o"."ConcurrencyToken", "o"."ConsentType", "o"."DisplayName", "o"."DisplayNames", "o"."JsonWebKeySet", "o"."Permissions", "o"."PostLogoutRedirectUris", "o"."Properties", "o"."RedirectUris", "o"."Requirements", "o"."Settings"
      FROM "OpenIddictApplications" AS "o"
      ORDER BY "o"."Id"
info: Microsoft.AspNetCore.Mvc.Infrastructure.ObjectResultExecutor[1]
      Executing OkObjectResult, writing value of type 'System.Collections.Generic.List`1[[System.Object, System.Private.CoreLib, Version=10.0.0.0, Culture=neutral, PublicKeyToken=7cec85d7bea7798e]]'.
info: Microsoft.AspNetCore.Mvc.Infrastructure.ControllerActionInvoker[105]
      Executed action McpRouter.Controllers.ClientsController.GetClients (mcp-router) in 60.087ms
info: Microsoft.AspNetCore.Routing.EndpointMiddleware[1]
      Executed endpoint 'McpRouter.Controllers.ClientsController.GetClients (mcp-router)'
info: Microsoft.AspNetCore.Hosting.Diagnostics[2]
      Request finished HTTP/1.1 GET http://localhost:5000/api/clients - 200 - application/json;+charset=utf-8 120.4119ms
info: Microsoft.AspNetCore.Hosting.Diagnostics[1]
      Request starting HTTP/1.1 GET http://localhost:5000/api/approvals - application/json -
info: Program[0]
      Incoming request: GET /api/approvals from ::1. Body: . Headers: Accept: */* | Connection: keep-alive | Host: localhost:5000 | User-Agent: Mozilla/5.0 (X11; Linux x86_64) AppleWebKit/537.36 (KHTML, like Gecko) HeadlessChrome/145.0.7632.6 Safari/537.36 | Accept-Encoding: gzip, deflate, br, zstd | Content-Type: application/json | Referer: http://localhost:5000/ | sec-ch-ua-platform: "Linux" | sec-ch-ua: "Not:A-Brand";v="99", "HeadlessChrome";v="145", "Chromium";v="145" | sec-ch-ua-mobile: ?0 | Sec-Fetch-Site: same-origin | Sec-Fetch-Mode: cors | Sec-Fetch-Dest: empty
info: Microsoft.AspNetCore.Routing.EndpointMiddleware[0]
      Executing endpoint 'HTTP: GET /api/approvals'
info: Microsoft.AspNetCore.Http.Result.OkObjectResult[1]
      Setting HTTP status code 200.
info: Microsoft.AspNetCore.Http.Result.OkObjectResult[3]
      Writing value of type 'List`1' as Json.
info: Microsoft.AspNetCore.Routing.EndpointMiddleware[1]
      Executed endpoint 'HTTP: GET /api/approvals'
info: Microsoft.AspNetCore.Hosting.Diagnostics[2]
      Request finished HTTP/1.1 GET http://localhost:5000/api/approvals - 200 - application/json;+charset=utf-8 1.5946ms
info: Microsoft.EntityFrameworkCore.Database.Command[20101]
      Executed DbCommand (0ms) [Parameters=[], CommandType='Text', CommandTimeout='30']
      SELECT "s"."Id", "s"."ApiKey", "s"."AuthShape", "s"."AutoDiscovered", "s"."Categories", "s"."CustomHeaderName", "s"."DisplayName", "s"."Enabled", "s"."HeadersJson", "s"."Hidden", "s"."SecretItemKey", "s"."SecretProvider", "s"."Type", "s"."Url"
      FROM "Servers" AS "s"
      WHERE "s"."AutoDiscovered"
info: Microsoft.EntityFrameworkCore.Database.Command[20101]
      Executed DbCommand (0ms) [Parameters=[], CommandType='Text', CommandTimeout='30']
      SELECT "s"."Id", "s"."ApiKey", "s"."AuthShape", "s"."AutoDiscovered", "s"."Categories", "s"."CustomHeaderName", "s"."DisplayName", "s"."Enabled", "s"."HeadersJson", "s"."Hidden", "s"."SecretItemKey", "s"."SecretProvider", "s"."Type", "s"."Url"
      FROM "Servers" AS "s"
      WHERE "s"."Enabled"
info: System.Net.Http.HttpClient.McpClient.LogicalHandler[100]
      Start processing HTTP request GET http://docker-mcp:8000/sse
info: System.Net.Http.HttpClient.McpClient.ClientHandler[100]
      Sending HTTP request GET http://docker-mcp:8000/sse
info: System.Net.Http.HttpClient.McpClient.LogicalHandler[100]
      Start processing HTTP request GET http://mcp-arr-4k:3000/mcp
info: System.Net.Http.HttpClient.McpClient.ClientHandler[100]
      Sending HTTP request GET http://mcp-arr-4k:3000/mcp
info: System.Net.Http.HttpClient.McpClient.LogicalHandler[100]
      Start processing HTTP request GET http://mcp-arr-hd:3000/mcp
info: System.Net.Http.HttpClient.McpClient.ClientHandler[100]
      Sending HTTP request GET http://mcp-arr-hd:3000/mcp
info: System.Net.Http.HttpClient.McpClient.ClientHandler[104]
      HTTP request failed after 3.27ms
      System.Net.Http.HttpRequestException: Name or service not known (docker-mcp:8000)
       ---> System.Net.Sockets.SocketException (0xFFFDFFFF): Name or service not known
         at System.Net.Sockets.Socket.AwaitableSocketAsyncEventArgs.System.Threading.Tasks.Sources.IValueTaskSource.GetResult(Int16 token)
         at System.Net.Http.HttpConnectionPool.ConnectToTcpHostAsync(String host, Int32 port, HttpRequestMessage initialRequest, Boolean async, CancellationToken cancellationToken)
         --- End of inner exception stack trace ---
         at System.Net.Http.HttpConnectionPool.ConnectToTcpHostAsync(String host, Int32 port, HttpRequestMessage initialRequest, Boolean async, CancellationToken cancellationToken)
         at System.Net.Http.HttpConnectionPool.ConnectAsync(HttpRequestMessage request, Boolean async, CancellationToken cancellationToken)
         at System.Net.Http.HttpConnectionPool.CreateHttp11ConnectionAsync(HttpRequestMessage request, Boolean async, CancellationToken cancellationToken)
         at System.Net.Http.HttpConnectionPool.InjectNewHttp11ConnectionAsync(QueueItem queueItem)
         at System.Threading.Tasks.TaskCompletionSourceWithCancellation`1.WaitWithCancellationAsync(CancellationToken cancellationToken)
         at System.Net.Http.HttpConnectionPool.SendWithVersionDetectionAndRetryAsync(HttpRequestMessage request, Boolean async, Boolean doRequestAuth, CancellationToken cancellationToken)
         at System.Net.Http.RedirectHandler.SendAsync(HttpRequestMessage request, Boolean async, CancellationToken cancellationToken)
         at Microsoft.Extensions.Http.Logging.LoggingHttpMessageHandler.<SendCoreAsync>g__Core|4_0(HttpRequestMessage request, Boolean useAsync, CancellationToken cancellationToken)
info: System.Net.Http.HttpClient.McpClient.ClientHandler[104]
      HTTP request failed after 2.3794ms
      System.Net.Http.HttpRequestException: Name or service not known (mcp-arr-4k:3000)
       ---> System.Net.Sockets.SocketException (0xFFFDFFFF): Name or service not known
         at System.Net.Sockets.Socket.AwaitableSocketAsyncEventArgs.System.Threading.Tasks.Sources.IValueTaskSource.GetResult(Int16 token)
         at System.Net.Http.HttpConnectionPool.ConnectToTcpHostAsync(String host, Int32 port, HttpRequestMessage initialRequest, Boolean async, CancellationToken cancellationToken)
         --- End of inner exception stack trace ---
         at System.Net.Http.HttpConnectionPool.ConnectToTcpHostAsync(String host, Int32 port, HttpRequestMessage initialRequest, Boolean async, CancellationToken cancellationToken)
         at System.Net.Http.HttpConnectionPool.ConnectAsync(HttpRequestMessage request, Boolean async, CancellationToken cancellationToken)
         at System.Net.Http.HttpConnectionPool.CreateHttp11ConnectionAsync(HttpRequestMessage request, Boolean async, CancellationToken cancellationToken)
         at System.Net.Http.HttpConnectionPool.InjectNewHttp11ConnectionAsync(QueueItem queueItem)
         at System.Threading.Tasks.TaskCompletionSourceWithCancellation`1.WaitWithCancellationAsync(CancellationToken cancellationToken)
         at System.Net.Http.HttpConnectionPool.SendWithVersionDetectionAndRetryAsync(HttpRequestMessage request, Boolean async, Boolean doRequestAuth, CancellationToken cancellationToken)
         at System.Net.Http.RedirectHandler.SendAsync(HttpRequestMessage request, Boolean async, CancellationToken cancellationToken)
         at Microsoft.Extensions.Http.Logging.LoggingHttpMessageHandler.<SendCoreAsync>g__Core|4_0(HttpRequestMessage request, Boolean useAsync, CancellationToken cancellationToken)
info: System.Net.Http.HttpClient.McpClient.LogicalHandler[104]
      HTTP request failed after 3.9055ms
      System.Net.Http.HttpRequestException: Name or service not known (mcp-arr-4k:3000)
       ---> System.Net.Sockets.SocketException (0xFFFDFFFF): Name or service not known
         at System.Net.Sockets.Socket.AwaitableSocketAsyncEventArgs.System.Threading.Tasks.Sources.IValueTaskSource.GetResult(Int16 token)
         at System.Net.Http.HttpConnectionPool.ConnectToTcpHostAsync(String host, Int32 port, HttpRequestMessage initialRequest, Boolean async, CancellationToken cancellationToken)
         --- End of inner exception stack trace ---
         at System.Net.Http.HttpConnectionPool.ConnectToTcpHostAsync(String host, Int32 port, HttpRequestMessage initialRequest, Boolean async, CancellationToken cancellationToken)
         at System.Net.Http.HttpConnectionPool.ConnectAsync(HttpRequestMessage request, Boolean async, CancellationToken cancellationToken)
         at System.Net.Http.HttpConnectionPool.CreateHttp11ConnectionAsync(HttpRequestMessage request, Boolean async, CancellationToken cancellationToken)
         at System.Net.Http.HttpConnectionPool.InjectNewHttp11ConnectionAsync(QueueItem queueItem)
         at System.Threading.Tasks.TaskCompletionSourceWithCancellation`1.WaitWithCancellationAsync(CancellationToken cancellationToken)
         at System.Net.Http.HttpConnectionPool.SendWithVersionDetectionAndRetryAsync(HttpRequestMessage request, Boolean async, Boolean doRequestAuth, CancellationToken cancellationToken)
         at System.Net.Http.RedirectHandler.SendAsync(HttpRequestMessage request, Boolean async, CancellationToken cancellationToken)
         at Microsoft.Extensions.Http.Logging.LoggingHttpMessageHandler.<SendCoreAsync>g__Core|4_0(HttpRequestMessage request, Boolean useAsync, CancellationToken cancellationToken)
         at Microsoft.Extensions.Http.Logging.LoggingScopeHttpMessageHandler.<SendCoreAsync>g__Core|4_0(HttpRequestMessage request, Boolean useAsync, CancellationToken cancellationToken)
info: System.Net.Http.HttpClient.McpClient.LogicalHandler[104]
      HTTP request failed after 5.5726ms
      System.Net.Http.HttpRequestException: Name or service not known (docker-mcp:8000)
       ---> System.Net.Sockets.SocketException (0xFFFDFFFF): Name or service not known
         at System.Net.Sockets.Socket.AwaitableSocketAsyncEventArgs.System.Threading.Tasks.Sources.IValueTaskSource.GetResult(Int16 token)
         at System.Net.Http.HttpConnectionPool.ConnectToTcpHostAsync(String host, Int32 port, HttpRequestMessage initialRequest, Boolean async, CancellationToken cancellationToken)
         --- End of inner exception stack trace ---
         at System.Net.Http.HttpConnectionPool.ConnectToTcpHostAsync(String host, Int32 port, HttpRequestMessage initialRequest, Boolean async, CancellationToken cancellationToken)
         at System.Net.Http.HttpConnectionPool.ConnectAsync(HttpRequestMessage request, Boolean async, CancellationToken cancellationToken)
         at System.Net.Http.HttpConnectionPool.CreateHttp11ConnectionAsync(HttpRequestMessage request, Boolean async, CancellationToken cancellationToken)
         at System.Net.Http.HttpConnectionPool.InjectNewHttp11ConnectionAsync(QueueItem queueItem)
         at System.Threading.Tasks.TaskCompletionSourceWithCancellation`1.WaitWithCancellationAsync(CancellationToken cancellationToken)
         at System.Net.Http.HttpConnectionPool.SendWithVersionDetectionAndRetryAsync(HttpRequestMessage request, Boolean async, Boolean doRequestAuth, CancellationToken cancellationToken)
         at System.Net.Http.RedirectHandler.SendAsync(HttpRequestMessage request, Boolean async, CancellationToken cancellationToken)
         at Microsoft.Extensions.Http.Logging.LoggingHttpMessageHandler.<SendCoreAsync>g__Core|4_0(HttpRequestMessage request, Boolean useAsync, CancellationToken cancellationToken)
         at Microsoft.Extensions.Http.Logging.LoggingScopeHttpMessageHandler.<SendCoreAsync>g__Core|4_0(HttpRequestMessage request, Boolean useAsync, CancellationToken cancellationToken)
info: System.Net.Http.HttpClient.McpClient.ClientHandler[104]
      HTTP request failed after 4.2844ms
      System.Net.Http.HttpRequestException: Name or service not known (mcp-arr-hd:3000)
       ---> System.Net.Sockets.SocketException (0xFFFDFFFF): Name or service not known
         at System.Net.Sockets.Socket.AwaitableSocketAsyncEventArgs.System.Threading.Tasks.Sources.IValueTaskSource.GetResult(Int16 token)
         at System.Net.Http.HttpConnectionPool.ConnectToTcpHostAsync(String host, Int32 port, HttpRequestMessage initialRequest, Boolean async, CancellationToken cancellationToken)
         --- End of inner exception stack trace ---
         at System.Net.Http.HttpConnectionPool.ConnectToTcpHostAsync(String host, Int32 port, HttpRequestMessage initialRequest, Boolean async, CancellationToken cancellationToken)
         at System.Net.Http.HttpConnectionPool.ConnectAsync(HttpRequestMessage request, Boolean async, CancellationToken cancellationToken)
         at System.Net.Http.HttpConnectionPool.CreateHttp11ConnectionAsync(HttpRequestMessage request, Boolean async, CancellationToken cancellationToken)
         at System.Net.Http.HttpConnectionPool.InjectNewHttp11ConnectionAsync(QueueItem queueItem)
         at System.Threading.Tasks.TaskCompletionSourceWithCancellation`1.WaitWithCancellationAsync(CancellationToken cancellationToken)
         at System.Net.Http.HttpConnectionPool.SendWithVersionDetectionAndRetryAsync(HttpRequestMessage request, Boolean async, Boolean doRequestAuth, CancellationToken cancellationToken)
         at System.Net.Http.RedirectHandler.SendAsync(HttpRequestMessage request, Boolean async, CancellationToken cancellationToken)
         at Microsoft.Extensions.Http.Logging.LoggingHttpMessageHandler.<SendCoreAsync>g__Core|4_0(HttpRequestMessage request, Boolean useAsync, CancellationToken cancellationToken)
info: System.Net.Http.HttpClient.McpClient.LogicalHandler[104]
      HTTP request failed after 6.548ms
      System.Net.Http.HttpRequestException: Name or service not known (mcp-arr-hd:3000)
       ---> System.Net.Sockets.SocketException (0xFFFDFFFF): Name or service not known
         at System.Net.Sockets.Socket.AwaitableSocketAsyncEventArgs.System.Threading.Tasks.Sources.IValueTaskSource.GetResult(Int16 token)
         at System.Net.Http.HttpConnectionPool.ConnectToTcpHostAsync(String host, Int32 port, HttpRequestMessage initialRequest, Boolean async, CancellationToken cancellationToken)
         --- End of inner exception stack trace ---
         at System.Net.Http.HttpConnectionPool.ConnectToTcpHostAsync(String host, Int32 port, HttpRequestMessage initialRequest, Boolean async, CancellationToken cancellationToken)
         at System.Net.Http.HttpConnectionPool.ConnectAsync(HttpRequestMessage request, Boolean async, CancellationToken cancellationToken)
         at System.Net.Http.HttpConnectionPool.CreateHttp11ConnectionAsync(HttpRequestMessage request, Boolean async, CancellationToken cancellationToken)
         at System.Net.Http.HttpConnectionPool.InjectNewHttp11ConnectionAsync(QueueItem queueItem)
         at System.Threading.Tasks.TaskCompletionSourceWithCancellation`1.WaitWithCancellationAsync(CancellationToken cancellationToken)
         at System.Net.Http.HttpConnectionPool.SendWithVersionDetectionAndRetryAsync(HttpRequestMessage request, Boolean async, Boolean doRequestAuth, CancellationToken cancellationToken)
         at System.Net.Http.RedirectHandler.SendAsync(HttpRequestMessage request, Boolean async, CancellationToken cancellationToken)
         at Microsoft.Extensions.Http.Logging.LoggingHttpMessageHandler.<SendCoreAsync>g__Core|4_0(HttpRequestMessage request, Boolean useAsync, CancellationToken cancellationToken)
         at Microsoft.Extensions.Http.Logging.LoggingScopeHttpMessageHandler.<SendCoreAsync>g__Core|4_0(HttpRequestMessage request, Boolean useAsync, CancellationToken cancellationToken)
info: Microsoft.EntityFrameworkCore.Database.Command[20101]
      Executed DbCommand (0ms) [Parameters=[], CommandType='Text', CommandTimeout='30']
      SELECT "s"."Id", "s"."ApiKey", "s"."AuthShape", "s"."AutoDiscovered", "s"."Categories", "s"."CustomHeaderName", "s"."DisplayName", "s"."Enabled", "s"."HeadersJson", "s"."Hidden", "s"."SecretItemKey", "s"."SecretProvider", "s"."Type", "s"."Url"
      FROM "Servers" AS "s"
      WHERE "s"."AutoDiscovered"
info: Microsoft.EntityFrameworkCore.Database.Command[20101]
      Executed DbCommand (0ms) [Parameters=[], CommandType='Text', CommandTimeout='30']
      SELECT "s"."Id", "s"."ApiKey", "s"."AuthShape", "s"."AutoDiscovered", "s"."Categories", "s"."CustomHeaderName", "s"."DisplayName", "s"."Enabled", "s"."HeadersJson", "s"."Hidden", "s"."SecretItemKey", "s"."SecretProvider", "s"."Type", "s"."Url"
      FROM "Servers" AS "s"
      WHERE "s"."Enabled"
info: System.Net.Http.HttpClient.McpClient.LogicalHandler[100]
      Start processing HTTP request GET http://docker-mcp:8000/sse
info: System.Net.Http.HttpClient.McpClient.ClientHandler[100]
      Sending HTTP request GET http://docker-mcp:8000/sse
info: System.Net.Http.HttpClient.McpClient.LogicalHandler[100]
      Start processing HTTP request GET http://mcp-arr-4k:3000/mcp
info: System.Net.Http.HttpClient.McpClient.ClientHandler[100]
      Sending HTTP request GET http://mcp-arr-4k:3000/mcp
info: System.Net.Http.HttpClient.McpClient.LogicalHandler[100]
      Start processing HTTP request GET http://mcp-arr-hd:3000/mcp
info: System.Net.Http.HttpClient.McpClient.ClientHandler[100]
      Sending HTTP request GET http://mcp-arr-hd:3000/mcp
info: System.Net.Http.HttpClient.McpClient.ClientHandler[104]
      HTTP request failed after 2.4075ms
      System.Net.Http.HttpRequestException: Name or service not known (docker-mcp:8000)
       ---> System.Net.Sockets.SocketException (0xFFFDFFFF): Name or service not known
         at System.Net.Sockets.Socket.AwaitableSocketAsyncEventArgs.System.Threading.Tasks.Sources.IValueTaskSource.GetResult(Int16 token)
         at System.Net.Http.HttpConnectionPool.ConnectToTcpHostAsync(String host, Int32 port, HttpRequestMessage initialRequest, Boolean async, CancellationToken cancellationToken)
         --- End of inner exception stack trace ---
         at System.Net.Http.HttpConnectionPool.ConnectToTcpHostAsync(String host, Int32 port, HttpRequestMessage initialRequest, Boolean async, CancellationToken cancellationToken)
         at System.Net.Http.HttpConnectionPool.ConnectAsync(HttpRequestMessage request, Boolean async, CancellationToken cancellationToken)
         at System.Net.Http.HttpConnectionPool.CreateHttp11ConnectionAsync(HttpRequestMessage request, Boolean async, CancellationToken cancellationToken)
         at System.Net.Http.HttpConnectionPool.InjectNewHttp11ConnectionAsync(QueueItem queueItem)
         at System.Threading.Tasks.TaskCompletionSourceWithCancellation`1.WaitWithCancellationAsync(CancellationToken cancellationToken)
         at System.Net.Http.HttpConnectionPool.SendWithVersionDetectionAndRetryAsync(HttpRequestMessage request, Boolean async, Boolean doRequestAuth, CancellationToken cancellationToken)
         at System.Net.Http.RedirectHandler.SendAsync(HttpRequestMessage request, Boolean async, CancellationToken cancellationToken)
         at Microsoft.Extensions.Http.Logging.LoggingHttpMessageHandler.<SendCoreAsync>g__Core|4_0(HttpRequestMessage request, Boolean useAsync, CancellationToken cancellationToken)
info: System.Net.Http.HttpClient.McpClient.LogicalHandler[104]
      HTTP request failed after 3.2802ms
      System.Net.Http.HttpRequestException: Name or service not known (docker-mcp:8000)
       ---> System.Net.Sockets.SocketException (0xFFFDFFFF): Name or service not known
         at System.Net.Sockets.Socket.AwaitableSocketAsyncEventArgs.System.Threading.Tasks.Sources.IValueTaskSource.GetResult(Int16 token)
         at System.Net.Http.HttpConnectionPool.ConnectToTcpHostAsync(String host, Int32 port, HttpRequestMessage initialRequest, Boolean async, CancellationToken cancellationToken)
         --- End of inner exception stack trace ---
         at System.Net.Http.HttpConnectionPool.ConnectToTcpHostAsync(String host, Int32 port, HttpRequestMessage initialRequest, Boolean async, CancellationToken cancellationToken)
         at System.Net.Http.HttpConnectionPool.ConnectAsync(HttpRequestMessage request, Boolean async, CancellationToken cancellationToken)
         at System.Net.Http.HttpConnectionPool.CreateHttp11ConnectionAsync(HttpRequestMessage request, Boolean async, CancellationToken cancellationToken)
         at System.Net.Http.HttpConnectionPool.InjectNewHttp11ConnectionAsync(QueueItem queueItem)
         at System.Threading.Tasks.TaskCompletionSourceWithCancellation`1.WaitWithCancellationAsync(CancellationToken cancellationToken)
         at System.Net.Http.HttpConnectionPool.SendWithVersionDetectionAndRetryAsync(HttpRequestMessage request, Boolean async, Boolean doRequestAuth, CancellationToken cancellationToken)
         at System.Net.Http.RedirectHandler.SendAsync(HttpRequestMessage request, Boolean async, CancellationToken cancellationToken)
         at Microsoft.Extensions.Http.Logging.LoggingHttpMessageHandler.<SendCoreAsync>g__Core|4_0(HttpRequestMessage request, Boolean useAsync, CancellationToken cancellationToken)
         at Microsoft.Extensions.Http.Logging.LoggingScopeHttpMessageHandler.<SendCoreAsync>g__Core|4_0(HttpRequestMessage request, Boolean useAsync, CancellationToken cancellationToken)
info: System.Net.Http.HttpClient.McpClient.ClientHandler[104]
      HTTP request failed after 3.0948ms
      System.Net.Http.HttpRequestException: Name or service not known (mcp-arr-hd:3000)
       ---> System.Net.Sockets.SocketException (0xFFFDFFFF): Name or service not known
         at System.Net.Sockets.Socket.AwaitableSocketAsyncEventArgs.System.Threading.Tasks.Sources.IValueTaskSource.GetResult(Int16 token)
         at System.Net.Http.HttpConnectionPool.ConnectToTcpHostAsync(String host, Int32 port, HttpRequestMessage initialRequest, Boolean async, CancellationToken cancellationToken)
         --- End of inner exception stack trace ---
         at System.Net.Http.HttpConnectionPool.ConnectToTcpHostAsync(String host, Int32 port, HttpRequestMessage initialRequest, Boolean async, CancellationToken cancellationToken)
         at System.Net.Http.HttpConnectionPool.ConnectAsync(HttpRequestMessage request, Boolean async, CancellationToken cancellationToken)
         at System.Net.Http.HttpConnectionPool.CreateHttp11ConnectionAsync(HttpRequestMessage request, Boolean async, CancellationToken cancellationToken)
         at System.Net.Http.HttpConnectionPool.InjectNewHttp11ConnectionAsync(QueueItem queueItem)
         at System.Threading.Tasks.TaskCompletionSourceWithCancellation`1.WaitWithCancellationAsync(CancellationToken cancellationToken)
         at System.Net.Http.HttpConnectionPool.SendWithVersionDetectionAndRetryAsync(HttpRequestMessage request, Boolean async, Boolean doRequestAuth, CancellationToken cancellationToken)
         at System.Net.Http.RedirectHandler.SendAsync(HttpRequestMessage request, Boolean async, CancellationToken cancellationToken)
         at Microsoft.Extensions.Http.Logging.LoggingHttpMessageHandler.<SendCoreAsync>g__Core|4_0(HttpRequestMessage request, Boolean useAsync, CancellationToken cancellationToken)
info: System.Net.Http.HttpClient.McpClient.ClientHandler[104]
      HTTP request failed after 3.1565ms
      System.Net.Http.HttpRequestException: Name or service not known (mcp-arr-4k:3000)
       ---> System.Net.Sockets.SocketException (0xFFFDFFFF): Name or service not known
         at System.Net.Sockets.Socket.AwaitableSocketAsyncEventArgs.System.Threading.Tasks.Sources.IValueTaskSource.GetResult(Int16 token)
         at System.Net.Http.HttpConnectionPool.ConnectToTcpHostAsync(String host, Int32 port, HttpRequestMessage initialRequest, Boolean async, CancellationToken cancellationToken)
         --- End of inner exception stack trace ---
         at System.Net.Http.HttpConnectionPool.ConnectToTcpHostAsync(String host, Int32 port, HttpRequestMessage initialRequest, Boolean async, CancellationToken cancellationToken)
         at System.Net.Http.HttpConnectionPool.ConnectAsync(HttpRequestMessage request, Boolean async, CancellationToken cancellationToken)
         at System.Net.Http.HttpConnectionPool.CreateHttp11ConnectionAsync(HttpRequestMessage request, Boolean async, CancellationToken cancellationToken)
         at System.Net.Http.HttpConnectionPool.InjectNewHttp11ConnectionAsync(QueueItem queueItem)
         at System.Threading.Tasks.TaskCompletionSourceWithCancellation`1.WaitWithCancellationAsync(CancellationToken cancellationToken)
         at System.Net.Http.HttpConnectionPool.SendWithVersionDetectionAndRetryAsync(HttpRequestMessage request, Boolean async, Boolean doRequestAuth, CancellationToken cancellationToken)
         at System.Net.Http.RedirectHandler.SendAsync(HttpRequestMessage request, Boolean async, CancellationToken cancellationToken)
         at Microsoft.Extensions.Http.Logging.LoggingHttpMessageHandler.<SendCoreAsync>g__Core|4_0(HttpRequestMessage request, Boolean useAsync, CancellationToken cancellationToken)
info: System.Net.Http.HttpClient.McpClient.LogicalHandler[104]
      HTTP request failed after 4.0406ms
      System.Net.Http.HttpRequestException: Name or service not known (mcp-arr-hd:3000)
       ---> System.Net.Sockets.SocketException (0xFFFDFFFF): Name or service not known
         at System.Net.Sockets.Socket.AwaitableSocketAsyncEventArgs.System.Threading.Tasks.Sources.IValueTaskSource.GetResult(Int16 token)
         at System.Net.Http.HttpConnectionPool.ConnectToTcpHostAsync(String host, Int32 port, HttpRequestMessage initialRequest, Boolean async, CancellationToken cancellationToken)
         --- End of inner exception stack trace ---
         at System.Net.Http.HttpConnectionPool.ConnectToTcpHostAsync(String host, Int32 port, HttpRequestMessage initialRequest, Boolean async, CancellationToken cancellationToken)
         at System.Net.Http.HttpConnectionPool.ConnectAsync(HttpRequestMessage request, Boolean async, CancellationToken cancellationToken)
         at System.Net.Http.HttpConnectionPool.CreateHttp11ConnectionAsync(HttpRequestMessage request, Boolean async, CancellationToken cancellationToken)
         at System.Net.Http.HttpConnectionPool.InjectNewHttp11ConnectionAsync(QueueItem queueItem)
         at System.Threading.Tasks.TaskCompletionSourceWithCancellation`1.WaitWithCancellationAsync(CancellationToken cancellationToken)
         at System.Net.Http.HttpConnectionPool.SendWithVersionDetectionAndRetryAsync(HttpRequestMessage request, Boolean async, Boolean doRequestAuth, CancellationToken cancellationToken)
         at System.Net.Http.RedirectHandler.SendAsync(HttpRequestMessage request, Boolean async, CancellationToken cancellationToken)
         at Microsoft.Extensions.Http.Logging.LoggingHttpMessageHandler.<SendCoreAsync>g__Core|4_0(HttpRequestMessage request, Boolean useAsync, CancellationToken cancellationToken)
         at Microsoft.Extensions.Http.Logging.LoggingScopeHttpMessageHandler.<SendCoreAsync>g__Core|4_0(HttpRequestMessage request, Boolean useAsync, CancellationToken cancellationToken)
info: System.Net.Http.HttpClient.McpClient.LogicalHandler[104]
      HTTP request failed after 4.2832ms
      System.Net.Http.HttpRequestException: Name or service not known (mcp-arr-4k:3000)
       ---> System.Net.Sockets.SocketException (0xFFFDFFFF): Name or service not known
         at System.Net.Sockets.Socket.AwaitableSocketAsyncEventArgs.System.Threading.Tasks.Sources.IValueTaskSource.GetResult(Int16 token)
         at System.Net.Http.HttpConnectionPool.ConnectToTcpHostAsync(String host, Int32 port, HttpRequestMessage initialRequest, Boolean async, CancellationToken cancellationToken)
         --- End of inner exception stack trace ---
         at System.Net.Http.HttpConnectionPool.ConnectToTcpHostAsync(String host, Int32 port, HttpRequestMessage initialRequest, Boolean async, CancellationToken cancellationToken)
         at System.Net.Http.HttpConnectionPool.ConnectAsync(HttpRequestMessage request, Boolean async, CancellationToken cancellationToken)
         at System.Net.Http.HttpConnectionPool.CreateHttp11ConnectionAsync(HttpRequestMessage request, Boolean async, CancellationToken cancellationToken)
         at System.Net.Http.HttpConnectionPool.InjectNewHttp11ConnectionAsync(QueueItem queueItem)
         at System.Threading.Tasks.TaskCompletionSourceWithCancellation`1.WaitWithCancellationAsync(CancellationToken cancellationToken)
         at System.Net.Http.HttpConnectionPool.SendWithVersionDetectionAndRetryAsync(HttpRequestMessage request, Boolean async, Boolean doRequestAuth, CancellationToken cancellationToken)
         at System.Net.Http.RedirectHandler.SendAsync(HttpRequestMessage request, Boolean async, CancellationToken cancellationToken)
         at Microsoft.Extensions.Http.Logging.LoggingHttpMessageHandler.<SendCoreAsync>g__Core|4_0(HttpRequestMessage request, Boolean useAsync, CancellationToken cancellationToken)
         at Microsoft.Extensions.Http.Logging.LoggingScopeHttpMessageHandler.<SendCoreAsync>g__Core|4_0(HttpRequestMessage request, Boolean useAsync, CancellationToken cancellationToken)
info: Microsoft.Hosting.Lifetime[0]
      Application is shutting down...
info: Microsoft.Hosting.Lifetime[0]
      Application started. Press Ctrl+C to shut down.
info: Microsoft.Hosting.Lifetime[0]
      Hosting environment: Production
info: Microsoft.Hosting.Lifetime[0]
      Content root path: /app
info: Microsoft.Hosting.Lifetime[0]
      Application is shutting down...
Unhandled exception. System.OperationCanceledException: The operation was canceled.
   at System.Threading.CancellationToken.ThrowOperationCanceledException()
   at System.Threading.CancellationToken.ThrowIfCancellationRequested()
   at Microsoft.Extensions.Hosting.Internal.Host.StartAsync(CancellationToken cancellationToken)
   at Microsoft.Extensions.Hosting.HostingAbstractionsHostExtensions.RunAsync(IHost host, CancellationToken token)
   at Microsoft.Extensions.Hosting.HostingAbstractionsHostExtensions.RunAsync(IHost host, CancellationToken token)
   at Microsoft.Extensions.Hosting.HostingAbstractionsHostExtensions.Run(IHost host)
   at Program.<Main>$(String[] args) in /app/Program.cs:line 12
