/app/mcp-router.csproj : warning NU1902: Package 'Azure.Identity' 1.10.3 has a known moderate severity vulnerability, https://github.com/advisories/GHSA-m5vv-6r4h-3vj9
/app/mcp-router.csproj : warning NU1902: Package 'Azure.Identity' 1.10.3 has a known moderate severity vulnerability, https://github.com/advisories/GHSA-wvxc-855f-jvrv
/app/mcp-router.csproj : warning NU1902: Package 'Microsoft.Identity.Client' 4.56.0 has a known moderate severity vulnerability, https://github.com/advisories/GHSA-m5vv-6r4h-3vj9
/app/mcp-router.csproj : warning NU1901: Package 'Microsoft.Identity.Client' 4.56.0 has a known low severity vulnerability, https://github.com/advisories/GHSA-x674-v45j-fwxw
/app/mcp-router.csproj : warning NU1902: Package 'Azure.Identity' 1.10.3 has a known moderate severity vulnerability, https://github.com/advisories/GHSA-m5vv-6r4h-3vj9
/app/mcp-router.csproj : warning NU1902: Package 'Azure.Identity' 1.10.3 has a known moderate severity vulnerability, https://github.com/advisories/GHSA-wvxc-855f-jvrv
/app/mcp-router.csproj : warning NU1902: Package 'Microsoft.Identity.Client' 4.56.0 has a known moderate severity vulnerability, https://github.com/advisories/GHSA-m5vv-6r4h-3vj9
/app/mcp-router.csproj : warning NU1901: Package 'Microsoft.Identity.Client' 4.56.0 has a known low severity vulnerability, https://github.com/advisories/GHSA-x674-v45j-fwxw
info: Program[0]
      Initializing database...
crit: Program[0]
      SECURITY WARNING: The database is running with a default or weak DB_ENCRYPTION_KEY. Please set a strong DB_ENCRYPTION_KEY environment variable to secure your deployment!
info: Microsoft.EntityFrameworkCore.Database.Command[20101]
      Executed DbCommand (660ms) [Parameters=[], CommandType='Text', CommandTimeout='30']
      PRAGMA journal_mode = 'wal';
info: Microsoft.EntityFrameworkCore.Database.Command[20101]
      Executed DbCommand (0ms) [Parameters=[], CommandType='Text', CommandTimeout='30']
      CREATE TABLE "AccessPolicies" (
          "Id" TEXT NOT NULL CONSTRAINT "PK_AccessPolicies" PRIMARY KEY,
          "TargetId" TEXT NOT NULL,
          "RequiredGroup" TEXT NOT NULL,
          "IsAllowed" INTEGER NOT NULL
      );
info: Microsoft.EntityFrameworkCore.Database.Command[20101]
      Executed DbCommand (0ms) [Parameters=[], CommandType='Text', CommandTimeout='30']
      CREATE TABLE "Clients" (
          "ClientId" TEXT NOT NULL CONSTRAINT "PK_Clients" PRIMARY KEY,
          "ClientSecret" TEXT NOT NULL,
          "ClientName" TEXT NOT NULL,
          "RedirectUrisJson" TEXT NOT NULL,
          "CreatedAt" TEXT NOT NULL
      );
info: Microsoft.EntityFrameworkCore.Database.Command[20101]
      Executed DbCommand (0ms) [Parameters=[], CommandType='Text', CommandTimeout='30']
      CREATE TABLE "GroupMappings" (
          "Id" TEXT NOT NULL CONSTRAINT "PK_GroupMappings" PRIMARY KEY,
          "ExternalId" TEXT NOT NULL,
          "InternalGroup" TEXT NOT NULL
      );
info: Microsoft.EntityFrameworkCore.Database.Command[20101]
      Executed DbCommand (0ms) [Parameters=[], CommandType='Text', CommandTimeout='30']
      CREATE TABLE "OpenIddictApplications" (
          "Id" TEXT NOT NULL CONSTRAINT "PK_OpenIddictApplications" PRIMARY KEY,
          "ApplicationType" TEXT NULL,
          "ClientId" TEXT NULL,
          "ClientSecret" TEXT NULL,
          "ClientType" TEXT NULL,
          "ConcurrencyToken" TEXT NULL,
          "ConsentType" TEXT NULL,
          "DisplayName" TEXT NULL,
          "DisplayNames" TEXT NULL,
          "JsonWebKeySet" TEXT NULL,
          "Permissions" TEXT NULL,
          "PostLogoutRedirectUris" TEXT NULL,
          "Properties" TEXT NULL,
          "RedirectUris" TEXT NULL,
          "Requirements" TEXT NULL,
          "Settings" TEXT NULL
      );
info: Microsoft.EntityFrameworkCore.Database.Command[20101]
      Executed DbCommand (0ms) [Parameters=[], CommandType='Text', CommandTimeout='30']
      CREATE TABLE "OpenIddictScopes" (
          "Id" TEXT NOT NULL CONSTRAINT "PK_OpenIddictScopes" PRIMARY KEY,
          "ConcurrencyToken" TEXT NULL,
          "Description" TEXT NULL,
          "Descriptions" TEXT NULL,
          "DisplayName" TEXT NULL,
          "DisplayNames" TEXT NULL,
          "Name" TEXT NULL,
          "Properties" TEXT NULL,
          "Resources" TEXT NULL
      );
info: Microsoft.EntityFrameworkCore.Database.Command[20101]
      Executed DbCommand (0ms) [Parameters=[], CommandType='Text', CommandTimeout='30']
      CREATE TABLE "Servers" (
          "Id" TEXT NOT NULL CONSTRAINT "PK_Servers" PRIMARY KEY,
          "DisplayName" TEXT NOT NULL,
          "Url" TEXT NOT NULL,
          "Enabled" INTEGER NOT NULL,
          "Hidden" INTEGER NOT NULL,
          "Type" TEXT NOT NULL,
          "SecretProvider" TEXT NOT NULL,
          "SecretItemKey" TEXT NULL,
          "AuthShape" TEXT NOT NULL,
          "CustomHeaderName" TEXT NULL,
          "Categories" TEXT NOT NULL,
          "ApiKey" TEXT NULL,
          "HeadersJson" TEXT NULL,
          "AutoDiscovered" INTEGER NOT NULL
      );
info: Microsoft.EntityFrameworkCore.Database.Command[20101]
      Executed DbCommand (0ms) [Parameters=[], CommandType='Text', CommandTimeout='30']
      CREATE TABLE "Settings" (
          "Id" TEXT NOT NULL CONSTRAINT "PK_Settings" PRIMARY KEY,
          "EmbeddingProvider" TEXT NOT NULL,
          "EmbeddingApiUrl" TEXT NOT NULL,
          "EmbeddingApiKey" TEXT NOT NULL,
          "EmbeddingApiModel" TEXT NOT NULL,
          "EmbeddingModelDir" TEXT NOT NULL,
          "RequireManualApproval" INTEGER NOT NULL
      );
info: Microsoft.EntityFrameworkCore.Database.Command[20101]
      Executed DbCommand (0ms) [Parameters=[], CommandType='Text', CommandTimeout='30']
      CREATE TABLE "OpenIddictAuthorizations" (
          "Id" TEXT NOT NULL CONSTRAINT "PK_OpenIddictAuthorizations" PRIMARY KEY,
          "ApplicationId" TEXT NULL,
          "ConcurrencyToken" TEXT NULL,
          "CreationDate" TEXT NULL,
          "Properties" TEXT NULL,
          "Scopes" TEXT NULL,
          "Status" TEXT NULL,
          "Subject" TEXT NULL,
          "Type" TEXT NULL,
          CONSTRAINT "FK_OpenIddictAuthorizations_OpenIddictApplications_ApplicationId" FOREIGN KEY ("ApplicationId") REFERENCES "OpenIddictApplications" ("Id")
      );
info: Microsoft.EntityFrameworkCore.Database.Command[20101]
      Executed DbCommand (0ms) [Parameters=[], CommandType='Text', CommandTimeout='30']
      CREATE TABLE "OpenIddictTokens" (
          "Id" TEXT NOT NULL CONSTRAINT "PK_OpenIddictTokens" PRIMARY KEY,
          "ApplicationId" TEXT NULL,
          "AuthorizationId" TEXT NULL,
          "ConcurrencyToken" TEXT NULL,
          "CreationDate" TEXT NULL,
          "ExpirationDate" TEXT NULL,
          "Payload" TEXT NULL,
          "Properties" TEXT NULL,
          "RedemptionDate" TEXT NULL,
          "ReferenceId" TEXT NULL,
          "Status" TEXT NULL,
          "Subject" TEXT NULL,
          "Type" TEXT NULL,
          CONSTRAINT "FK_OpenIddictTokens_OpenIddictApplications_ApplicationId" FOREIGN KEY ("ApplicationId") REFERENCES "OpenIddictApplications" ("Id"),
          CONSTRAINT "FK_OpenIddictTokens_OpenIddictAuthorizations_AuthorizationId" FOREIGN KEY ("AuthorizationId") REFERENCES "OpenIddictAuthorizations" ("Id")
      );
info: Microsoft.EntityFrameworkCore.Database.Command[20101]
      Executed DbCommand (0ms) [Parameters=[], CommandType='Text', CommandTimeout='30']
      CREATE UNIQUE INDEX "IX_OpenIddictApplications_ClientId" ON "OpenIddictApplications" ("ClientId");
info: Microsoft.EntityFrameworkCore.Database.Command[20101]
      Executed DbCommand (0ms) [Parameters=[], CommandType='Text', CommandTimeout='30']
      CREATE INDEX "IX_OpenIddictAuthorizations_ApplicationId_Status_Subject_Type" ON "OpenIddictAuthorizations" ("ApplicationId", "Status", "Subject", "Type");
info: Microsoft.EntityFrameworkCore.Database.Command[20101]
      Executed DbCommand (0ms) [Parameters=[], CommandType='Text', CommandTimeout='30']
      CREATE UNIQUE INDEX "IX_OpenIddictScopes_Name" ON "OpenIddictScopes" ("Name");
info: Microsoft.EntityFrameworkCore.Database.Command[20101]
      Executed DbCommand (0ms) [Parameters=[], CommandType='Text', CommandTimeout='30']
      CREATE INDEX "IX_OpenIddictTokens_ApplicationId_Status_Subject_Type" ON "OpenIddictTokens" ("ApplicationId", "Status", "Subject", "Type");
info: Microsoft.EntityFrameworkCore.Database.Command[20101]
      Executed DbCommand (0ms) [Parameters=[], CommandType='Text', CommandTimeout='30']
      CREATE INDEX "IX_OpenIddictTokens_AuthorizationId" ON "OpenIddictTokens" ("AuthorizationId");
info: Microsoft.EntityFrameworkCore.Database.Command[20101]
      Executed DbCommand (0ms) [Parameters=[], CommandType='Text', CommandTimeout='30']
      CREATE UNIQUE INDEX "IX_OpenIddictTokens_ReferenceId" ON "OpenIddictTokens" ("ReferenceId");
info: Microsoft.EntityFrameworkCore.Database.Command[20101]
      Executed DbCommand (0ms) [Parameters=[], CommandType='Text', CommandTimeout='30']
      CREATE TABLE IF NOT EXISTS Settings (Id TEXT PRIMARY KEY, EmbeddingProvider TEXT, EmbeddingApiUrl TEXT, EmbeddingApiKey TEXT, EmbeddingApiModel TEXT, EmbeddingModelDir TEXT, RequireManualApproval INTEGER DEFAULT 0)
fail: Microsoft.EntityFrameworkCore.Database.Command[20102]
      Failed executing DbCommand (0ms) [Parameters=[], CommandType='Text', CommandTimeout='30']
      ALTER TABLE Settings ADD COLUMN RequireManualApproval INTEGER DEFAULT 0
fail: Microsoft.EntityFrameworkCore.Database.Command[20102]
      Failed executing DbCommand (0ms) [Parameters=[], CommandType='Text', CommandTimeout='30']
      ALTER TABLE Servers ADD COLUMN SecretProvider TEXT DEFAULT 'None'
fail: Microsoft.EntityFrameworkCore.Database.Command[20102]
      Failed executing DbCommand (0ms) [Parameters=[], CommandType='Text', CommandTimeout='30']
      ALTER TABLE Servers ADD COLUMN SecretItemKey TEXT NULL
fail: Microsoft.EntityFrameworkCore.Database.Command[20102]
      Failed executing DbCommand (0ms) [Parameters=[], CommandType='Text', CommandTimeout='30']
      ALTER TABLE Servers ADD COLUMN AuthShape TEXT DEFAULT 'bearer'
fail: Microsoft.EntityFrameworkCore.Database.Command[20102]
      Failed executing DbCommand (0ms) [Parameters=[], CommandType='Text', CommandTimeout='30']
      ALTER TABLE Servers ADD COLUMN CustomHeaderName TEXT NULL
fail: Microsoft.EntityFrameworkCore.Database.Command[20102]
      Failed executing DbCommand (0ms) [Parameters=[], CommandType='Text', CommandTimeout='30']
      ALTER TABLE Tools ADD COLUMN SecretProvider TEXT DEFAULT 'Vault'
fail: Microsoft.EntityFrameworkCore.Database.Command[20102]
      Failed executing DbCommand (0ms) [Parameters=[], CommandType='Text', CommandTimeout='30']
      ALTER TABLE AuthProviderConfigs ADD COLUMN ConfigJson TEXT NULL
fail: Microsoft.EntityFrameworkCore.Database.Command[20102]
      Failed executing DbCommand (0ms) [Parameters=[], CommandType='Text', CommandTimeout='30']
      ALTER TABLE SecretProviders ADD COLUMN ConfigJson TEXT NULL
info: Microsoft.EntityFrameworkCore.Database.Command[20101]
      Executed DbCommand (1ms) [Parameters=[], CommandType='Text', CommandTimeout='30']
      SELECT "s"."Id", "s"."EmbeddingApiKey", "s"."EmbeddingApiModel", "s"."EmbeddingApiUrl", "s"."EmbeddingModelDir", "s"."EmbeddingProvider", "s"."RequireManualApproval"
      FROM "Settings" AS "s"
      WHERE "s"."Id" = 'default'
      LIMIT 1
info: McpRouter.Services.DynamicEmbeddingService[0]
      Activating local ONNX in-process embedding provider
info: McpRouter.Services.DynamicEmbeddingService[0]
      Pre-warming vector embedding model in background...
info: Program[0]
      Database empty. Performing initial migration from environment variables...
info: McpRouter.Services.OnnxEmbeddingService[0]
      Downloading local ONNX embedding model (all-MiniLM-L6-v2) from Hugging Face...
info: System.Net.Http.HttpClient.Default.LogicalHandler[100]
      Start processing HTTP request GET https://huggingface.co/Xenova/all-MiniLM-L6-v2/resolve/main/onnx/model.onnx
info: System.Net.Http.HttpClient.Default.ClientHandler[100]
      Sending HTTP request GET https://huggingface.co/Xenova/all-MiniLM-L6-v2/resolve/main/onnx/model.onnx
info: Program[0]
      Imported Docker MCP config.
info: Program[0]
      Imported Arr MCP configurations.
info: Program[0]
      Database migration completed successfully.
info: Program[0]
      Found custom_servers.json. Processing configuration...
info: Microsoft.AspNetCore.DataProtection.KeyManagement.XmlKeyManager[62]
      User profile is available. Using '/home/jules/.aspnet/DataProtection-Keys' as key repository; keys will not be encrypted at rest.
info: Microsoft.AspNetCore.DataProtection.KeyManagement.XmlKeyManager[58]
      Creating key {95fb8db7-6ddc-4f7e-8a7a-df21b33d08af} with creation date 2026-08-05 03:01:50Z, activation date 2026-08-05 03:01:50Z, and expiration date 2026-11-03 03:01:50Z.
warn: Microsoft.AspNetCore.DataProtection.KeyManagement.XmlKeyManager[35]
      No XML encryptor configured. Key {95fb8db7-6ddc-4f7e-8a7a-df21b33d08af} may be persisted to storage in unencrypted form.
info: Microsoft.AspNetCore.DataProtection.Repositories.FileSystemXmlRepository[39]
      Writing data to file '/home/jules/.aspnet/DataProtection-Keys/key-95fb8db7-6ddc-4f7e-8a7a-df21b33d08af.xml'.
info: McpRouter.Services.DockerAutoDiscoveryService[0]
      Docker Auto-Discovery Service started.
info: McpRouter.Services.BackendHealthCheckService[0]
      Starting Backend MCP Server Health Check background service...
info: Microsoft.EntityFrameworkCore.Database.Command[20101]
      Executed DbCommand (0ms) [Parameters=[], CommandType='Text', CommandTimeout='30']
      SELECT "s"."Id", "s"."ApiKey", "s"."AuthShape", "s"."AutoDiscovered", "s"."Categories", "s"."CustomHeaderName", "s"."DisplayName", "s"."Enabled", "s"."HeadersJson", "s"."Hidden", "s"."SecretItemKey", "s"."SecretProvider", "s"."Type", "s"."Url"
      FROM "Servers" AS "s"
      WHERE "s"."AutoDiscovered"
info: Microsoft.EntityFrameworkCore.Database.Command[20101]
      Executed DbCommand (3ms) [Parameters=[], CommandType='Text', CommandTimeout='30']
      SELECT "s"."Id", "s"."ApiKey", "s"."AuthShape", "s"."AutoDiscovered", "s"."Categories", "s"."CustomHeaderName", "s"."DisplayName", "s"."Enabled", "s"."HeadersJson", "s"."Hidden", "s"."SecretItemKey", "s"."SecretProvider", "s"."Type", "s"."Url"
      FROM "Servers" AS "s"
      WHERE "s"."Enabled"
info: System.Net.Http.HttpClient.McpClient.LogicalHandler[100]
      Start processing HTTP request GET http://docker-mcp:8000/sse
info: System.Net.Http.HttpClient.McpClient.ClientHandler[100]
      Sending HTTP request GET http://docker-mcp:8000/sse
info: System.Net.Http.HttpClient.McpClient.LogicalHandler[100]
      Start processing HTTP request GET http://mcp-arr-4k:3000/mcp
info: System.Net.Http.HttpClient.McpClient.ClientHandler[100]
      Sending HTTP request GET http://mcp-arr-4k:3000/mcp
info: System.Net.Http.HttpClient.McpClient.LogicalHandler[100]
      Start processing HTTP request GET http://mcp-arr-hd:3000/mcp
info: System.Net.Http.HttpClient.McpClient.ClientHandler[100]
      Sending HTTP request GET http://mcp-arr-hd:3000/mcp
info: Microsoft.Hosting.Lifetime[14]
      Now listening on: http://localhost:5000
info: Microsoft.Hosting.Lifetime[0]
      Application started. Press Ctrl+C to shut down.
info: Microsoft.Hosting.Lifetime[0]
      Hosting environment: Production
info: Microsoft.Hosting.Lifetime[0]
      Content root path: /app
info: System.Net.Http.HttpClient.Default.ClientHandler[101]
      Received HTTP response headers after 434.2546ms - 200
info: System.Net.Http.HttpClient.Default.LogicalHandler[101]
      End processing HTTP request after 453.9844ms - 200
info: System.Net.Http.HttpClient.McpClient.ClientHandler[104]
      HTTP request failed after 16.2547ms
      System.Net.Http.HttpRequestException: Name or service not known (mcp-arr-4k:3000)
       ---> System.Net.Sockets.SocketException (0xFFFDFFFF): Name or service not known
         at System.Net.Sockets.Socket.AwaitableSocketAsyncEventArgs.ThrowException(SocketError error, CancellationToken cancellationToken)
         at System.Net.Sockets.Socket.AwaitableSocketAsyncEventArgs.System.Threading.Tasks.Sources.IValueTaskSource.GetResult(Int16 token)
         at System.Net.Http.HttpConnectionPool.ConnectToTcpHostAsync(String host, Int32 port, HttpRequestMessage initialRequest, Boolean async, CancellationToken cancellationToken)
         --- End of inner exception stack trace ---
         at System.Net.Http.HttpConnectionPool.ConnectToTcpHostAsync(String host, Int32 port, HttpRequestMessage initialRequest, Boolean async, CancellationToken cancellationToken)
         at System.Net.Http.HttpConnectionPool.ConnectAsync(HttpRequestMessage request, Boolean async, CancellationToken cancellationToken)
         at System.Net.Http.HttpConnectionPool.CreateHttp11ConnectionAsync(HttpRequestMessage request, Boolean async, CancellationToken cancellationToken)
         at System.Net.Http.HttpConnectionPool.InjectNewHttp11ConnectionAsync(QueueItem queueItem)
         at System.Threading.Tasks.TaskCompletionSourceWithCancellation`1.WaitWithCancellationAsync(CancellationToken cancellationToken)
         at System.Net.Http.HttpConnectionPool.SendWithVersionDetectionAndRetryAsync(HttpRequestMessage request, Boolean async, Boolean doRequestAuth, CancellationToken cancellationToken)
         at System.Net.Http.RedirectHandler.SendAsync(HttpRequestMessage request, Boolean async, CancellationToken cancellationToken)
         at System.Net.Http.SocketsHttpHandler.<SendAsync>g__CreateHandlerAndSendAsync|115_0(HttpRequestMessage request, CancellationToken cancellationToken)
         at Microsoft.Extensions.Http.Logging.LoggingHttpMessageHandler.<SendCoreAsync>g__Core|4_0(HttpRequestMessage request, Boolean useAsync, CancellationToken cancellationToken)
info: System.Net.Http.HttpClient.McpClient.ClientHandler[104]
      HTTP request failed after 17.0611ms
      System.Net.Http.HttpRequestException: Name or service not known (docker-mcp:8000)
       ---> System.Net.Sockets.SocketException (0xFFFDFFFF): Name or service not known
         at System.Net.Sockets.Socket.AwaitableSocketAsyncEventArgs.ThrowException(SocketError error, CancellationToken cancellationToken)
         at System.Net.Sockets.Socket.AwaitableSocketAsyncEventArgs.System.Threading.Tasks.Sources.IValueTaskSource.GetResult(Int16 token)
         at System.Net.Http.HttpConnectionPool.ConnectToTcpHostAsync(String host, Int32 port, HttpRequestMessage initialRequest, Boolean async, CancellationToken cancellationToken)
         --- End of inner exception stack trace ---
         at System.Net.Http.HttpConnectionPool.ConnectToTcpHostAsync(String host, Int32 port, HttpRequestMessage initialRequest, Boolean async, CancellationToken cancellationToken)
         at System.Net.Http.HttpConnectionPool.ConnectAsync(HttpRequestMessage request, Boolean async, CancellationToken cancellationToken)
         at System.Net.Http.HttpConnectionPool.CreateHttp11ConnectionAsync(HttpRequestMessage request, Boolean async, CancellationToken cancellationToken)
         at System.Net.Http.HttpConnectionPool.InjectNewHttp11ConnectionAsync(QueueItem queueItem)
         at System.Threading.Tasks.TaskCompletionSourceWithCancellation`1.WaitWithCancellationAsync(CancellationToken cancellationToken)
         at System.Net.Http.HttpConnectionPool.SendWithVersionDetectionAndRetryAsync(HttpRequestMessage request, Boolean async, Boolean doRequestAuth, CancellationToken cancellationToken)
         at System.Net.Http.RedirectHandler.SendAsync(HttpRequestMessage request, Boolean async, CancellationToken cancellationToken)
         at System.Net.Http.SocketsHttpHandler.<SendAsync>g__CreateHandlerAndSendAsync|115_0(HttpRequestMessage request, CancellationToken cancellationToken)
         at Microsoft.Extensions.Http.Logging.LoggingHttpMessageHandler.<SendCoreAsync>g__Core|4_0(HttpRequestMessage request, Boolean useAsync, CancellationToken cancellationToken)
info: System.Net.Http.HttpClient.McpClient.ClientHandler[104]
      HTTP request failed after 15.6798ms
      System.Net.Http.HttpRequestException: Name or service not known (mcp-arr-hd:3000)
       ---> System.Net.Sockets.SocketException (0xFFFDFFFF): Name or service not known
         at System.Net.Sockets.Socket.AwaitableSocketAsyncEventArgs.ThrowException(SocketError error, CancellationToken cancellationToken)
         at System.Net.Sockets.Socket.AwaitableSocketAsyncEventArgs.System.Threading.Tasks.Sources.IValueTaskSource.GetResult(Int16 token)
         at System.Net.Http.HttpConnectionPool.ConnectToTcpHostAsync(String host, Int32 port, HttpRequestMessage initialRequest, Boolean async, CancellationToken cancellationToken)
         --- End of inner exception stack trace ---
         at System.Net.Http.HttpConnectionPool.ConnectToTcpHostAsync(String host, Int32 port, HttpRequestMessage initialRequest, Boolean async, CancellationToken cancellationToken)
         at System.Net.Http.HttpConnectionPool.ConnectAsync(HttpRequestMessage request, Boolean async, CancellationToken cancellationToken)
         at System.Net.Http.HttpConnectionPool.CreateHttp11ConnectionAsync(HttpRequestMessage request, Boolean async, CancellationToken cancellationToken)
         at System.Net.Http.HttpConnectionPool.InjectNewHttp11ConnectionAsync(QueueItem queueItem)
         at System.Threading.Tasks.TaskCompletionSourceWithCancellation`1.WaitWithCancellationAsync(CancellationToken cancellationToken)
         at System.Net.Http.HttpConnectionPool.SendWithVersionDetectionAndRetryAsync(HttpRequestMessage request, Boolean async, Boolean doRequestAuth, CancellationToken cancellationToken)
         at System.Net.Http.RedirectHandler.SendAsync(HttpRequestMessage request, Boolean async, CancellationToken cancellationToken)
         at System.Net.Http.SocketsHttpHandler.<SendAsync>g__CreateHandlerAndSendAsync|115_0(HttpRequestMessage request, CancellationToken cancellationToken)
         at Microsoft.Extensions.Http.Logging.LoggingHttpMessageHandler.<SendCoreAsync>g__Core|4_0(HttpRequestMessage request, Boolean useAsync, CancellationToken cancellationToken)
info: System.Net.Http.HttpClient.McpClient.LogicalHandler[104]
      HTTP request failed after 63.8558ms
      System.Net.Http.HttpRequestException: Name or service not known (mcp-arr-4k:3000)
       ---> System.Net.Sockets.SocketException (0xFFFDFFFF): Name or service not known
         at System.Net.Sockets.Socket.AwaitableSocketAsyncEventArgs.ThrowException(SocketError error, CancellationToken cancellationToken)
         at System.Net.Sockets.Socket.AwaitableSocketAsyncEventArgs.System.Threading.Tasks.Sources.IValueTaskSource.GetResult(Int16 token)
         at System.Net.Http.HttpConnectionPool.ConnectToTcpHostAsync(String host, Int32 port, HttpRequestMessage initialRequest, Boolean async, CancellationToken cancellationToken)
         --- End of inner exception stack trace ---
         at System.Net.Http.HttpConnectionPool.ConnectToTcpHostAsync(String host, Int32 port, HttpRequestMessage initialRequest, Boolean async, CancellationToken cancellationToken)
         at System.Net.Http.HttpConnectionPool.ConnectAsync(HttpRequestMessage request, Boolean async, CancellationToken cancellationToken)
         at System.Net.Http.HttpConnectionPool.CreateHttp11ConnectionAsync(HttpRequestMessage request, Boolean async, CancellationToken cancellationToken)
         at System.Net.Http.HttpConnectionPool.InjectNewHttp11ConnectionAsync(QueueItem queueItem)
         at System.Threading.Tasks.TaskCompletionSourceWithCancellation`1.WaitWithCancellationAsync(CancellationToken cancellationToken)
         at System.Net.Http.HttpConnectionPool.SendWithVersionDetectionAndRetryAsync(HttpRequestMessage request, Boolean async, Boolean doRequestAuth, CancellationToken cancellationToken)
         at System.Net.Http.RedirectHandler.SendAsync(HttpRequestMessage request, Boolean async, CancellationToken cancellationToken)
         at System.Net.Http.SocketsHttpHandler.<SendAsync>g__CreateHandlerAndSendAsync|115_0(HttpRequestMessage request, CancellationToken cancellationToken)
         at Microsoft.Extensions.Http.Logging.LoggingHttpMessageHandler.<SendCoreAsync>g__Core|4_0(HttpRequestMessage request, Boolean useAsync, CancellationToken cancellationToken)
         at Microsoft.Extensions.Http.Logging.LoggingScopeHttpMessageHandler.<SendCoreAsync>g__Core|4_0(HttpRequestMessage request, Boolean useAsync, CancellationToken cancellationToken)
info: System.Net.Http.HttpClient.McpClient.LogicalHandler[104]
      HTTP request failed after 63.7647ms
      System.Net.Http.HttpRequestException: Name or service not known (mcp-arr-hd:3000)
       ---> System.Net.Sockets.SocketException (0xFFFDFFFF): Name or service not known
         at System.Net.Sockets.Socket.AwaitableSocketAsyncEventArgs.ThrowException(SocketError error, CancellationToken cancellationToken)
         at System.Net.Sockets.Socket.AwaitableSocketAsyncEventArgs.System.Threading.Tasks.Sources.IValueTaskSource.GetResult(Int16 token)
         at System.Net.Http.HttpConnectionPool.ConnectToTcpHostAsync(String host, Int32 port, HttpRequestMessage initialRequest, Boolean async, CancellationToken cancellationToken)
         --- End of inner exception stack trace ---
         at System.Net.Http.HttpConnectionPool.ConnectToTcpHostAsync(String host, Int32 port, HttpRequestMessage initialRequest, Boolean async, CancellationToken cancellationToken)
         at System.Net.Http.HttpConnectionPool.ConnectAsync(HttpRequestMessage request, Boolean async, CancellationToken cancellationToken)
         at System.Net.Http.HttpConnectionPool.CreateHttp11ConnectionAsync(HttpRequestMessage request, Boolean async, CancellationToken cancellationToken)
         at System.Net.Http.HttpConnectionPool.InjectNewHttp11ConnectionAsync(QueueItem queueItem)
         at System.Threading.Tasks.TaskCompletionSourceWithCancellation`1.WaitWithCancellationAsync(CancellationToken cancellationToken)
         at System.Net.Http.HttpConnectionPool.SendWithVersionDetectionAndRetryAsync(HttpRequestMessage request, Boolean async, Boolean doRequestAuth, CancellationToken cancellationToken)
         at System.Net.Http.RedirectHandler.SendAsync(HttpRequestMessage request, Boolean async, CancellationToken cancellationToken)
         at System.Net.Http.SocketsHttpHandler.<SendAsync>g__CreateHandlerAndSendAsync|115_0(HttpRequestMessage request, CancellationToken cancellationToken)
         at Microsoft.Extensions.Http.Logging.LoggingHttpMessageHandler.<SendCoreAsync>g__Core|4_0(HttpRequestMessage request, Boolean useAsync, CancellationToken cancellationToken)
         at Microsoft.Extensions.Http.Logging.LoggingScopeHttpMessageHandler.<SendCoreAsync>g__Core|4_0(HttpRequestMessage request, Boolean useAsync, CancellationToken cancellationToken)
info: System.Net.Http.HttpClient.McpClient.LogicalHandler[104]
      HTTP request failed after 64.2512ms
      System.Net.Http.HttpRequestException: Name or service not known (docker-mcp:8000)
       ---> System.Net.Sockets.SocketException (0xFFFDFFFF): Name or service not known
         at System.Net.Sockets.Socket.AwaitableSocketAsyncEventArgs.ThrowException(SocketError error, CancellationToken cancellationToken)
         at System.Net.Sockets.Socket.AwaitableSocketAsyncEventArgs.System.Threading.Tasks.Sources.IValueTaskSource.GetResult(Int16 token)
         at System.Net.Http.HttpConnectionPool.ConnectToTcpHostAsync(String host, Int32 port, HttpRequestMessage initialRequest, Boolean async, CancellationToken cancellationToken)
         --- End of inner exception stack trace ---
         at System.Net.Http.HttpConnectionPool.ConnectToTcpHostAsync(String host, Int32 port, HttpRequestMessage initialRequest, Boolean async, CancellationToken cancellationToken)
         at System.Net.Http.HttpConnectionPool.ConnectAsync(HttpRequestMessage request, Boolean async, CancellationToken cancellationToken)
         at System.Net.Http.HttpConnectionPool.CreateHttp11ConnectionAsync(HttpRequestMessage request, Boolean async, CancellationToken cancellationToken)
         at System.Net.Http.HttpConnectionPool.InjectNewHttp11ConnectionAsync(QueueItem queueItem)
         at System.Threading.Tasks.TaskCompletionSourceWithCancellation`1.WaitWithCancellationAsync(CancellationToken cancellationToken)
         at System.Net.Http.HttpConnectionPool.SendWithVersionDetectionAndRetryAsync(HttpRequestMessage request, Boolean async, Boolean doRequestAuth, CancellationToken cancellationToken)
         at System.Net.Http.RedirectHandler.SendAsync(HttpRequestMessage request, Boolean async, CancellationToken cancellationToken)
         at System.Net.Http.SocketsHttpHandler.<SendAsync>g__CreateHandlerAndSendAsync|115_0(HttpRequestMessage request, CancellationToken cancellationToken)
         at Microsoft.Extensions.Http.Logging.LoggingHttpMessageHandler.<SendCoreAsync>g__Core|4_0(HttpRequestMessage request, Boolean useAsync, CancellationToken cancellationToken)
         at Microsoft.Extensions.Http.Logging.LoggingScopeHttpMessageHandler.<SendCoreAsync>g__Core|4_0(HttpRequestMessage request, Boolean useAsync, CancellationToken cancellationToken)
info: McpRouter.Services.OnnxEmbeddingService[0]
      Local model downloaded successfully.
info: McpRouter.Services.OnnxEmbeddingService[0]
      Downloading model vocabulary file from Hugging Face...
info: System.Net.Http.HttpClient.Default.LogicalHandler[100]
      Start processing HTTP request GET https://huggingface.co/Xenova/all-MiniLM-L6-v2/resolve/main/vocab.txt
info: System.Net.Http.HttpClient.Default.ClientHandler[100]
      Sending HTTP request GET https://huggingface.co/Xenova/all-MiniLM-L6-v2/resolve/main/vocab.txt
info: System.Net.Http.HttpClient.Default.ClientHandler[101]
      Received HTTP response headers after 103.2104ms - 200
info: System.Net.Http.HttpClient.Default.LogicalHandler[101]
      End processing HTTP request after 103.4109ms - 200
info: McpRouter.Services.OnnxEmbeddingService[0]
      Vocabulary file downloaded successfully.
info: McpRouter.Services.DynamicEmbeddingService[0]
      Vector embedding model pre-warmed successfully.
info: Microsoft.EntityFrameworkCore.Database.Command[20101]
      Executed DbCommand (0ms) [Parameters=[], CommandType='Text', CommandTimeout='30']
      SELECT "s"."Id", "s"."ApiKey", "s"."AuthShape", "s"."AutoDiscovered", "s"."Categories", "s"."CustomHeaderName", "s"."DisplayName", "s"."Enabled", "s"."HeadersJson", "s"."Hidden", "s"."SecretItemKey", "s"."SecretProvider", "s"."Type", "s"."Url"
      FROM "Servers" AS "s"
      WHERE "s"."AutoDiscovered"
info: Microsoft.EntityFrameworkCore.Database.Command[20101]
      Executed DbCommand (0ms) [Parameters=[], CommandType='Text', CommandTimeout='30']
      SELECT "s"."Id", "s"."ApiKey", "s"."AuthShape", "s"."AutoDiscovered", "s"."Categories", "s"."CustomHeaderName", "s"."DisplayName", "s"."Enabled", "s"."HeadersJson", "s"."Hidden", "s"."SecretItemKey", "s"."SecretProvider", "s"."Type", "s"."Url"
      FROM "Servers" AS "s"
      WHERE "s"."Enabled"
info: System.Net.Http.HttpClient.McpClient.LogicalHandler[100]
      Start processing HTTP request GET http://docker-mcp:8000/sse
info: System.Net.Http.HttpClient.McpClient.ClientHandler[100]
      Sending HTTP request GET http://docker-mcp:8000/sse
info: System.Net.Http.HttpClient.McpClient.LogicalHandler[100]
      Start processing HTTP request GET http://mcp-arr-4k:3000/mcp
info: System.Net.Http.HttpClient.McpClient.ClientHandler[100]
      Sending HTTP request GET http://mcp-arr-4k:3000/mcp
info: System.Net.Http.HttpClient.McpClient.LogicalHandler[100]
      Start processing HTTP request GET http://mcp-arr-hd:3000/mcp
info: System.Net.Http.HttpClient.McpClient.ClientHandler[100]
      Sending HTTP request GET http://mcp-arr-hd:3000/mcp
info: System.Net.Http.HttpClient.McpClient.ClientHandler[104]
      HTTP request failed after 1.9712ms
      System.Net.Http.HttpRequestException: Name or service not known (mcp-arr-4k:3000)
       ---> System.Net.Sockets.SocketException (0xFFFDFFFF): Name or service not known
         at System.Net.Sockets.Socket.AwaitableSocketAsyncEventArgs.ThrowException(SocketError error, CancellationToken cancellationToken)
         at System.Net.Sockets.Socket.AwaitableSocketAsyncEventArgs.System.Threading.Tasks.Sources.IValueTaskSource.GetResult(Int16 token)
         at System.Net.Http.HttpConnectionPool.ConnectToTcpHostAsync(String host, Int32 port, HttpRequestMessage initialRequest, Boolean async, CancellationToken cancellationToken)
         --- End of inner exception stack trace ---
         at System.Net.Http.HttpConnectionPool.ConnectToTcpHostAsync(String host, Int32 port, HttpRequestMessage initialRequest, Boolean async, CancellationToken cancellationToken)
         at System.Net.Http.HttpConnectionPool.ConnectAsync(HttpRequestMessage request, Boolean async, CancellationToken cancellationToken)
         at System.Net.Http.HttpConnectionPool.CreateHttp11ConnectionAsync(HttpRequestMessage request, Boolean async, CancellationToken cancellationToken)
         at System.Net.Http.HttpConnectionPool.InjectNewHttp11ConnectionAsync(QueueItem queueItem)
         at System.Threading.Tasks.TaskCompletionSourceWithCancellation`1.WaitWithCancellationAsync(CancellationToken cancellationToken)
         at System.Net.Http.HttpConnectionPool.SendWithVersionDetectionAndRetryAsync(HttpRequestMessage request, Boolean async, Boolean doRequestAuth, CancellationToken cancellationToken)
         at System.Net.Http.RedirectHandler.SendAsync(HttpRequestMessage request, Boolean async, CancellationToken cancellationToken)
         at Microsoft.Extensions.Http.Logging.LoggingHttpMessageHandler.<SendCoreAsync>g__Core|4_0(HttpRequestMessage request, Boolean useAsync, CancellationToken cancellationToken)
info: System.Net.Http.HttpClient.McpClient.ClientHandler[104]
      HTTP request failed after 1.8971ms
      System.Net.Http.HttpRequestException: Name or service not known (mcp-arr-hd:3000)
       ---> System.Net.Sockets.SocketException (0xFFFDFFFF): Name or service not known
         at System.Net.Sockets.Socket.AwaitableSocketAsyncEventArgs.ThrowException(SocketError error, CancellationToken cancellationToken)
         at System.Net.Sockets.Socket.AwaitableSocketAsyncEventArgs.System.Threading.Tasks.Sources.IValueTaskSource.GetResult(Int16 token)
         at System.Net.Http.HttpConnectionPool.ConnectToTcpHostAsync(String host, Int32 port, HttpRequestMessage initialRequest, Boolean async, CancellationToken cancellationToken)
         --- End of inner exception stack trace ---
         at System.Net.Http.HttpConnectionPool.ConnectToTcpHostAsync(String host, Int32 port, HttpRequestMessage initialRequest, Boolean async, CancellationToken cancellationToken)
         at System.Net.Http.HttpConnectionPool.ConnectAsync(HttpRequestMessage request, Boolean async, CancellationToken cancellationToken)
         at System.Net.Http.HttpConnectionPool.CreateHttp11ConnectionAsync(HttpRequestMessage request, Boolean async, CancellationToken cancellationToken)
         at System.Net.Http.HttpConnectionPool.InjectNewHttp11ConnectionAsync(QueueItem queueItem)
         at System.Threading.Tasks.TaskCompletionSourceWithCancellation`1.WaitWithCancellationAsync(CancellationToken cancellationToken)
         at System.Net.Http.HttpConnectionPool.SendWithVersionDetectionAndRetryAsync(HttpRequestMessage request, Boolean async, Boolean doRequestAuth, CancellationToken cancellationToken)
         at System.Net.Http.RedirectHandler.SendAsync(HttpRequestMessage request, Boolean async, CancellationToken cancellationToken)
         at Microsoft.Extensions.Http.Logging.LoggingHttpMessageHandler.<SendCoreAsync>g__Core|4_0(HttpRequestMessage request, Boolean useAsync, CancellationToken cancellationToken)
info: System.Net.Http.HttpClient.McpClient.ClientHandler[104]
      HTTP request failed after 2.2349ms
      System.Net.Http.HttpRequestException: Name or service not known (docker-mcp:8000)
       ---> System.Net.Sockets.SocketException (0xFFFDFFFF): Name or service not known
         at System.Net.Sockets.Socket.AwaitableSocketAsyncEventArgs.ThrowException(SocketError error, CancellationToken cancellationToken)
         at System.Net.Sockets.Socket.AwaitableSocketAsyncEventArgs.System.Threading.Tasks.Sources.IValueTaskSource.GetResult(Int16 token)
         at System.Net.Http.HttpConnectionPool.ConnectToTcpHostAsync(String host, Int32 port, HttpRequestMessage initialRequest, Boolean async, CancellationToken cancellationToken)
         --- End of inner exception stack trace ---
         at System.Net.Http.HttpConnectionPool.ConnectToTcpHostAsync(String host, Int32 port, HttpRequestMessage initialRequest, Boolean async, CancellationToken cancellationToken)
         at System.Net.Http.HttpConnectionPool.ConnectAsync(HttpRequestMessage request, Boolean async, CancellationToken cancellationToken)
         at System.Net.Http.HttpConnectionPool.CreateHttp11ConnectionAsync(HttpRequestMessage request, Boolean async, CancellationToken cancellationToken)
         at System.Net.Http.HttpConnectionPool.InjectNewHttp11ConnectionAsync(QueueItem queueItem)
         at System.Threading.Tasks.TaskCompletionSourceWithCancellation`1.WaitWithCancellationAsync(CancellationToken cancellationToken)
         at System.Net.Http.HttpConnectionPool.SendWithVersionDetectionAndRetryAsync(HttpRequestMessage request, Boolean async, Boolean doRequestAuth, CancellationToken cancellationToken)
         at System.Net.Http.RedirectHandler.SendAsync(HttpRequestMessage request, Boolean async, CancellationToken cancellationToken)
         at Microsoft.Extensions.Http.Logging.LoggingHttpMessageHandler.<SendCoreAsync>g__Core|4_0(HttpRequestMessage request, Boolean useAsync, CancellationToken cancellationToken)
info: System.Net.Http.HttpClient.McpClient.LogicalHandler[104]
      HTTP request failed after 4.5105ms
      System.Net.Http.HttpRequestException: Name or service not known (mcp-arr-4k:3000)
       ---> System.Net.Sockets.SocketException (0xFFFDFFFF): Name or service not known
         at System.Net.Sockets.Socket.AwaitableSocketAsyncEventArgs.ThrowException(SocketError error, CancellationToken cancellationToken)
         at System.Net.Sockets.Socket.AwaitableSocketAsyncEventArgs.System.Threading.Tasks.Sources.IValueTaskSource.GetResult(Int16 token)
         at System.Net.Http.HttpConnectionPool.ConnectToTcpHostAsync(String host, Int32 port, HttpRequestMessage initialRequest, Boolean async, CancellationToken cancellationToken)
         --- End of inner exception stack trace ---
         at System.Net.Http.HttpConnectionPool.ConnectToTcpHostAsync(String host, Int32 port, HttpRequestMessage initialRequest, Boolean async, CancellationToken cancellationToken)
         at System.Net.Http.HttpConnectionPool.ConnectAsync(HttpRequestMessage request, Boolean async, CancellationToken cancellationToken)
         at System.Net.Http.HttpConnectionPool.CreateHttp11ConnectionAsync(HttpRequestMessage request, Boolean async, CancellationToken cancellationToken)
         at System.Net.Http.HttpConnectionPool.InjectNewHttp11ConnectionAsync(QueueItem queueItem)
         at System.Threading.Tasks.TaskCompletionSourceWithCancellation`1.WaitWithCancellationAsync(CancellationToken cancellationToken)
         at System.Net.Http.HttpConnectionPool.SendWithVersionDetectionAndRetryAsync(HttpRequestMessage request, Boolean async, Boolean doRequestAuth, CancellationToken cancellationToken)
         at System.Net.Http.RedirectHandler.SendAsync(HttpRequestMessage request, Boolean async, CancellationToken cancellationToken)
         at Microsoft.Extensions.Http.Logging.LoggingHttpMessageHandler.<SendCoreAsync>g__Core|4_0(HttpRequestMessage request, Boolean useAsync, CancellationToken cancellationToken)
         at Microsoft.Extensions.Http.Logging.LoggingScopeHttpMessageHandler.<SendCoreAsync>g__Core|4_0(HttpRequestMessage request, Boolean useAsync, CancellationToken cancellationToken)
info: System.Net.Http.HttpClient.McpClient.LogicalHandler[104]
      HTTP request failed after 4.7839ms
      System.Net.Http.HttpRequestException: Name or service not known (docker-mcp:8000)
       ---> System.Net.Sockets.SocketException (0xFFFDFFFF): Name or service not known
         at System.Net.Sockets.Socket.AwaitableSocketAsyncEventArgs.ThrowException(SocketError error, CancellationToken cancellationToken)
         at System.Net.Sockets.Socket.AwaitableSocketAsyncEventArgs.System.Threading.Tasks.Sources.IValueTaskSource.GetResult(Int16 token)
         at System.Net.Http.HttpConnectionPool.ConnectToTcpHostAsync(String host, Int32 port, HttpRequestMessage initialRequest, Boolean async, CancellationToken cancellationToken)
         --- End of inner exception stack trace ---
         at System.Net.Http.HttpConnectionPool.ConnectToTcpHostAsync(String host, Int32 port, HttpRequestMessage initialRequest, Boolean async, CancellationToken cancellationToken)
         at System.Net.Http.HttpConnectionPool.ConnectAsync(HttpRequestMessage request, Boolean async, CancellationToken cancellationToken)
         at System.Net.Http.HttpConnectionPool.CreateHttp11ConnectionAsync(HttpRequestMessage request, Boolean async, CancellationToken cancellationToken)
         at System.Net.Http.HttpConnectionPool.InjectNewHttp11ConnectionAsync(QueueItem queueItem)
         at System.Threading.Tasks.TaskCompletionSourceWithCancellation`1.WaitWithCancellationAsync(CancellationToken cancellationToken)
         at System.Net.Http.HttpConnectionPool.SendWithVersionDetectionAndRetryAsync(HttpRequestMessage request, Boolean async, Boolean doRequestAuth, CancellationToken cancellationToken)
         at System.Net.Http.RedirectHandler.SendAsync(HttpRequestMessage request, Boolean async, CancellationToken cancellationToken)
         at Microsoft.Extensions.Http.Logging.LoggingHttpMessageHandler.<SendCoreAsync>g__Core|4_0(HttpRequestMessage request, Boolean useAsync, CancellationToken cancellationToken)
         at Microsoft.Extensions.Http.Logging.LoggingScopeHttpMessageHandler.<SendCoreAsync>g__Core|4_0(HttpRequestMessage request, Boolean useAsync, CancellationToken cancellationToken)
info: System.Net.Http.HttpClient.McpClient.LogicalHandler[104]
      HTTP request failed after 4.5121ms
      System.Net.Http.HttpRequestException: Name or service not known (mcp-arr-hd:3000)
       ---> System.Net.Sockets.SocketException (0xFFFDFFFF): Name or service not known
         at System.Net.Sockets.Socket.AwaitableSocketAsyncEventArgs.ThrowException(SocketError error, CancellationToken cancellationToken)
         at System.Net.Sockets.Socket.AwaitableSocketAsyncEventArgs.System.Threading.Tasks.Sources.IValueTaskSource.GetResult(Int16 token)
         at System.Net.Http.HttpConnectionPool.ConnectToTcpHostAsync(String host, Int32 port, HttpRequestMessage initialRequest, Boolean async, CancellationToken cancellationToken)
         --- End of inner exception stack trace ---
         at System.Net.Http.HttpConnectionPool.ConnectToTcpHostAsync(String host, Int32 port, HttpRequestMessage initialRequest, Boolean async, CancellationToken cancellationToken)
         at System.Net.Http.HttpConnectionPool.ConnectAsync(HttpRequestMessage request, Boolean async, CancellationToken cancellationToken)
         at System.Net.Http.HttpConnectionPool.CreateHttp11ConnectionAsync(HttpRequestMessage request, Boolean async, CancellationToken cancellationToken)
         at System.Net.Http.HttpConnectionPool.InjectNewHttp11ConnectionAsync(QueueItem queueItem)
         at System.Threading.Tasks.TaskCompletionSourceWithCancellation`1.WaitWithCancellationAsync(CancellationToken cancellationToken)
         at System.Net.Http.HttpConnectionPool.SendWithVersionDetectionAndRetryAsync(HttpRequestMessage request, Boolean async, Boolean doRequestAuth, CancellationToken cancellationToken)
         at System.Net.Http.RedirectHandler.SendAsync(HttpRequestMessage request, Boolean async, CancellationToken cancellationToken)
         at Microsoft.Extensions.Http.Logging.LoggingHttpMessageHandler.<SendCoreAsync>g__Core|4_0(HttpRequestMessage request, Boolean useAsync, CancellationToken cancellationToken)
         at Microsoft.Extensions.Http.Logging.LoggingScopeHttpMessageHandler.<SendCoreAsync>g__Core|4_0(HttpRequestMessage request, Boolean useAsync, CancellationToken cancellationToken)
info: Microsoft.EntityFrameworkCore.Database.Command[20101]
      Executed DbCommand (0ms) [Parameters=[], CommandType='Text', CommandTimeout='30']
      SELECT "s"."Id", "s"."ApiKey", "s"."AuthShape", "s"."AutoDiscovered", "s"."Categories", "s"."CustomHeaderName", "s"."DisplayName", "s"."Enabled", "s"."HeadersJson", "s"."Hidden", "s"."SecretItemKey", "s"."SecretProvider", "s"."Type", "s"."Url"
      FROM "Servers" AS "s"
      WHERE "s"."AutoDiscovered"
info: Microsoft.EntityFrameworkCore.Database.Command[20101]
      Executed DbCommand (0ms) [Parameters=[], CommandType='Text', CommandTimeout='30']
      SELECT "s"."Id", "s"."ApiKey", "s"."AuthShape", "s"."AutoDiscovered", "s"."Categories", "s"."CustomHeaderName", "s"."DisplayName", "s"."Enabled", "s"."HeadersJson", "s"."Hidden", "s"."SecretItemKey", "s"."SecretProvider", "s"."Type", "s"."Url"
      FROM "Servers" AS "s"
      WHERE "s"."Enabled"
info: System.Net.Http.HttpClient.McpClient.LogicalHandler[100]
      Start processing HTTP request GET http://docker-mcp:8000/sse
info: System.Net.Http.HttpClient.McpClient.ClientHandler[100]
      Sending HTTP request GET http://docker-mcp:8000/sse
info: System.Net.Http.HttpClient.McpClient.LogicalHandler[100]
      Start processing HTTP request GET http://mcp-arr-4k:3000/mcp
info: System.Net.Http.HttpClient.McpClient.ClientHandler[100]
      Sending HTTP request GET http://mcp-arr-4k:3000/mcp
info: System.Net.Http.HttpClient.McpClient.LogicalHandler[100]
      Start processing HTTP request GET http://mcp-arr-hd:3000/mcp
info: System.Net.Http.HttpClient.McpClient.ClientHandler[100]
      Sending HTTP request GET http://mcp-arr-hd:3000/mcp
info: System.Net.Http.HttpClient.McpClient.ClientHandler[104]
      HTTP request failed after 2.4892ms
      System.Net.Http.HttpRequestException: Name or service not known (mcp-arr-hd:3000)
       ---> System.Net.Sockets.SocketException (0xFFFDFFFF): Name or service not known
         at System.Net.Sockets.Socket.AwaitableSocketAsyncEventArgs.ThrowException(SocketError error, CancellationToken cancellationToken)
         at System.Net.Sockets.Socket.AwaitableSocketAsyncEventArgs.System.Threading.Tasks.Sources.IValueTaskSource.GetResult(Int16 token)
         at System.Net.Http.HttpConnectionPool.ConnectToTcpHostAsync(String host, Int32 port, HttpRequestMessage initialRequest, Boolean async, CancellationToken cancellationToken)
         --- End of inner exception stack trace ---
         at System.Net.Http.HttpConnectionPool.ConnectToTcpHostAsync(String host, Int32 port, HttpRequestMessage initialRequest, Boolean async, CancellationToken cancellationToken)
         at System.Net.Http.HttpConnectionPool.ConnectAsync(HttpRequestMessage request, Boolean async, CancellationToken cancellationToken)
         at System.Net.Http.HttpConnectionPool.CreateHttp11ConnectionAsync(HttpRequestMessage request, Boolean async, CancellationToken cancellationToken)
         at System.Net.Http.HttpConnectionPool.InjectNewHttp11ConnectionAsync(QueueItem queueItem)
         at System.Threading.Tasks.TaskCompletionSourceWithCancellation`1.WaitWithCancellationAsync(CancellationToken cancellationToken)
         at System.Net.Http.HttpConnectionPool.SendWithVersionDetectionAndRetryAsync(HttpRequestMessage request, Boolean async, Boolean doRequestAuth, CancellationToken cancellationToken)
         at System.Net.Http.RedirectHandler.SendAsync(HttpRequestMessage request, Boolean async, CancellationToken cancellationToken)
         at Microsoft.Extensions.Http.Logging.LoggingHttpMessageHandler.<SendCoreAsync>g__Core|4_0(HttpRequestMessage request, Boolean useAsync, CancellationToken cancellationToken)
info: System.Net.Http.HttpClient.McpClient.ClientHandler[104]
      HTTP request failed after 3.9476ms
      System.Net.Http.HttpRequestException: Name or service not known (mcp-arr-4k:3000)
       ---> System.Net.Sockets.SocketException (0xFFFDFFFF): Name or service not known
         at System.Net.Sockets.Socket.AwaitableSocketAsyncEventArgs.ThrowException(SocketError error, CancellationToken cancellationToken)
         at System.Net.Sockets.Socket.AwaitableSocketAsyncEventArgs.System.Threading.Tasks.Sources.IValueTaskSource.GetResult(Int16 token)
         at System.Net.Http.HttpConnectionPool.ConnectToTcpHostAsync(String host, Int32 port, HttpRequestMessage initialRequest, Boolean async, CancellationToken cancellationToken)
         --- End of inner exception stack trace ---
         at System.Net.Http.HttpConnectionPool.ConnectToTcpHostAsync(String host, Int32 port, HttpRequestMessage initialRequest, Boolean async, CancellationToken cancellationToken)
         at System.Net.Http.HttpConnectionPool.ConnectAsync(HttpRequestMessage request, Boolean async, CancellationToken cancellationToken)
         at System.Net.Http.HttpConnectionPool.CreateHttp11ConnectionAsync(HttpRequestMessage request, Boolean async, CancellationToken cancellationToken)
         at System.Net.Http.HttpConnectionPool.InjectNewHttp11ConnectionAsync(QueueItem queueItem)
         at System.Threading.Tasks.TaskCompletionSourceWithCancellation`1.WaitWithCancellationAsync(CancellationToken cancellationToken)
         at System.Net.Http.HttpConnectionPool.SendWithVersionDetectionAndRetryAsync(HttpRequestMessage request, Boolean async, Boolean doRequestAuth, CancellationToken cancellationToken)
         at System.Net.Http.RedirectHandler.SendAsync(HttpRequestMessage request, Boolean async, CancellationToken cancellationToken)
         at Microsoft.Extensions.Http.Logging.LoggingHttpMessageHandler.<SendCoreAsync>g__Core|4_0(HttpRequestMessage request, Boolean useAsync, CancellationToken cancellationToken)
info: System.Net.Http.HttpClient.McpClient.ClientHandler[104]
      HTTP request failed after 4.0548ms
      System.Net.Http.HttpRequestException: Name or service not known (docker-mcp:8000)
       ---> System.Net.Sockets.SocketException (0xFFFDFFFF): Name or service not known
         at System.Net.Sockets.Socket.AwaitableSocketAsyncEventArgs.ThrowException(SocketError error, CancellationToken cancellationToken)
         at System.Net.Sockets.Socket.AwaitableSocketAsyncEventArgs.System.Threading.Tasks.Sources.IValueTaskSource.GetResult(Int16 token)
         at System.Net.Http.HttpConnectionPool.ConnectToTcpHostAsync(String host, Int32 port, HttpRequestMessage initialRequest, Boolean async, CancellationToken cancellationToken)
         --- End of inner exception stack trace ---
         at System.Net.Http.HttpConnectionPool.ConnectToTcpHostAsync(String host, Int32 port, HttpRequestMessage initialRequest, Boolean async, CancellationToken cancellationToken)
         at System.Net.Http.HttpConnectionPool.ConnectAsync(HttpRequestMessage request, Boolean async, CancellationToken cancellationToken)
         at System.Net.Http.HttpConnectionPool.CreateHttp11ConnectionAsync(HttpRequestMessage request, Boolean async, CancellationToken cancellationToken)
         at System.Net.Http.HttpConnectionPool.InjectNewHttp11ConnectionAsync(QueueItem queueItem)
         at System.Threading.Tasks.TaskCompletionSourceWithCancellation`1.WaitWithCancellationAsync(CancellationToken cancellationToken)
         at System.Net.Http.HttpConnectionPool.SendWithVersionDetectionAndRetryAsync(HttpRequestMessage request, Boolean async, Boolean doRequestAuth, CancellationToken cancellationToken)
         at System.Net.Http.RedirectHandler.SendAsync(HttpRequestMessage request, Boolean async, CancellationToken cancellationToken)
         at Microsoft.Extensions.Http.Logging.LoggingHttpMessageHandler.<SendCoreAsync>g__Core|4_0(HttpRequestMessage request, Boolean useAsync, CancellationToken cancellationToken)
info: System.Net.Http.HttpClient.McpClient.LogicalHandler[104]
      HTTP request failed after 4.6016ms
      System.Net.Http.HttpRequestException: Name or service not known (mcp-arr-hd:3000)
       ---> System.Net.Sockets.SocketException (0xFFFDFFFF): Name or service not known
         at System.Net.Sockets.Socket.AwaitableSocketAsyncEventArgs.ThrowException(SocketError error, CancellationToken cancellationToken)
         at System.Net.Sockets.Socket.AwaitableSocketAsyncEventArgs.System.Threading.Tasks.Sources.IValueTaskSource.GetResult(Int16 token)
         at System.Net.Http.HttpConnectionPool.ConnectToTcpHostAsync(String host, Int32 port, HttpRequestMessage initialRequest, Boolean async, CancellationToken cancellationToken)
         --- End of inner exception stack trace ---
         at System.Net.Http.HttpConnectionPool.ConnectToTcpHostAsync(String host, Int32 port, HttpRequestMessage initialRequest, Boolean async, CancellationToken cancellationToken)
         at System.Net.Http.HttpConnectionPool.ConnectAsync(HttpRequestMessage request, Boolean async, CancellationToken cancellationToken)
         at System.Net.Http.HttpConnectionPool.CreateHttp11ConnectionAsync(HttpRequestMessage request, Boolean async, CancellationToken cancellationToken)
         at System.Net.Http.HttpConnectionPool.InjectNewHttp11ConnectionAsync(QueueItem queueItem)
         at System.Threading.Tasks.TaskCompletionSourceWithCancellation`1.WaitWithCancellationAsync(CancellationToken cancellationToken)
         at System.Net.Http.HttpConnectionPool.SendWithVersionDetectionAndRetryAsync(HttpRequestMessage request, Boolean async, Boolean doRequestAuth, CancellationToken cancellationToken)
         at System.Net.Http.RedirectHandler.SendAsync(HttpRequestMessage request, Boolean async, CancellationToken cancellationToken)
         at Microsoft.Extensions.Http.Logging.LoggingHttpMessageHandler.<SendCoreAsync>g__Core|4_0(HttpRequestMessage request, Boolean useAsync, CancellationToken cancellationToken)
         at Microsoft.Extensions.Http.Logging.LoggingScopeHttpMessageHandler.<SendCoreAsync>g__Core|4_0(HttpRequestMessage request, Boolean useAsync, CancellationToken cancellationToken)
info: System.Net.Http.HttpClient.McpClient.LogicalHandler[104]
      HTTP request failed after 5.9179ms
      System.Net.Http.HttpRequestException: Name or service not known (mcp-arr-4k:3000)
       ---> System.Net.Sockets.SocketException (0xFFFDFFFF): Name or service not known
         at System.Net.Sockets.Socket.AwaitableSocketAsyncEventArgs.ThrowException(SocketError error, CancellationToken cancellationToken)
         at System.Net.Sockets.Socket.AwaitableSocketAsyncEventArgs.System.Threading.Tasks.Sources.IValueTaskSource.GetResult(Int16 token)
         at System.Net.Http.HttpConnectionPool.ConnectToTcpHostAsync(String host, Int32 port, HttpRequestMessage initialRequest, Boolean async, CancellationToken cancellationToken)
         --- End of inner exception stack trace ---
         at System.Net.Http.HttpConnectionPool.ConnectToTcpHostAsync(String host, Int32 port, HttpRequestMessage initialRequest, Boolean async, CancellationToken cancellationToken)
         at System.Net.Http.HttpConnectionPool.ConnectAsync(HttpRequestMessage request, Boolean async, CancellationToken cancellationToken)
         at System.Net.Http.HttpConnectionPool.CreateHttp11ConnectionAsync(HttpRequestMessage request, Boolean async, CancellationToken cancellationToken)
         at System.Net.Http.HttpConnectionPool.InjectNewHttp11ConnectionAsync(QueueItem queueItem)
         at System.Threading.Tasks.TaskCompletionSourceWithCancellation`1.WaitWithCancellationAsync(CancellationToken cancellationToken)
         at System.Net.Http.HttpConnectionPool.SendWithVersionDetectionAndRetryAsync(HttpRequestMessage request, Boolean async, Boolean doRequestAuth, CancellationToken cancellationToken)
         at System.Net.Http.RedirectHandler.SendAsync(HttpRequestMessage request, Boolean async, CancellationToken cancellationToken)
         at Microsoft.Extensions.Http.Logging.LoggingHttpMessageHandler.<SendCoreAsync>g__Core|4_0(HttpRequestMessage request, Boolean useAsync, CancellationToken cancellationToken)
         at Microsoft.Extensions.Http.Logging.LoggingScopeHttpMessageHandler.<SendCoreAsync>g__Core|4_0(HttpRequestMessage request, Boolean useAsync, CancellationToken cancellationToken)
info: System.Net.Http.HttpClient.McpClient.LogicalHandler[104]
      HTTP request failed after 10.6916ms
      System.Net.Http.HttpRequestException: Name or service not known (docker-mcp:8000)
       ---> System.Net.Sockets.SocketException (0xFFFDFFFF): Name or service not known
         at System.Net.Sockets.Socket.AwaitableSocketAsyncEventArgs.ThrowException(SocketError error, CancellationToken cancellationToken)
         at System.Net.Sockets.Socket.AwaitableSocketAsyncEventArgs.System.Threading.Tasks.Sources.IValueTaskSource.GetResult(Int16 token)
         at System.Net.Http.HttpConnectionPool.ConnectToTcpHostAsync(String host, Int32 port, HttpRequestMessage initialRequest, Boolean async, CancellationToken cancellationToken)
         --- End of inner exception stack trace ---
         at System.Net.Http.HttpConnectionPool.ConnectToTcpHostAsync(String host, Int32 port, HttpRequestMessage initialRequest, Boolean async, CancellationToken cancellationToken)
         at System.Net.Http.HttpConnectionPool.ConnectAsync(HttpRequestMessage request, Boolean async, CancellationToken cancellationToken)
         at System.Net.Http.HttpConnectionPool.CreateHttp11ConnectionAsync(HttpRequestMessage request, Boolean async, CancellationToken cancellationToken)
         at System.Net.Http.HttpConnectionPool.InjectNewHttp11ConnectionAsync(QueueItem queueItem)
         at System.Threading.Tasks.TaskCompletionSourceWithCancellation`1.WaitWithCancellationAsync(CancellationToken cancellationToken)
         at System.Net.Http.HttpConnectionPool.SendWithVersionDetectionAndRetryAsync(HttpRequestMessage request, Boolean async, Boolean doRequestAuth, CancellationToken cancellationToken)
         at System.Net.Http.RedirectHandler.SendAsync(HttpRequestMessage request, Boolean async, CancellationToken cancellationToken)
         at Microsoft.Extensions.Http.Logging.LoggingHttpMessageHandler.<SendCoreAsync>g__Core|4_0(HttpRequestMessage request, Boolean useAsync, CancellationToken cancellationToken)
         at Microsoft.Extensions.Http.Logging.LoggingScopeHttpMessageHandler.<SendCoreAsync>g__Core|4_0(HttpRequestMessage request, Boolean useAsync, CancellationToken cancellationToken)
info: Microsoft.EntityFrameworkCore.Database.Command[20101]
      Executed DbCommand (0ms) [Parameters=[], CommandType='Text', CommandTimeout='30']
      SELECT "s"."Id", "s"."ApiKey", "s"."AuthShape", "s"."AutoDiscovered", "s"."Categories", "s"."CustomHeaderName", "s"."DisplayName", "s"."Enabled", "s"."HeadersJson", "s"."Hidden", "s"."SecretItemKey", "s"."SecretProvider", "s"."Type", "s"."Url"
      FROM "Servers" AS "s"
      WHERE "s"."AutoDiscovered"
info: Microsoft.EntityFrameworkCore.Database.Command[20101]
      Executed DbCommand (0ms) [Parameters=[], CommandType='Text', CommandTimeout='30']
      SELECT "s"."Id", "s"."ApiKey", "s"."AuthShape", "s"."AutoDiscovered", "s"."Categories", "s"."CustomHeaderName", "s"."DisplayName", "s"."Enabled", "s"."HeadersJson", "s"."Hidden", "s"."SecretItemKey", "s"."SecretProvider", "s"."Type", "s"."Url"
      FROM "Servers" AS "s"
      WHERE "s"."Enabled"
info: System.Net.Http.HttpClient.McpClient.LogicalHandler[100]
      Start processing HTTP request GET http://docker-mcp:8000/sse
info: System.Net.Http.HttpClient.McpClient.ClientHandler[100]
      Sending HTTP request GET http://docker-mcp:8000/sse
info: System.Net.Http.HttpClient.McpClient.LogicalHandler[100]
      Start processing HTTP request GET http://mcp-arr-4k:3000/mcp
info: System.Net.Http.HttpClient.McpClient.ClientHandler[100]
      Sending HTTP request GET http://mcp-arr-4k:3000/mcp
info: System.Net.Http.HttpClient.McpClient.LogicalHandler[100]
      Start processing HTTP request GET http://mcp-arr-hd:3000/mcp
info: System.Net.Http.HttpClient.McpClient.ClientHandler[100]
      Sending HTTP request GET http://mcp-arr-hd:3000/mcp
info: System.Net.Http.HttpClient.McpClient.ClientHandler[104]
      HTTP request failed after 1.547ms
      System.Net.Http.HttpRequestException: Name or service not known (mcp-arr-hd:3000)
       ---> System.Net.Sockets.SocketException (0xFFFDFFFF): Name or service not known
         at System.Net.Sockets.Socket.AwaitableSocketAsyncEventArgs.ThrowException(SocketError error, CancellationToken cancellationToken)
         at System.Net.Sockets.Socket.AwaitableSocketAsyncEventArgs.System.Threading.Tasks.Sources.IValueTaskSource.GetResult(Int16 token)
         at System.Net.Http.HttpConnectionPool.ConnectToTcpHostAsync(String host, Int32 port, HttpRequestMessage initialRequest, Boolean async, CancellationToken cancellationToken)
         --- End of inner exception stack trace ---
         at System.Net.Http.HttpConnectionPool.ConnectToTcpHostAsync(String host, Int32 port, HttpRequestMessage initialRequest, Boolean async, CancellationToken cancellationToken)
         at System.Net.Http.HttpConnectionPool.ConnectAsync(HttpRequestMessage request, Boolean async, CancellationToken cancellationToken)
         at System.Net.Http.HttpConnectionPool.CreateHttp11ConnectionAsync(HttpRequestMessage request, Boolean async, CancellationToken cancellationToken)
         at System.Net.Http.HttpConnectionPool.InjectNewHttp11ConnectionAsync(QueueItem queueItem)
         at System.Threading.Tasks.TaskCompletionSourceWithCancellation`1.WaitWithCancellationAsync(CancellationToken cancellationToken)
         at System.Net.Http.HttpConnectionPool.SendWithVersionDetectionAndRetryAsync(HttpRequestMessage request, Boolean async, Boolean doRequestAuth, CancellationToken cancellationToken)
         at System.Net.Http.RedirectHandler.SendAsync(HttpRequestMessage request, Boolean async, CancellationToken cancellationToken)
         at Microsoft.Extensions.Http.Logging.LoggingHttpMessageHandler.<SendCoreAsync>g__Core|4_0(HttpRequestMessage request, Boolean useAsync, CancellationToken cancellationToken)
info: System.Net.Http.HttpClient.McpClient.ClientHandler[104]
      HTTP request failed after 2.4793ms
      System.Net.Http.HttpRequestException: Name or service not known (docker-mcp:8000)
       ---> System.Net.Sockets.SocketException (0xFFFDFFFF): Name or service not known
         at System.Net.Sockets.Socket.AwaitableSocketAsyncEventArgs.ThrowException(SocketError error, CancellationToken cancellationToken)
         at System.Net.Sockets.Socket.AwaitableSocketAsyncEventArgs.System.Threading.Tasks.Sources.IValueTaskSource.GetResult(Int16 token)
         at System.Net.Http.HttpConnectionPool.ConnectToTcpHostAsync(String host, Int32 port, HttpRequestMessage initialRequest, Boolean async, CancellationToken cancellationToken)
         --- End of inner exception stack trace ---
         at System.Net.Http.HttpConnectionPool.ConnectToTcpHostAsync(String host, Int32 port, HttpRequestMessage initialRequest, Boolean async, CancellationToken cancellationToken)
         at System.Net.Http.HttpConnectionPool.ConnectAsync(HttpRequestMessage request, Boolean async, CancellationToken cancellationToken)
         at System.Net.Http.HttpConnectionPool.CreateHttp11ConnectionAsync(HttpRequestMessage request, Boolean async, CancellationToken cancellationToken)
         at System.Net.Http.HttpConnectionPool.InjectNewHttp11ConnectionAsync(QueueItem queueItem)
         at System.Threading.Tasks.TaskCompletionSourceWithCancellation`1.WaitWithCancellationAsync(CancellationToken cancellationToken)
         at System.Net.Http.HttpConnectionPool.SendWithVersionDetectionAndRetryAsync(HttpRequestMessage request, Boolean async, Boolean doRequestAuth, CancellationToken cancellationToken)
         at System.Net.Http.RedirectHandler.SendAsync(HttpRequestMessage request, Boolean async, CancellationToken cancellationToken)
         at Microsoft.Extensions.Http.Logging.LoggingHttpMessageHandler.<SendCoreAsync>g__Core|4_0(HttpRequestMessage request, Boolean useAsync, CancellationToken cancellationToken)
info: System.Net.Http.HttpClient.McpClient.LogicalHandler[104]
      HTTP request failed after 3.1525ms
      System.Net.Http.HttpRequestException: Name or service not known (mcp-arr-hd:3000)
       ---> System.Net.Sockets.SocketException (0xFFFDFFFF): Name or service not known
         at System.Net.Sockets.Socket.AwaitableSocketAsyncEventArgs.ThrowException(SocketError error, CancellationToken cancellationToken)
         at System.Net.Sockets.Socket.AwaitableSocketAsyncEventArgs.System.Threading.Tasks.Sources.IValueTaskSource.GetResult(Int16 token)
         at System.Net.Http.HttpConnectionPool.ConnectToTcpHostAsync(String host, Int32 port, HttpRequestMessage initialRequest, Boolean async, CancellationToken cancellationToken)
         --- End of inner exception stack trace ---
         at System.Net.Http.HttpConnectionPool.ConnectToTcpHostAsync(String host, Int32 port, HttpRequestMessage initialRequest, Boolean async, CancellationToken cancellationToken)
         at System.Net.Http.HttpConnectionPool.ConnectAsync(HttpRequestMessage request, Boolean async, CancellationToken cancellationToken)
         at System.Net.Http.HttpConnectionPool.CreateHttp11ConnectionAsync(HttpRequestMessage request, Boolean async, CancellationToken cancellationToken)
         at System.Net.Http.HttpConnectionPool.InjectNewHttp11ConnectionAsync(QueueItem queueItem)
         at System.Threading.Tasks.TaskCompletionSourceWithCancellation`1.WaitWithCancellationAsync(CancellationToken cancellationToken)
         at System.Net.Http.HttpConnectionPool.SendWithVersionDetectionAndRetryAsync(HttpRequestMessage request, Boolean async, Boolean doRequestAuth, CancellationToken cancellationToken)
         at System.Net.Http.RedirectHandler.SendAsync(HttpRequestMessage request, Boolean async, CancellationToken cancellationToken)
         at Microsoft.Extensions.Http.Logging.LoggingHttpMessageHandler.<SendCoreAsync>g__Core|4_0(HttpRequestMessage request, Boolean useAsync, CancellationToken cancellationToken)
         at Microsoft.Extensions.Http.Logging.LoggingScopeHttpMessageHandler.<SendCoreAsync>g__Core|4_0(HttpRequestMessage request, Boolean useAsync, CancellationToken cancellationToken)
info: System.Net.Http.HttpClient.McpClient.LogicalHandler[104]
      HTTP request failed after 4.1805ms
      System.Net.Http.HttpRequestException: Name or service not known (docker-mcp:8000)
       ---> System.Net.Sockets.SocketException (0xFFFDFFFF): Name or service not known
         at System.Net.Sockets.Socket.AwaitableSocketAsyncEventArgs.ThrowException(SocketError error, CancellationToken cancellationToken)
         at System.Net.Sockets.Socket.AwaitableSocketAsyncEventArgs.System.Threading.Tasks.Sources.IValueTaskSource.GetResult(Int16 token)
         at System.Net.Http.HttpConnectionPool.ConnectToTcpHostAsync(String host, Int32 port, HttpRequestMessage initialRequest, Boolean async, CancellationToken cancellationToken)
         --- End of inner exception stack trace ---
         at System.Net.Http.HttpConnectionPool.ConnectToTcpHostAsync(String host, Int32 port, HttpRequestMessage initialRequest, Boolean async, CancellationToken cancellationToken)
         at System.Net.Http.HttpConnectionPool.ConnectAsync(HttpRequestMessage request, Boolean async, CancellationToken cancellationToken)
         at System.Net.Http.HttpConnectionPool.CreateHttp11ConnectionAsync(HttpRequestMessage request, Boolean async, CancellationToken cancellationToken)
         at System.Net.Http.HttpConnectionPool.InjectNewHttp11ConnectionAsync(QueueItem queueItem)
         at System.Threading.Tasks.TaskCompletionSourceWithCancellation`1.WaitWithCancellationAsync(CancellationToken cancellationToken)
         at System.Net.Http.HttpConnectionPool.SendWithVersionDetectionAndRetryAsync(HttpRequestMessage request, Boolean async, Boolean doRequestAuth, CancellationToken cancellationToken)
         at System.Net.Http.RedirectHandler.SendAsync(HttpRequestMessage request, Boolean async, CancellationToken cancellationToken)
         at Microsoft.Extensions.Http.Logging.LoggingHttpMessageHandler.<SendCoreAsync>g__Core|4_0(HttpRequestMessage request, Boolean useAsync, CancellationToken cancellationToken)
         at Microsoft.Extensions.Http.Logging.LoggingScopeHttpMessageHandler.<SendCoreAsync>g__Core|4_0(HttpRequestMessage request, Boolean useAsync, CancellationToken cancellationToken)
info: System.Net.Http.HttpClient.McpClient.ClientHandler[104]
      HTTP request failed after 2.0439ms
      System.Net.Http.HttpRequestException: Name or service not known (mcp-arr-4k:3000)
       ---> System.Net.Sockets.SocketException (0xFFFDFFFF): Name or service not known
         at System.Net.Sockets.Socket.AwaitableSocketAsyncEventArgs.ThrowException(SocketError error, CancellationToken cancellationToken)
         at System.Net.Sockets.Socket.AwaitableSocketAsyncEventArgs.System.Threading.Tasks.Sources.IValueTaskSource.GetResult(Int16 token)
         at System.Net.Http.HttpConnectionPool.ConnectToTcpHostAsync(String host, Int32 port, HttpRequestMessage initialRequest, Boolean async, CancellationToken cancellationToken)
         --- End of inner exception stack trace ---
         at System.Net.Http.HttpConnectionPool.ConnectToTcpHostAsync(String host, Int32 port, HttpRequestMessage initialRequest, Boolean async, CancellationToken cancellationToken)
         at System.Net.Http.HttpConnectionPool.ConnectAsync(HttpRequestMessage request, Boolean async, CancellationToken cancellationToken)
         at System.Net.Http.HttpConnectionPool.CreateHttp11ConnectionAsync(HttpRequestMessage request, Boolean async, CancellationToken cancellationToken)
         at System.Net.Http.HttpConnectionPool.InjectNewHttp11ConnectionAsync(QueueItem queueItem)
         at System.Threading.Tasks.TaskCompletionSourceWithCancellation`1.WaitWithCancellationAsync(CancellationToken cancellationToken)
         at System.Net.Http.HttpConnectionPool.SendWithVersionDetectionAndRetryAsync(HttpRequestMessage request, Boolean async, Boolean doRequestAuth, CancellationToken cancellationToken)
         at System.Net.Http.RedirectHandler.SendAsync(HttpRequestMessage request, Boolean async, CancellationToken cancellationToken)
         at Microsoft.Extensions.Http.Logging.LoggingHttpMessageHandler.<SendCoreAsync>g__Core|4_0(HttpRequestMessage request, Boolean useAsync, CancellationToken cancellationToken)
info: System.Net.Http.HttpClient.McpClient.LogicalHandler[104]
      HTTP request failed after 8.3515ms
      System.Net.Http.HttpRequestException: Name or service not known (mcp-arr-4k:3000)
       ---> System.Net.Sockets.SocketException (0xFFFDFFFF): Name or service not known
         at System.Net.Sockets.Socket.AwaitableSocketAsyncEventArgs.ThrowException(SocketError error, CancellationToken cancellationToken)
         at System.Net.Sockets.Socket.AwaitableSocketAsyncEventArgs.System.Threading.Tasks.Sources.IValueTaskSource.GetResult(Int16 token)
         at System.Net.Http.HttpConnectionPool.ConnectToTcpHostAsync(String host, Int32 port, HttpRequestMessage initialRequest, Boolean async, CancellationToken cancellationToken)
         --- End of inner exception stack trace ---
         at System.Net.Http.HttpConnectionPool.ConnectToTcpHostAsync(String host, Int32 port, HttpRequestMessage initialRequest, Boolean async, CancellationToken cancellationToken)
         at System.Net.Http.HttpConnectionPool.ConnectAsync(HttpRequestMessage request, Boolean async, CancellationToken cancellationToken)
         at System.Net.Http.HttpConnectionPool.CreateHttp11ConnectionAsync(HttpRequestMessage request, Boolean async, CancellationToken cancellationToken)
         at System.Net.Http.HttpConnectionPool.InjectNewHttp11ConnectionAsync(QueueItem queueItem)
         at System.Threading.Tasks.TaskCompletionSourceWithCancellation`1.WaitWithCancellationAsync(CancellationToken cancellationToken)
         at System.Net.Http.HttpConnectionPool.SendWithVersionDetectionAndRetryAsync(HttpRequestMessage request, Boolean async, Boolean doRequestAuth, CancellationToken cancellationToken)
         at System.Net.Http.RedirectHandler.SendAsync(HttpRequestMessage request, Boolean async, CancellationToken cancellationToken)
         at Microsoft.Extensions.Http.Logging.LoggingHttpMessageHandler.<SendCoreAsync>g__Core|4_0(HttpRequestMessage request, Boolean useAsync, CancellationToken cancellationToken)
         at Microsoft.Extensions.Http.Logging.LoggingScopeHttpMessageHandler.<SendCoreAsync>g__Core|4_0(HttpRequestMessage request, Boolean useAsync, CancellationToken cancellationToken)
info: Microsoft.EntityFrameworkCore.Database.Command[20101]
      Executed DbCommand (0ms) [Parameters=[], CommandType='Text', CommandTimeout='30']
      SELECT "s"."Id", "s"."ApiKey", "s"."AuthShape", "s"."AutoDiscovered", "s"."Categories", "s"."CustomHeaderName", "s"."DisplayName", "s"."Enabled", "s"."HeadersJson", "s"."Hidden", "s"."SecretItemKey", "s"."SecretProvider", "s"."Type", "s"."Url"
      FROM "Servers" AS "s"
      WHERE "s"."AutoDiscovered"
info: Microsoft.EntityFrameworkCore.Database.Command[20101]
      Executed DbCommand (0ms) [Parameters=[], CommandType='Text', CommandTimeout='30']
      SELECT "s"."Id", "s"."ApiKey", "s"."AuthShape", "s"."AutoDiscovered", "s"."Categories", "s"."CustomHeaderName", "s"."DisplayName", "s"."Enabled", "s"."HeadersJson", "s"."Hidden", "s"."SecretItemKey", "s"."SecretProvider", "s"."Type", "s"."Url"
      FROM "Servers" AS "s"
      WHERE "s"."Enabled"
info: System.Net.Http.HttpClient.McpClient.LogicalHandler[100]
      Start processing HTTP request GET http://docker-mcp:8000/sse
info: System.Net.Http.HttpClient.McpClient.ClientHandler[100]
      Sending HTTP request GET http://docker-mcp:8000/sse
info: System.Net.Http.HttpClient.McpClient.LogicalHandler[100]
      Start processing HTTP request GET http://mcp-arr-4k:3000/mcp
info: System.Net.Http.HttpClient.McpClient.ClientHandler[100]
      Sending HTTP request GET http://mcp-arr-4k:3000/mcp
info: System.Net.Http.HttpClient.McpClient.LogicalHandler[100]
      Start processing HTTP request GET http://mcp-arr-hd:3000/mcp
info: System.Net.Http.HttpClient.McpClient.ClientHandler[100]
      Sending HTTP request GET http://mcp-arr-hd:3000/mcp
info: System.Net.Http.HttpClient.McpClient.ClientHandler[104]
      HTTP request failed after 1.6096ms
      System.Net.Http.HttpRequestException: Name or service not known (mcp-arr-4k:3000)
       ---> System.Net.Sockets.SocketException (0xFFFDFFFF): Name or service not known
         at System.Net.Sockets.Socket.AwaitableSocketAsyncEventArgs.ThrowException(SocketError error, CancellationToken cancellationToken)
         at System.Net.Sockets.Socket.AwaitableSocketAsyncEventArgs.System.Threading.Tasks.Sources.IValueTaskSource.GetResult(Int16 token)
         at System.Net.Http.HttpConnectionPool.ConnectToTcpHostAsync(String host, Int32 port, HttpRequestMessage initialRequest, Boolean async, CancellationToken cancellationToken)
         --- End of inner exception stack trace ---
         at System.Net.Http.HttpConnectionPool.ConnectToTcpHostAsync(String host, Int32 port, HttpRequestMessage initialRequest, Boolean async, CancellationToken cancellationToken)
         at System.Net.Http.HttpConnectionPool.ConnectAsync(HttpRequestMessage request, Boolean async, CancellationToken cancellationToken)
         at System.Net.Http.HttpConnectionPool.CreateHttp11ConnectionAsync(HttpRequestMessage request, Boolean async, CancellationToken cancellationToken)
         at System.Net.Http.HttpConnectionPool.InjectNewHttp11ConnectionAsync(QueueItem queueItem)
         at System.Threading.Tasks.TaskCompletionSourceWithCancellation`1.WaitWithCancellationAsync(CancellationToken cancellationToken)
         at System.Net.Http.HttpConnectionPool.SendWithVersionDetectionAndRetryAsync(HttpRequestMessage request, Boolean async, Boolean doRequestAuth, CancellationToken cancellationToken)
         at System.Net.Http.RedirectHandler.SendAsync(HttpRequestMessage request, Boolean async, CancellationToken cancellationToken)
         at Microsoft.Extensions.Http.Logging.LoggingHttpMessageHandler.<SendCoreAsync>g__Core|4_0(HttpRequestMessage request, Boolean useAsync, CancellationToken cancellationToken)
info: System.Net.Http.HttpClient.McpClient.ClientHandler[104]
      HTTP request failed after 1.8416ms
      System.Net.Http.HttpRequestException: Name or service not known (docker-mcp:8000)
       ---> System.Net.Sockets.SocketException (0xFFFDFFFF): Name or service not known
         at System.Net.Sockets.Socket.AwaitableSocketAsyncEventArgs.ThrowException(SocketError error, CancellationToken cancellationToken)
         at System.Net.Sockets.Socket.AwaitableSocketAsyncEventArgs.System.Threading.Tasks.Sources.IValueTaskSource.GetResult(Int16 token)
         at System.Net.Http.HttpConnectionPool.ConnectToTcpHostAsync(String host, Int32 port, HttpRequestMessage initialRequest, Boolean async, CancellationToken cancellationToken)
         --- End of inner exception stack trace ---
         at System.Net.Http.HttpConnectionPool.ConnectToTcpHostAsync(String host, Int32 port, HttpRequestMessage initialRequest, Boolean async, CancellationToken cancellationToken)
         at System.Net.Http.HttpConnectionPool.ConnectAsync(HttpRequestMessage request, Boolean async, CancellationToken cancellationToken)
         at System.Net.Http.HttpConnectionPool.CreateHttp11ConnectionAsync(HttpRequestMessage request, Boolean async, CancellationToken cancellationToken)
         at System.Net.Http.HttpConnectionPool.InjectNewHttp11ConnectionAsync(QueueItem queueItem)
         at System.Threading.Tasks.TaskCompletionSourceWithCancellation`1.WaitWithCancellationAsync(CancellationToken cancellationToken)
         at System.Net.Http.HttpConnectionPool.SendWithVersionDetectionAndRetryAsync(HttpRequestMessage request, Boolean async, Boolean doRequestAuth, CancellationToken cancellationToken)
         at System.Net.Http.RedirectHandler.SendAsync(HttpRequestMessage request, Boolean async, CancellationToken cancellationToken)
         at Microsoft.Extensions.Http.Logging.LoggingHttpMessageHandler.<SendCoreAsync>g__Core|4_0(HttpRequestMessage request, Boolean useAsync, CancellationToken cancellationToken)
info: System.Net.Http.HttpClient.McpClient.ClientHandler[104]
      HTTP request failed after 1.5199ms
      System.Net.Http.HttpRequestException: Name or service not known (mcp-arr-hd:3000)
       ---> System.Net.Sockets.SocketException (0xFFFDFFFF): Name or service not known
         at System.Net.Sockets.Socket.AwaitableSocketAsyncEventArgs.ThrowException(SocketError error, CancellationToken cancellationToken)
         at System.Net.Sockets.Socket.AwaitableSocketAsyncEventArgs.System.Threading.Tasks.Sources.IValueTaskSource.GetResult(Int16 token)
         at System.Net.Http.HttpConnectionPool.ConnectToTcpHostAsync(String host, Int32 port, HttpRequestMessage initialRequest, Boolean async, CancellationToken cancellationToken)
         --- End of inner exception stack trace ---
         at System.Net.Http.HttpConnectionPool.ConnectToTcpHostAsync(String host, Int32 port, HttpRequestMessage initialRequest, Boolean async, CancellationToken cancellationToken)
         at System.Net.Http.HttpConnectionPool.ConnectAsync(HttpRequestMessage request, Boolean async, CancellationToken cancellationToken)
         at System.Net.Http.HttpConnectionPool.CreateHttp11ConnectionAsync(HttpRequestMessage request, Boolean async, CancellationToken cancellationToken)
         at System.Net.Http.HttpConnectionPool.InjectNewHttp11ConnectionAsync(QueueItem queueItem)
         at System.Threading.Tasks.TaskCompletionSourceWithCancellation`1.WaitWithCancellationAsync(CancellationToken cancellationToken)
         at System.Net.Http.HttpConnectionPool.SendWithVersionDetectionAndRetryAsync(HttpRequestMessage request, Boolean async, Boolean doRequestAuth, CancellationToken cancellationToken)
         at System.Net.Http.RedirectHandler.SendAsync(HttpRequestMessage request, Boolean async, CancellationToken cancellationToken)
         at Microsoft.Extensions.Http.Logging.LoggingHttpMessageHandler.<SendCoreAsync>g__Core|4_0(HttpRequestMessage request, Boolean useAsync, CancellationToken cancellationToken)
info: System.Net.Http.HttpClient.McpClient.LogicalHandler[104]
      HTTP request failed after 2.6018ms
      System.Net.Http.HttpRequestException: Name or service not known (mcp-arr-4k:3000)
       ---> System.Net.Sockets.SocketException (0xFFFDFFFF): Name or service not known
         at System.Net.Sockets.Socket.AwaitableSocketAsyncEventArgs.ThrowException(SocketError error, CancellationToken cancellationToken)
         at System.Net.Sockets.Socket.AwaitableSocketAsyncEventArgs.System.Threading.Tasks.Sources.IValueTaskSource.GetResult(Int16 token)
         at System.Net.Http.HttpConnectionPool.ConnectToTcpHostAsync(String host, Int32 port, HttpRequestMessage initialRequest, Boolean async, CancellationToken cancellationToken)
         --- End of inner exception stack trace ---
         at System.Net.Http.HttpConnectionPool.ConnectToTcpHostAsync(String host, Int32 port, HttpRequestMessage initialRequest, Boolean async, CancellationToken cancellationToken)
         at System.Net.Http.HttpConnectionPool.ConnectAsync(HttpRequestMessage request, Boolean async, CancellationToken cancellationToken)
         at System.Net.Http.HttpConnectionPool.CreateHttp11ConnectionAsync(HttpRequestMessage request, Boolean async, CancellationToken cancellationToken)
         at System.Net.Http.HttpConnectionPool.InjectNewHttp11ConnectionAsync(QueueItem queueItem)
         at System.Threading.Tasks.TaskCompletionSourceWithCancellation`1.WaitWithCancellationAsync(CancellationToken cancellationToken)
         at System.Net.Http.HttpConnectionPool.SendWithVersionDetectionAndRetryAsync(HttpRequestMessage request, Boolean async, Boolean doRequestAuth, CancellationToken cancellationToken)
         at System.Net.Http.RedirectHandler.SendAsync(HttpRequestMessage request, Boolean async, CancellationToken cancellationToken)
         at Microsoft.Extensions.Http.Logging.LoggingHttpMessageHandler.<SendCoreAsync>g__Core|4_0(HttpRequestMessage request, Boolean useAsync, CancellationToken cancellationToken)
         at Microsoft.Extensions.Http.Logging.LoggingScopeHttpMessageHandler.<SendCoreAsync>g__Core|4_0(HttpRequestMessage request, Boolean useAsync, CancellationToken cancellationToken)
info: System.Net.Http.HttpClient.McpClient.LogicalHandler[104]
      HTTP request failed after 2.9678ms
      System.Net.Http.HttpRequestException: Name or service not known (docker-mcp:8000)
       ---> System.Net.Sockets.SocketException (0xFFFDFFFF): Name or service not known
         at System.Net.Sockets.Socket.AwaitableSocketAsyncEventArgs.ThrowException(SocketError error, CancellationToken cancellationToken)
         at System.Net.Sockets.Socket.AwaitableSocketAsyncEventArgs.System.Threading.Tasks.Sources.IValueTaskSource.GetResult(Int16 token)
         at System.Net.Http.HttpConnectionPool.ConnectToTcpHostAsync(String host, Int32 port, HttpRequestMessage initialRequest, Boolean async, CancellationToken cancellationToken)
         --- End of inner exception stack trace ---
         at System.Net.Http.HttpConnectionPool.ConnectToTcpHostAsync(String host, Int32 port, HttpRequestMessage initialRequest, Boolean async, CancellationToken cancellationToken)
         at System.Net.Http.HttpConnectionPool.ConnectAsync(HttpRequestMessage request, Boolean async, CancellationToken cancellationToken)
         at System.Net.Http.HttpConnectionPool.CreateHttp11ConnectionAsync(HttpRequestMessage request, Boolean async, CancellationToken cancellationToken)
         at System.Net.Http.HttpConnectionPool.InjectNewHttp11ConnectionAsync(QueueItem queueItem)
         at System.Threading.Tasks.TaskCompletionSourceWithCancellation`1.WaitWithCancellationAsync(CancellationToken cancellationToken)
         at System.Net.Http.HttpConnectionPool.SendWithVersionDetectionAndRetryAsync(HttpRequestMessage request, Boolean async, Boolean doRequestAuth, CancellationToken cancellationToken)
         at System.Net.Http.RedirectHandler.SendAsync(HttpRequestMessage request, Boolean async, CancellationToken cancellationToken)
         at Microsoft.Extensions.Http.Logging.LoggingHttpMessageHandler.<SendCoreAsync>g__Core|4_0(HttpRequestMessage request, Boolean useAsync, CancellationToken cancellationToken)
         at Microsoft.Extensions.Http.Logging.LoggingScopeHttpMessageHandler.<SendCoreAsync>g__Core|4_0(HttpRequestMessage request, Boolean useAsync, CancellationToken cancellationToken)
info: System.Net.Http.HttpClient.McpClient.LogicalHandler[104]
      HTTP request failed after 2.6472ms
      System.Net.Http.HttpRequestException: Name or service not known (mcp-arr-hd:3000)
       ---> System.Net.Sockets.SocketException (0xFFFDFFFF): Name or service not known
         at System.Net.Sockets.Socket.AwaitableSocketAsyncEventArgs.ThrowException(SocketError error, CancellationToken cancellationToken)
         at System.Net.Sockets.Socket.AwaitableSocketAsyncEventArgs.System.Threading.Tasks.Sources.IValueTaskSource.GetResult(Int16 token)
         at System.Net.Http.HttpConnectionPool.ConnectToTcpHostAsync(String host, Int32 port, HttpRequestMessage initialRequest, Boolean async, CancellationToken cancellationToken)
         --- End of inner exception stack trace ---
         at System.Net.Http.HttpConnectionPool.ConnectToTcpHostAsync(String host, Int32 port, HttpRequestMessage initialRequest, Boolean async, CancellationToken cancellationToken)
         at System.Net.Http.HttpConnectionPool.ConnectAsync(HttpRequestMessage request, Boolean async, CancellationToken cancellationToken)
         at System.Net.Http.HttpConnectionPool.CreateHttp11ConnectionAsync(HttpRequestMessage request, Boolean async, CancellationToken cancellationToken)
         at System.Net.Http.HttpConnectionPool.InjectNewHttp11ConnectionAsync(QueueItem queueItem)
         at System.Threading.Tasks.TaskCompletionSourceWithCancellation`1.WaitWithCancellationAsync(CancellationToken cancellationToken)
         at System.Net.Http.HttpConnectionPool.SendWithVersionDetectionAndRetryAsync(HttpRequestMessage request, Boolean async, Boolean doRequestAuth, CancellationToken cancellationToken)
         at System.Net.Http.RedirectHandler.SendAsync(HttpRequestMessage request, Boolean async, CancellationToken cancellationToken)
         at Microsoft.Extensions.Http.Logging.LoggingHttpMessageHandler.<SendCoreAsync>g__Core|4_0(HttpRequestMessage request, Boolean useAsync, CancellationToken cancellationToken)
         at Microsoft.Extensions.Http.Logging.LoggingScopeHttpMessageHandler.<SendCoreAsync>g__Core|4_0(HttpRequestMessage request, Boolean useAsync, CancellationToken cancellationToken)
info: Microsoft.EntityFrameworkCore.Database.Command[20101]
      Executed DbCommand (0ms) [Parameters=[], CommandType='Text', CommandTimeout='30']
      SELECT "s"."Id", "s"."ApiKey", "s"."AuthShape", "s"."AutoDiscovered", "s"."Categories", "s"."CustomHeaderName", "s"."DisplayName", "s"."Enabled", "s"."HeadersJson", "s"."Hidden", "s"."SecretItemKey", "s"."SecretProvider", "s"."Type", "s"."Url"
      FROM "Servers" AS "s"
      WHERE "s"."AutoDiscovered"
info: Microsoft.EntityFrameworkCore.Database.Command[20101]
      Executed DbCommand (0ms) [Parameters=[], CommandType='Text', CommandTimeout='30']
      SELECT "s"."Id", "s"."ApiKey", "s"."AuthShape", "s"."AutoDiscovered", "s"."Categories", "s"."CustomHeaderName", "s"."DisplayName", "s"."Enabled", "s"."HeadersJson", "s"."Hidden", "s"."SecretItemKey", "s"."SecretProvider", "s"."Type", "s"."Url"
      FROM "Servers" AS "s"
      WHERE "s"."Enabled"
info: System.Net.Http.HttpClient.McpClient.LogicalHandler[100]
      Start processing HTTP request GET http://docker-mcp:8000/sse
info: System.Net.Http.HttpClient.McpClient.ClientHandler[100]
      Sending HTTP request GET http://docker-mcp:8000/sse
info: System.Net.Http.HttpClient.McpClient.LogicalHandler[100]
      Start processing HTTP request GET http://mcp-arr-4k:3000/mcp
info: System.Net.Http.HttpClient.McpClient.ClientHandler[100]
      Sending HTTP request GET http://mcp-arr-4k:3000/mcp
info: System.Net.Http.HttpClient.McpClient.LogicalHandler[100]
      Start processing HTTP request GET http://mcp-arr-hd:3000/mcp
info: System.Net.Http.HttpClient.McpClient.ClientHandler[100]
      Sending HTTP request GET http://mcp-arr-hd:3000/mcp
info: System.Net.Http.HttpClient.McpClient.ClientHandler[104]
      HTTP request failed after 2.6742ms
      System.Net.Http.HttpRequestException: Name or service not known (mcp-arr-4k:3000)
       ---> System.Net.Sockets.SocketException (0xFFFDFFFF): Name or service not known
         at System.Net.Sockets.Socket.AwaitableSocketAsyncEventArgs.ThrowException(SocketError error, CancellationToken cancellationToken)
         at System.Net.Sockets.Socket.AwaitableSocketAsyncEventArgs.System.Threading.Tasks.Sources.IValueTaskSource.GetResult(Int16 token)
         at System.Net.Http.HttpConnectionPool.ConnectToTcpHostAsync(String host, Int32 port, HttpRequestMessage initialRequest, Boolean async, CancellationToken cancellationToken)
         --- End of inner exception stack trace ---
         at System.Net.Http.HttpConnectionPool.ConnectToTcpHostAsync(String host, Int32 port, HttpRequestMessage initialRequest, Boolean async, CancellationToken cancellationToken)
         at System.Net.Http.HttpConnectionPool.ConnectAsync(HttpRequestMessage request, Boolean async, CancellationToken cancellationToken)
         at System.Net.Http.HttpConnectionPool.CreateHttp11ConnectionAsync(HttpRequestMessage request, Boolean async, CancellationToken cancellationToken)
         at System.Net.Http.HttpConnectionPool.InjectNewHttp11ConnectionAsync(QueueItem queueItem)
         at System.Threading.Tasks.TaskCompletionSourceWithCancellation`1.WaitWithCancellationAsync(CancellationToken cancellationToken)
         at System.Net.Http.HttpConnectionPool.SendWithVersionDetectionAndRetryAsync(HttpRequestMessage request, Boolean async, Boolean doRequestAuth, CancellationToken cancellationToken)
         at System.Net.Http.RedirectHandler.SendAsync(HttpRequestMessage request, Boolean async, CancellationToken cancellationToken)
         at Microsoft.Extensions.Http.Logging.LoggingHttpMessageHandler.<SendCoreAsync>g__Core|4_0(HttpRequestMessage request, Boolean useAsync, CancellationToken cancellationToken)
info: System.Net.Http.HttpClient.McpClient.ClientHandler[104]
      HTTP request failed after 2.7066ms
      System.Net.Http.HttpRequestException: Name or service not known (mcp-arr-hd:3000)
       ---> System.Net.Sockets.SocketException (0xFFFDFFFF): Name or service not known
         at System.Net.Sockets.Socket.AwaitableSocketAsyncEventArgs.ThrowException(SocketError error, CancellationToken cancellationToken)
         at System.Net.Sockets.Socket.AwaitableSocketAsyncEventArgs.System.Threading.Tasks.Sources.IValueTaskSource.GetResult(Int16 token)
         at System.Net.Http.HttpConnectionPool.ConnectToTcpHostAsync(String host, Int32 port, HttpRequestMessage initialRequest, Boolean async, CancellationToken cancellationToken)
         --- End of inner exception stack trace ---
         at System.Net.Http.HttpConnectionPool.ConnectToTcpHostAsync(String host, Int32 port, HttpRequestMessage initialRequest, Boolean async, CancellationToken cancellationToken)
         at System.Net.Http.HttpConnectionPool.ConnectAsync(HttpRequestMessage request, Boolean async, CancellationToken cancellationToken)
         at System.Net.Http.HttpConnectionPool.CreateHttp11ConnectionAsync(HttpRequestMessage request, Boolean async, CancellationToken cancellationToken)
         at System.Net.Http.HttpConnectionPool.InjectNewHttp11ConnectionAsync(QueueItem queueItem)
         at System.Threading.Tasks.TaskCompletionSourceWithCancellation`1.WaitWithCancellationAsync(CancellationToken cancellationToken)
         at System.Net.Http.HttpConnectionPool.SendWithVersionDetectionAndRetryAsync(HttpRequestMessage request, Boolean async, Boolean doRequestAuth, CancellationToken cancellationToken)
         at System.Net.Http.RedirectHandler.SendAsync(HttpRequestMessage request, Boolean async, CancellationToken cancellationToken)
         at Microsoft.Extensions.Http.Logging.LoggingHttpMessageHandler.<SendCoreAsync>g__Core|4_0(HttpRequestMessage request, Boolean useAsync, CancellationToken cancellationToken)
info: System.Net.Http.HttpClient.McpClient.ClientHandler[104]
      HTTP request failed after 3.2318ms
      System.Net.Http.HttpRequestException: Name or service not known (docker-mcp:8000)
       ---> System.Net.Sockets.SocketException (0xFFFDFFFF): Name or service not known
         at System.Net.Sockets.Socket.AwaitableSocketAsyncEventArgs.ThrowException(SocketError error, CancellationToken cancellationToken)
         at System.Net.Sockets.Socket.AwaitableSocketAsyncEventArgs.System.Threading.Tasks.Sources.IValueTaskSource.GetResult(Int16 token)
         at System.Net.Http.HttpConnectionPool.ConnectToTcpHostAsync(String host, Int32 port, HttpRequestMessage initialRequest, Boolean async, CancellationToken cancellationToken)
         --- End of inner exception stack trace ---
         at System.Net.Http.HttpConnectionPool.ConnectToTcpHostAsync(String host, Int32 port, HttpRequestMessage initialRequest, Boolean async, CancellationToken cancellationToken)
         at System.Net.Http.HttpConnectionPool.ConnectAsync(HttpRequestMessage request, Boolean async, CancellationToken cancellationToken)
         at System.Net.Http.HttpConnectionPool.CreateHttp11ConnectionAsync(HttpRequestMessage request, Boolean async, CancellationToken cancellationToken)
         at System.Net.Http.HttpConnectionPool.InjectNewHttp11ConnectionAsync(QueueItem queueItem)
         at System.Threading.Tasks.TaskCompletionSourceWithCancellation`1.WaitWithCancellationAsync(CancellationToken cancellationToken)
         at System.Net.Http.HttpConnectionPool.SendWithVersionDetectionAndRetryAsync(HttpRequestMessage request, Boolean async, Boolean doRequestAuth, CancellationToken cancellationToken)
         at System.Net.Http.RedirectHandler.SendAsync(HttpRequestMessage request, Boolean async, CancellationToken cancellationToken)
         at Microsoft.Extensions.Http.Logging.LoggingHttpMessageHandler.<SendCoreAsync>g__Core|4_0(HttpRequestMessage request, Boolean useAsync, CancellationToken cancellationToken)
info: System.Net.Http.HttpClient.McpClient.LogicalHandler[104]
      HTTP request failed after 4.5123ms
      System.Net.Http.HttpRequestException: Name or service not known (mcp-arr-4k:3000)
       ---> System.Net.Sockets.SocketException (0xFFFDFFFF): Name or service not known
         at System.Net.Sockets.Socket.AwaitableSocketAsyncEventArgs.ThrowException(SocketError error, CancellationToken cancellationToken)
         at System.Net.Sockets.Socket.AwaitableSocketAsyncEventArgs.System.Threading.Tasks.Sources.IValueTaskSource.GetResult(Int16 token)
         at System.Net.Http.HttpConnectionPool.ConnectToTcpHostAsync(String host, Int32 port, HttpRequestMessage initialRequest, Boolean async, CancellationToken cancellationToken)
         --- End of inner exception stack trace ---
         at System.Net.Http.HttpConnectionPool.ConnectToTcpHostAsync(String host, Int32 port, HttpRequestMessage initialRequest, Boolean async, CancellationToken cancellationToken)
         at System.Net.Http.HttpConnectionPool.ConnectAsync(HttpRequestMessage request, Boolean async, CancellationToken cancellationToken)
         at System.Net.Http.HttpConnectionPool.CreateHttp11ConnectionAsync(HttpRequestMessage request, Boolean async, CancellationToken cancellationToken)
         at System.Net.Http.HttpConnectionPool.InjectNewHttp11ConnectionAsync(QueueItem queueItem)
         at System.Threading.Tasks.TaskCompletionSourceWithCancellation`1.WaitWithCancellationAsync(CancellationToken cancellationToken)
         at System.Net.Http.HttpConnectionPool.SendWithVersionDetectionAndRetryAsync(HttpRequestMessage request, Boolean async, Boolean doRequestAuth, CancellationToken cancellationToken)
         at System.Net.Http.RedirectHandler.SendAsync(HttpRequestMessage request, Boolean async, CancellationToken cancellationToken)
         at Microsoft.Extensions.Http.Logging.LoggingHttpMessageHandler.<SendCoreAsync>g__Core|4_0(HttpRequestMessage request, Boolean useAsync, CancellationToken cancellationToken)
         at Microsoft.Extensions.Http.Logging.LoggingScopeHttpMessageHandler.<SendCoreAsync>g__Core|4_0(HttpRequestMessage request, Boolean useAsync, CancellationToken cancellationToken)
info: System.Net.Http.HttpClient.McpClient.LogicalHandler[104]
      HTTP request failed after 4.1708ms
      System.Net.Http.HttpRequestException: Name or service not known (mcp-arr-hd:3000)
       ---> System.Net.Sockets.SocketException (0xFFFDFFFF): Name or service not known
         at System.Net.Sockets.Socket.AwaitableSocketAsyncEventArgs.ThrowException(SocketError error, CancellationToken cancellationToken)
         at System.Net.Sockets.Socket.AwaitableSocketAsyncEventArgs.System.Threading.Tasks.Sources.IValueTaskSource.GetResult(Int16 token)
         at System.Net.Http.HttpConnectionPool.ConnectToTcpHostAsync(String host, Int32 port, HttpRequestMessage initialRequest, Boolean async, CancellationToken cancellationToken)
         --- End of inner exception stack trace ---
         at System.Net.Http.HttpConnectionPool.ConnectToTcpHostAsync(String host, Int32 port, HttpRequestMessage initialRequest, Boolean async, CancellationToken cancellationToken)
         at System.Net.Http.HttpConnectionPool.ConnectAsync(HttpRequestMessage request, Boolean async, CancellationToken cancellationToken)
         at System.Net.Http.HttpConnectionPool.CreateHttp11ConnectionAsync(HttpRequestMessage request, Boolean async, CancellationToken cancellationToken)
         at System.Net.Http.HttpConnectionPool.InjectNewHttp11ConnectionAsync(QueueItem queueItem)
         at System.Threading.Tasks.TaskCompletionSourceWithCancellation`1.WaitWithCancellationAsync(CancellationToken cancellationToken)
         at System.Net.Http.HttpConnectionPool.SendWithVersionDetectionAndRetryAsync(HttpRequestMessage request, Boolean async, Boolean doRequestAuth, CancellationToken cancellationToken)
         at System.Net.Http.RedirectHandler.SendAsync(HttpRequestMessage request, Boolean async, CancellationToken cancellationToken)
         at Microsoft.Extensions.Http.Logging.LoggingHttpMessageHandler.<SendCoreAsync>g__Core|4_0(HttpRequestMessage request, Boolean useAsync, CancellationToken cancellationToken)
         at Microsoft.Extensions.Http.Logging.LoggingScopeHttpMessageHandler.<SendCoreAsync>g__Core|4_0(HttpRequestMessage request, Boolean useAsync, CancellationToken cancellationToken)
info: System.Net.Http.HttpClient.McpClient.LogicalHandler[104]
      HTTP request failed after 4.9897ms
      System.Net.Http.HttpRequestException: Name or service not known (docker-mcp:8000)
       ---> System.Net.Sockets.SocketException (0xFFFDFFFF): Name or service not known
         at System.Net.Sockets.Socket.AwaitableSocketAsyncEventArgs.ThrowException(SocketError error, CancellationToken cancellationToken)
         at System.Net.Sockets.Socket.AwaitableSocketAsyncEventArgs.System.Threading.Tasks.Sources.IValueTaskSource.GetResult(Int16 token)
         at System.Net.Http.HttpConnectionPool.ConnectToTcpHostAsync(String host, Int32 port, HttpRequestMessage initialRequest, Boolean async, CancellationToken cancellationToken)
         --- End of inner exception stack trace ---
         at System.Net.Http.HttpConnectionPool.ConnectToTcpHostAsync(String host, Int32 port, HttpRequestMessage initialRequest, Boolean async, CancellationToken cancellationToken)
         at System.Net.Http.HttpConnectionPool.ConnectAsync(HttpRequestMessage request, Boolean async, CancellationToken cancellationToken)
         at System.Net.Http.HttpConnectionPool.CreateHttp11ConnectionAsync(HttpRequestMessage request, Boolean async, CancellationToken cancellationToken)
         at System.Net.Http.HttpConnectionPool.InjectNewHttp11ConnectionAsync(QueueItem queueItem)
         at System.Threading.Tasks.TaskCompletionSourceWithCancellation`1.WaitWithCancellationAsync(CancellationToken cancellationToken)
         at System.Net.Http.HttpConnectionPool.SendWithVersionDetectionAndRetryAsync(HttpRequestMessage request, Boolean async, Boolean doRequestAuth, CancellationToken cancellationToken)
         at System.Net.Http.RedirectHandler.SendAsync(HttpRequestMessage request, Boolean async, CancellationToken cancellationToken)
         at Microsoft.Extensions.Http.Logging.LoggingHttpMessageHandler.<SendCoreAsync>g__Core|4_0(HttpRequestMessage request, Boolean useAsync, CancellationToken cancellationToken)
         at Microsoft.Extensions.Http.Logging.LoggingScopeHttpMessageHandler.<SendCoreAsync>g__Core|4_0(HttpRequestMessage request, Boolean useAsync, CancellationToken cancellationToken)
info: Microsoft.AspNetCore.Hosting.Diagnostics[1]
      Request starting HTTP/1.1 GET http://localhost:5000/health - - -
info: Program[0]
      Incoming request: GET /health from ::1. Body: . Headers: Accept: */* | Host: localhost:5000 | User-Agent: curl/8.5.0
info: Microsoft.AspNetCore.Routing.EndpointMiddleware[0]
      Executing endpoint 'HTTP: GET /health'
info: Microsoft.AspNetCore.Http.Result.OkObjectResult[1]
      Setting HTTP status code 200.
info: Microsoft.AspNetCore.Http.Result.OkObjectResult[3]
      Writing value of type '<>f__AnonymousType47`3' as Json.
info: Microsoft.AspNetCore.Routing.EndpointMiddleware[1]
      Executed endpoint 'HTTP: GET /health'
info: Microsoft.AspNetCore.Hosting.Diagnostics[2]
      Request finished HTTP/1.1 GET http://localhost:5000/health - 200 - application/json;+charset=utf-8 5215.9727ms
info: Microsoft.EntityFrameworkCore.Database.Command[20101]
      Executed DbCommand (0ms) [Parameters=[], CommandType='Text', CommandTimeout='30']
      SELECT "s"."Id", "s"."ApiKey", "s"."AuthShape", "s"."AutoDiscovered", "s"."Categories", "s"."CustomHeaderName", "s"."DisplayName", "s"."Enabled", "s"."HeadersJson", "s"."Hidden", "s"."SecretItemKey", "s"."SecretProvider", "s"."Type", "s"."Url"
      FROM "Servers" AS "s"
      WHERE "s"."AutoDiscovered"
info: Microsoft.EntityFrameworkCore.Database.Command[20101]
      Executed DbCommand (0ms) [Parameters=[], CommandType='Text', CommandTimeout='30']
      SELECT "s"."Id", "s"."ApiKey", "s"."AuthShape", "s"."AutoDiscovered", "s"."Categories", "s"."CustomHeaderName", "s"."DisplayName", "s"."Enabled", "s"."HeadersJson", "s"."Hidden", "s"."SecretItemKey", "s"."SecretProvider", "s"."Type", "s"."Url"
      FROM "Servers" AS "s"
      WHERE "s"."Enabled"
info: System.Net.Http.HttpClient.McpClient.LogicalHandler[100]
      Start processing HTTP request GET http://docker-mcp:8000/sse
info: System.Net.Http.HttpClient.McpClient.ClientHandler[100]
      Sending HTTP request GET http://docker-mcp:8000/sse
info: System.Net.Http.HttpClient.McpClient.LogicalHandler[100]
      Start processing HTTP request GET http://mcp-arr-4k:3000/mcp
info: System.Net.Http.HttpClient.McpClient.ClientHandler[100]
      Sending HTTP request GET http://mcp-arr-4k:3000/mcp
info: System.Net.Http.HttpClient.McpClient.LogicalHandler[100]
      Start processing HTTP request GET http://mcp-arr-hd:3000/mcp
info: System.Net.Http.HttpClient.McpClient.ClientHandler[100]
      Sending HTTP request GET http://mcp-arr-hd:3000/mcp
info: System.Net.Http.HttpClient.McpClient.ClientHandler[104]
      HTTP request failed after 1.8411ms
      System.Net.Http.HttpRequestException: Name or service not known (docker-mcp:8000)
       ---> System.Net.Sockets.SocketException (0xFFFDFFFF): Name or service not known
         at System.Net.Sockets.Socket.AwaitableSocketAsyncEventArgs.ThrowException(SocketError error, CancellationToken cancellationToken)
         at System.Net.Sockets.Socket.AwaitableSocketAsyncEventArgs.System.Threading.Tasks.Sources.IValueTaskSource.GetResult(Int16 token)
         at System.Net.Http.HttpConnectionPool.ConnectToTcpHostAsync(String host, Int32 port, HttpRequestMessage initialRequest, Boolean async, CancellationToken cancellationToken)
         --- End of inner exception stack trace ---
         at System.Net.Http.HttpConnectionPool.ConnectToTcpHostAsync(String host, Int32 port, HttpRequestMessage initialRequest, Boolean async, CancellationToken cancellationToken)
         at System.Net.Http.HttpConnectionPool.ConnectAsync(HttpRequestMessage request, Boolean async, CancellationToken cancellationToken)
         at System.Net.Http.HttpConnectionPool.CreateHttp11ConnectionAsync(HttpRequestMessage request, Boolean async, CancellationToken cancellationToken)
         at System.Net.Http.HttpConnectionPool.InjectNewHttp11ConnectionAsync(QueueItem queueItem)
         at System.Threading.Tasks.TaskCompletionSourceWithCancellation`1.WaitWithCancellationAsync(CancellationToken cancellationToken)
         at System.Net.Http.HttpConnectionPool.SendWithVersionDetectionAndRetryAsync(HttpRequestMessage request, Boolean async, Boolean doRequestAuth, CancellationToken cancellationToken)
         at System.Net.Http.RedirectHandler.SendAsync(HttpRequestMessage request, Boolean async, CancellationToken cancellationToken)
         at Microsoft.Extensions.Http.Logging.LoggingHttpMessageHandler.<SendCoreAsync>g__Core|4_0(HttpRequestMessage request, Boolean useAsync, CancellationToken cancellationToken)
info: System.Net.Http.HttpClient.McpClient.ClientHandler[104]
      HTTP request failed after 1.9257ms
      System.Net.Http.HttpRequestException: Name or service not known (mcp-arr-4k:3000)
       ---> System.Net.Sockets.SocketException (0xFFFDFFFF): Name or service not known
         at System.Net.Sockets.Socket.AwaitableSocketAsyncEventArgs.ThrowException(SocketError error, CancellationToken cancellationToken)
         at System.Net.Sockets.Socket.AwaitableSocketAsyncEventArgs.System.Threading.Tasks.Sources.IValueTaskSource.GetResult(Int16 token)
         at System.Net.Http.HttpConnectionPool.ConnectToTcpHostAsync(String host, Int32 port, HttpRequestMessage initialRequest, Boolean async, CancellationToken cancellationToken)
         --- End of inner exception stack trace ---
         at System.Net.Http.HttpConnectionPool.ConnectToTcpHostAsync(String host, Int32 port, HttpRequestMessage initialRequest, Boolean async, CancellationToken cancellationToken)
         at System.Net.Http.HttpConnectionPool.ConnectAsync(HttpRequestMessage request, Boolean async, CancellationToken cancellationToken)
         at System.Net.Http.HttpConnectionPool.CreateHttp11ConnectionAsync(HttpRequestMessage request, Boolean async, CancellationToken cancellationToken)
         at System.Net.Http.HttpConnectionPool.InjectNewHttp11ConnectionAsync(QueueItem queueItem)
         at System.Threading.Tasks.TaskCompletionSourceWithCancellation`1.WaitWithCancellationAsync(CancellationToken cancellationToken)
         at System.Net.Http.HttpConnectionPool.SendWithVersionDetectionAndRetryAsync(HttpRequestMessage request, Boolean async, Boolean doRequestAuth, CancellationToken cancellationToken)
         at System.Net.Http.RedirectHandler.SendAsync(HttpRequestMessage request, Boolean async, CancellationToken cancellationToken)
         at Microsoft.Extensions.Http.Logging.LoggingHttpMessageHandler.<SendCoreAsync>g__Core|4_0(HttpRequestMessage request, Boolean useAsync, CancellationToken cancellationToken)
info: System.Net.Http.HttpClient.McpClient.ClientHandler[104]
      HTTP request failed after 2.2404ms
      System.Net.Http.HttpRequestException: Name or service not known (mcp-arr-hd:3000)
       ---> System.Net.Sockets.SocketException (0xFFFDFFFF): Name or service not known
         at System.Net.Sockets.Socket.AwaitableSocketAsyncEventArgs.ThrowException(SocketError error, CancellationToken cancellationToken)
         at System.Net.Sockets.Socket.AwaitableSocketAsyncEventArgs.System.Threading.Tasks.Sources.IValueTaskSource.GetResult(Int16 token)
         at System.Net.Http.HttpConnectionPool.ConnectToTcpHostAsync(String host, Int32 port, HttpRequestMessage initialRequest, Boolean async, CancellationToken cancellationToken)
         --- End of inner exception stack trace ---
         at System.Net.Http.HttpConnectionPool.ConnectToTcpHostAsync(String host, Int32 port, HttpRequestMessage initialRequest, Boolean async, CancellationToken cancellationToken)
         at System.Net.Http.HttpConnectionPool.ConnectAsync(HttpRequestMessage request, Boolean async, CancellationToken cancellationToken)
         at System.Net.Http.HttpConnectionPool.CreateHttp11ConnectionAsync(HttpRequestMessage request, Boolean async, CancellationToken cancellationToken)
         at System.Net.Http.HttpConnectionPool.InjectNewHttp11ConnectionAsync(QueueItem queueItem)
         at System.Threading.Tasks.TaskCompletionSourceWithCancellation`1.WaitWithCancellationAsync(CancellationToken cancellationToken)
         at System.Net.Http.HttpConnectionPool.SendWithVersionDetectionAndRetryAsync(HttpRequestMessage request, Boolean async, Boolean doRequestAuth, CancellationToken cancellationToken)
         at System.Net.Http.RedirectHandler.SendAsync(HttpRequestMessage request, Boolean async, CancellationToken cancellationToken)
         at Microsoft.Extensions.Http.Logging.LoggingHttpMessageHandler.<SendCoreAsync>g__Core|4_0(HttpRequestMessage request, Boolean useAsync, CancellationToken cancellationToken)
info: System.Net.Http.HttpClient.McpClient.LogicalHandler[104]
      HTTP request failed after 2.5382ms
      System.Net.Http.HttpRequestException: Name or service not known (mcp-arr-4k:3000)
       ---> System.Net.Sockets.SocketException (0xFFFDFFFF): Name or service not known
         at System.Net.Sockets.Socket.AwaitableSocketAsyncEventArgs.ThrowException(SocketError error, CancellationToken cancellationToken)
         at System.Net.Sockets.Socket.AwaitableSocketAsyncEventArgs.System.Threading.Tasks.Sources.IValueTaskSource.GetResult(Int16 token)
         at System.Net.Http.HttpConnectionPool.ConnectToTcpHostAsync(String host, Int32 port, HttpRequestMessage initialRequest, Boolean async, CancellationToken cancellationToken)
         --- End of inner exception stack trace ---
         at System.Net.Http.HttpConnectionPool.ConnectToTcpHostAsync(String host, Int32 port, HttpRequestMessage initialRequest, Boolean async, CancellationToken cancellationToken)
         at System.Net.Http.HttpConnectionPool.ConnectAsync(HttpRequestMessage request, Boolean async, CancellationToken cancellationToken)
         at System.Net.Http.HttpConnectionPool.CreateHttp11ConnectionAsync(HttpRequestMessage request, Boolean async, CancellationToken cancellationToken)
         at System.Net.Http.HttpConnectionPool.InjectNewHttp11ConnectionAsync(QueueItem queueItem)
         at System.Threading.Tasks.TaskCompletionSourceWithCancellation`1.WaitWithCancellationAsync(CancellationToken cancellationToken)
         at System.Net.Http.HttpConnectionPool.SendWithVersionDetectionAndRetryAsync(HttpRequestMessage request, Boolean async, Boolean doRequestAuth, CancellationToken cancellationToken)
         at System.Net.Http.RedirectHandler.SendAsync(HttpRequestMessage request, Boolean async, CancellationToken cancellationToken)
         at Microsoft.Extensions.Http.Logging.LoggingHttpMessageHandler.<SendCoreAsync>g__Core|4_0(HttpRequestMessage request, Boolean useAsync, CancellationToken cancellationToken)
         at Microsoft.Extensions.Http.Logging.LoggingScopeHttpMessageHandler.<SendCoreAsync>g__Core|4_0(HttpRequestMessage request, Boolean useAsync, CancellationToken cancellationToken)
info: System.Net.Http.HttpClient.McpClient.LogicalHandler[104]
      HTTP request failed after 2.8162ms
      System.Net.Http.HttpRequestException: Name or service not known (docker-mcp:8000)
       ---> System.Net.Sockets.SocketException (0xFFFDFFFF): Name or service not known
         at System.Net.Sockets.Socket.AwaitableSocketAsyncEventArgs.ThrowException(SocketError error, CancellationToken cancellationToken)
         at System.Net.Sockets.Socket.AwaitableSocketAsyncEventArgs.System.Threading.Tasks.Sources.IValueTaskSource.GetResult(Int16 token)
         at System.Net.Http.HttpConnectionPool.ConnectToTcpHostAsync(String host, Int32 port, HttpRequestMessage initialRequest, Boolean async, CancellationToken cancellationToken)
         --- End of inner exception stack trace ---
         at System.Net.Http.HttpConnectionPool.ConnectToTcpHostAsync(String host, Int32 port, HttpRequestMessage initialRequest, Boolean async, CancellationToken cancellationToken)
         at System.Net.Http.HttpConnectionPool.ConnectAsync(HttpRequestMessage request, Boolean async, CancellationToken cancellationToken)
         at System.Net.Http.HttpConnectionPool.CreateHttp11ConnectionAsync(HttpRequestMessage request, Boolean async, CancellationToken cancellationToken)
         at System.Net.Http.HttpConnectionPool.InjectNewHttp11ConnectionAsync(QueueItem queueItem)
         at System.Threading.Tasks.TaskCompletionSourceWithCancellation`1.WaitWithCancellationAsync(CancellationToken cancellationToken)
         at System.Net.Http.HttpConnectionPool.SendWithVersionDetectionAndRetryAsync(HttpRequestMessage request, Boolean async, Boolean doRequestAuth, CancellationToken cancellationToken)
         at System.Net.Http.RedirectHandler.SendAsync(HttpRequestMessage request, Boolean async, CancellationToken cancellationToken)
         at Microsoft.Extensions.Http.Logging.LoggingHttpMessageHandler.<SendCoreAsync>g__Core|4_0(HttpRequestMessage request, Boolean useAsync, CancellationToken cancellationToken)
         at Microsoft.Extensions.Http.Logging.LoggingScopeHttpMessageHandler.<SendCoreAsync>g__Core|4_0(HttpRequestMessage request, Boolean useAsync, CancellationToken cancellationToken)
info: System.Net.Http.HttpClient.McpClient.LogicalHandler[104]
      HTTP request failed after 2.8001ms
      System.Net.Http.HttpRequestException: Name or service not known (mcp-arr-hd:3000)
       ---> System.Net.Sockets.SocketException (0xFFFDFFFF): Name or service not known
         at System.Net.Sockets.Socket.AwaitableSocketAsyncEventArgs.ThrowException(SocketError error, CancellationToken cancellationToken)
         at System.Net.Sockets.Socket.AwaitableSocketAsyncEventArgs.System.Threading.Tasks.Sources.IValueTaskSource.GetResult(Int16 token)
         at System.Net.Http.HttpConnectionPool.ConnectToTcpHostAsync(String host, Int32 port, HttpRequestMessage initialRequest, Boolean async, CancellationToken cancellationToken)
         --- End of inner exception stack trace ---
         at System.Net.Http.HttpConnectionPool.ConnectToTcpHostAsync(String host, Int32 port, HttpRequestMessage initialRequest, Boolean async, CancellationToken cancellationToken)
         at System.Net.Http.HttpConnectionPool.ConnectAsync(HttpRequestMessage request, Boolean async, CancellationToken cancellationToken)
         at System.Net.Http.HttpConnectionPool.CreateHttp11ConnectionAsync(HttpRequestMessage request, Boolean async, CancellationToken cancellationToken)
         at System.Net.Http.HttpConnectionPool.InjectNewHttp11ConnectionAsync(QueueItem queueItem)
         at System.Threading.Tasks.TaskCompletionSourceWithCancellation`1.WaitWithCancellationAsync(CancellationToken cancellationToken)
         at System.Net.Http.HttpConnectionPool.SendWithVersionDetectionAndRetryAsync(HttpRequestMessage request, Boolean async, Boolean doRequestAuth, CancellationToken cancellationToken)
         at System.Net.Http.RedirectHandler.SendAsync(HttpRequestMessage request, Boolean async, CancellationToken cancellationToken)
         at Microsoft.Extensions.Http.Logging.LoggingHttpMessageHandler.<SendCoreAsync>g__Core|4_0(HttpRequestMessage request, Boolean useAsync, CancellationToken cancellationToken)
         at Microsoft.Extensions.Http.Logging.LoggingScopeHttpMessageHandler.<SendCoreAsync>g__Core|4_0(HttpRequestMessage request, Boolean useAsync, CancellationToken cancellationToken)
info: Microsoft.EntityFrameworkCore.Database.Command[20101]
      Executed DbCommand (0ms) [Parameters=[], CommandType='Text', CommandTimeout='30']
      SELECT "s"."Id", "s"."ApiKey", "s"."AuthShape", "s"."AutoDiscovered", "s"."Categories", "s"."CustomHeaderName", "s"."DisplayName", "s"."Enabled", "s"."HeadersJson", "s"."Hidden", "s"."SecretItemKey", "s"."SecretProvider", "s"."Type", "s"."Url"
      FROM "Servers" AS "s"
      WHERE "s"."AutoDiscovered"
info: Microsoft.EntityFrameworkCore.Database.Command[20101]
      Executed DbCommand (0ms) [Parameters=[], CommandType='Text', CommandTimeout='30']
      SELECT "s"."Id", "s"."ApiKey", "s"."AuthShape", "s"."AutoDiscovered", "s"."Categories", "s"."CustomHeaderName", "s"."DisplayName", "s"."Enabled", "s"."HeadersJson", "s"."Hidden", "s"."SecretItemKey", "s"."SecretProvider", "s"."Type", "s"."Url"
      FROM "Servers" AS "s"
      WHERE "s"."Enabled"
info: System.Net.Http.HttpClient.McpClient.LogicalHandler[100]
      Start processing HTTP request GET http://docker-mcp:8000/sse
info: System.Net.Http.HttpClient.McpClient.ClientHandler[100]
      Sending HTTP request GET http://docker-mcp:8000/sse
info: System.Net.Http.HttpClient.McpClient.LogicalHandler[100]
      Start processing HTTP request GET http://mcp-arr-4k:3000/mcp
info: System.Net.Http.HttpClient.McpClient.ClientHandler[100]
      Sending HTTP request GET http://mcp-arr-4k:3000/mcp
info: System.Net.Http.HttpClient.McpClient.LogicalHandler[100]
      Start processing HTTP request GET http://mcp-arr-hd:3000/mcp
info: System.Net.Http.HttpClient.McpClient.ClientHandler[100]
      Sending HTTP request GET http://mcp-arr-hd:3000/mcp
info: System.Net.Http.HttpClient.McpClient.ClientHandler[104]
      HTTP request failed after 1.5216ms
      System.Net.Http.HttpRequestException: Name or service not known (mcp-arr-4k:3000)
       ---> System.Net.Sockets.SocketException (0xFFFDFFFF): Name or service not known
         at System.Net.Sockets.Socket.AwaitableSocketAsyncEventArgs.ThrowException(SocketError error, CancellationToken cancellationToken)
         at System.Net.Sockets.Socket.AwaitableSocketAsyncEventArgs.System.Threading.Tasks.Sources.IValueTaskSource.GetResult(Int16 token)
         at System.Net.Http.HttpConnectionPool.ConnectToTcpHostAsync(String host, Int32 port, HttpRequestMessage initialRequest, Boolean async, CancellationToken cancellationToken)
         --- End of inner exception stack trace ---
         at System.Net.Http.HttpConnectionPool.ConnectToTcpHostAsync(String host, Int32 port, HttpRequestMessage initialRequest, Boolean async, CancellationToken cancellationToken)
         at System.Net.Http.HttpConnectionPool.ConnectAsync(HttpRequestMessage request, Boolean async, CancellationToken cancellationToken)
         at System.Net.Http.HttpConnectionPool.CreateHttp11ConnectionAsync(HttpRequestMessage request, Boolean async, CancellationToken cancellationToken)
         at System.Net.Http.HttpConnectionPool.InjectNewHttp11ConnectionAsync(QueueItem queueItem)
         at System.Threading.Tasks.TaskCompletionSourceWithCancellation`1.WaitWithCancellationAsync(CancellationToken cancellationToken)
         at System.Net.Http.HttpConnectionPool.SendWithVersionDetectionAndRetryAsync(HttpRequestMessage request, Boolean async, Boolean doRequestAuth, CancellationToken cancellationToken)
         at System.Net.Http.RedirectHandler.SendAsync(HttpRequestMessage request, Boolean async, CancellationToken cancellationToken)
         at Microsoft.Extensions.Http.Logging.LoggingHttpMessageHandler.<SendCoreAsync>g__Core|4_0(HttpRequestMessage request, Boolean useAsync, CancellationToken cancellationToken)
info: System.Net.Http.HttpClient.McpClient.ClientHandler[104]
      HTTP request failed after 1.6991ms
      System.Net.Http.HttpRequestException: Name or service not known (docker-mcp:8000)
       ---> System.Net.Sockets.SocketException (0xFFFDFFFF): Name or service not known
         at System.Net.Sockets.Socket.AwaitableSocketAsyncEventArgs.ThrowException(SocketError error, CancellationToken cancellationToken)
         at System.Net.Sockets.Socket.AwaitableSocketAsyncEventArgs.System.Threading.Tasks.Sources.IValueTaskSource.GetResult(Int16 token)
         at System.Net.Http.HttpConnectionPool.ConnectToTcpHostAsync(String host, Int32 port, HttpRequestMessage initialRequest, Boolean async, CancellationToken cancellationToken)
         --- End of inner exception stack trace ---
         at System.Net.Http.HttpConnectionPool.ConnectToTcpHostAsync(String host, Int32 port, HttpRequestMessage initialRequest, Boolean async, CancellationToken cancellationToken)
         at System.Net.Http.HttpConnectionPool.ConnectAsync(HttpRequestMessage request, Boolean async, CancellationToken cancellationToken)
         at System.Net.Http.HttpConnectionPool.CreateHttp11ConnectionAsync(HttpRequestMessage request, Boolean async, CancellationToken cancellationToken)
         at System.Net.Http.HttpConnectionPool.InjectNewHttp11ConnectionAsync(QueueItem queueItem)
         at System.Threading.Tasks.TaskCompletionSourceWithCancellation`1.WaitWithCancellationAsync(CancellationToken cancellationToken)
         at System.Net.Http.HttpConnectionPool.SendWithVersionDetectionAndRetryAsync(HttpRequestMessage request, Boolean async, Boolean doRequestAuth, CancellationToken cancellationToken)
         at System.Net.Http.RedirectHandler.SendAsync(HttpRequestMessage request, Boolean async, CancellationToken cancellationToken)
         at Microsoft.Extensions.Http.Logging.LoggingHttpMessageHandler.<SendCoreAsync>g__Core|4_0(HttpRequestMessage request, Boolean useAsync, CancellationToken cancellationToken)
info: System.Net.Http.HttpClient.McpClient.LogicalHandler[104]
      HTTP request failed after 2.2476ms
      System.Net.Http.HttpRequestException: Name or service not known (mcp-arr-4k:3000)
       ---> System.Net.Sockets.SocketException (0xFFFDFFFF): Name or service not known
         at System.Net.Sockets.Socket.AwaitableSocketAsyncEventArgs.ThrowException(SocketError error, CancellationToken cancellationToken)
         at System.Net.Sockets.Socket.AwaitableSocketAsyncEventArgs.System.Threading.Tasks.Sources.IValueTaskSource.GetResult(Int16 token)
         at System.Net.Http.HttpConnectionPool.ConnectToTcpHostAsync(String host, Int32 port, HttpRequestMessage initialRequest, Boolean async, CancellationToken cancellationToken)
         --- End of inner exception stack trace ---
         at System.Net.Http.HttpConnectionPool.ConnectToTcpHostAsync(String host, Int32 port, HttpRequestMessage initialRequest, Boolean async, CancellationToken cancellationToken)
         at System.Net.Http.HttpConnectionPool.ConnectAsync(HttpRequestMessage request, Boolean async, CancellationToken cancellationToken)
         at System.Net.Http.HttpConnectionPool.CreateHttp11ConnectionAsync(HttpRequestMessage request, Boolean async, CancellationToken cancellationToken)
         at System.Net.Http.HttpConnectionPool.InjectNewHttp11ConnectionAsync(QueueItem queueItem)
         at System.Threading.Tasks.TaskCompletionSourceWithCancellation`1.WaitWithCancellationAsync(CancellationToken cancellationToken)
         at System.Net.Http.HttpConnectionPool.SendWithVersionDetectionAndRetryAsync(HttpRequestMessage request, Boolean async, Boolean doRequestAuth, CancellationToken cancellationToken)
         at System.Net.Http.RedirectHandler.SendAsync(HttpRequestMessage request, Boolean async, CancellationToken cancellationToken)
         at Microsoft.Extensions.Http.Logging.LoggingHttpMessageHandler.<SendCoreAsync>g__Core|4_0(HttpRequestMessage request, Boolean useAsync, CancellationToken cancellationToken)
         at Microsoft.Extensions.Http.Logging.LoggingScopeHttpMessageHandler.<SendCoreAsync>g__Core|4_0(HttpRequestMessage request, Boolean useAsync, CancellationToken cancellationToken)
info: System.Net.Http.HttpClient.McpClient.LogicalHandler[104]
      HTTP request failed after 2.8103ms
      System.Net.Http.HttpRequestException: Name or service not known (docker-mcp:8000)
       ---> System.Net.Sockets.SocketException (0xFFFDFFFF): Name or service not known
         at System.Net.Sockets.Socket.AwaitableSocketAsyncEventArgs.ThrowException(SocketError error, CancellationToken cancellationToken)
         at System.Net.Sockets.Socket.AwaitableSocketAsyncEventArgs.System.Threading.Tasks.Sources.IValueTaskSource.GetResult(Int16 token)
         at System.Net.Http.HttpConnectionPool.ConnectToTcpHostAsync(String host, Int32 port, HttpRequestMessage initialRequest, Boolean async, CancellationToken cancellationToken)
         --- End of inner exception stack trace ---
         at System.Net.Http.HttpConnectionPool.ConnectToTcpHostAsync(String host, Int32 port, HttpRequestMessage initialRequest, Boolean async, CancellationToken cancellationToken)
         at System.Net.Http.HttpConnectionPool.ConnectAsync(HttpRequestMessage request, Boolean async, CancellationToken cancellationToken)
         at System.Net.Http.HttpConnectionPool.CreateHttp11ConnectionAsync(HttpRequestMessage request, Boolean async, CancellationToken cancellationToken)
         at System.Net.Http.HttpConnectionPool.InjectNewHttp11ConnectionAsync(QueueItem queueItem)
         at System.Threading.Tasks.TaskCompletionSourceWithCancellation`1.WaitWithCancellationAsync(CancellationToken cancellationToken)
         at System.Net.Http.HttpConnectionPool.SendWithVersionDetectionAndRetryAsync(HttpRequestMessage request, Boolean async, Boolean doRequestAuth, CancellationToken cancellationToken)
         at System.Net.Http.RedirectHandler.SendAsync(HttpRequestMessage request, Boolean async, CancellationToken cancellationToken)
         at Microsoft.Extensions.Http.Logging.LoggingHttpMessageHandler.<SendCoreAsync>g__Core|4_0(HttpRequestMessage request, Boolean useAsync, CancellationToken cancellationToken)
         at Microsoft.Extensions.Http.Logging.LoggingScopeHttpMessageHandler.<SendCoreAsync>g__Core|4_0(HttpRequestMessage request, Boolean useAsync, CancellationToken cancellationToken)
info: System.Net.Http.HttpClient.McpClient.ClientHandler[104]
      HTTP request failed after 3.3836ms
      System.Net.Http.HttpRequestException: Name or service not known (mcp-arr-hd:3000)
       ---> System.Net.Sockets.SocketException (0xFFFDFFFF): Name or service not known
         at System.Net.Sockets.Socket.AwaitableSocketAsyncEventArgs.ThrowException(SocketError error, CancellationToken cancellationToken)
         at System.Net.Sockets.Socket.AwaitableSocketAsyncEventArgs.System.Threading.Tasks.Sources.IValueTaskSource.GetResult(Int16 token)
         at System.Net.Http.HttpConnectionPool.ConnectToTcpHostAsync(String host, Int32 port, HttpRequestMessage initialRequest, Boolean async, CancellationToken cancellationToken)
         --- End of inner exception stack trace ---
         at System.Net.Http.HttpConnectionPool.ConnectToTcpHostAsync(String host, Int32 port, HttpRequestMessage initialRequest, Boolean async, CancellationToken cancellationToken)
         at System.Net.Http.HttpConnectionPool.ConnectAsync(HttpRequestMessage request, Boolean async, CancellationToken cancellationToken)
         at System.Net.Http.HttpConnectionPool.CreateHttp11ConnectionAsync(HttpRequestMessage request, Boolean async, CancellationToken cancellationToken)
         at System.Net.Http.HttpConnectionPool.InjectNewHttp11ConnectionAsync(QueueItem queueItem)
         at System.Threading.Tasks.TaskCompletionSourceWithCancellation`1.WaitWithCancellationAsync(CancellationToken cancellationToken)
         at System.Net.Http.HttpConnectionPool.SendWithVersionDetectionAndRetryAsync(HttpRequestMessage request, Boolean async, Boolean doRequestAuth, CancellationToken cancellationToken)
         at System.Net.Http.RedirectHandler.SendAsync(HttpRequestMessage request, Boolean async, CancellationToken cancellationToken)
         at Microsoft.Extensions.Http.Logging.LoggingHttpMessageHandler.<SendCoreAsync>g__Core|4_0(HttpRequestMessage request, Boolean useAsync, CancellationToken cancellationToken)
info: System.Net.Http.HttpClient.McpClient.LogicalHandler[104]
      HTTP request failed after 4.0714ms
      System.Net.Http.HttpRequestException: Name or service not known (mcp-arr-hd:3000)
       ---> System.Net.Sockets.SocketException (0xFFFDFFFF): Name or service not known
         at System.Net.Sockets.Socket.AwaitableSocketAsyncEventArgs.ThrowException(SocketError error, CancellationToken cancellationToken)
         at System.Net.Sockets.Socket.AwaitableSocketAsyncEventArgs.System.Threading.Tasks.Sources.IValueTaskSource.GetResult(Int16 token)
         at System.Net.Http.HttpConnectionPool.ConnectToTcpHostAsync(String host, Int32 port, HttpRequestMessage initialRequest, Boolean async, CancellationToken cancellationToken)
         --- End of inner exception stack trace ---
         at System.Net.Http.HttpConnectionPool.ConnectToTcpHostAsync(String host, Int32 port, HttpRequestMessage initialRequest, Boolean async, CancellationToken cancellationToken)
         at System.Net.Http.HttpConnectionPool.ConnectAsync(HttpRequestMessage request, Boolean async, CancellationToken cancellationToken)
         at System.Net.Http.HttpConnectionPool.CreateHttp11ConnectionAsync(HttpRequestMessage request, Boolean async, CancellationToken cancellationToken)
         at System.Net.Http.HttpConnectionPool.InjectNewHttp11ConnectionAsync(QueueItem queueItem)
         at System.Threading.Tasks.TaskCompletionSourceWithCancellation`1.WaitWithCancellationAsync(CancellationToken cancellationToken)
         at System.Net.Http.HttpConnectionPool.SendWithVersionDetectionAndRetryAsync(HttpRequestMessage request, Boolean async, Boolean doRequestAuth, CancellationToken cancellationToken)
         at System.Net.Http.RedirectHandler.SendAsync(HttpRequestMessage request, Boolean async, CancellationToken cancellationToken)
         at Microsoft.Extensions.Http.Logging.LoggingHttpMessageHandler.<SendCoreAsync>g__Core|4_0(HttpRequestMessage request, Boolean useAsync, CancellationToken cancellationToken)
         at Microsoft.Extensions.Http.Logging.LoggingScopeHttpMessageHandler.<SendCoreAsync>g__Core|4_0(HttpRequestMessage request, Boolean useAsync, CancellationToken cancellationToken)
info: Microsoft.EntityFrameworkCore.Database.Command[20101]
      Executed DbCommand (0ms) [Parameters=[], CommandType='Text', CommandTimeout='30']
      SELECT "s"."Id", "s"."ApiKey", "s"."AuthShape", "s"."AutoDiscovered", "s"."Categories", "s"."CustomHeaderName", "s"."DisplayName", "s"."Enabled", "s"."HeadersJson", "s"."Hidden", "s"."SecretItemKey", "s"."SecretProvider", "s"."Type", "s"."Url"
      FROM "Servers" AS "s"
      WHERE "s"."AutoDiscovered"
info: Microsoft.EntityFrameworkCore.Database.Command[20101]
      Executed DbCommand (0ms) [Parameters=[], CommandType='Text', CommandTimeout='30']
      SELECT "s"."Id", "s"."ApiKey", "s"."AuthShape", "s"."AutoDiscovered", "s"."Categories", "s"."CustomHeaderName", "s"."DisplayName", "s"."Enabled", "s"."HeadersJson", "s"."Hidden", "s"."SecretItemKey", "s"."SecretProvider", "s"."Type", "s"."Url"
      FROM "Servers" AS "s"
      WHERE "s"."Enabled"
info: System.Net.Http.HttpClient.McpClient.LogicalHandler[100]
      Start processing HTTP request GET http://docker-mcp:8000/sse
info: System.Net.Http.HttpClient.McpClient.ClientHandler[100]
      Sending HTTP request GET http://docker-mcp:8000/sse
info: System.Net.Http.HttpClient.McpClient.LogicalHandler[100]
      Start processing HTTP request GET http://mcp-arr-4k:3000/mcp
info: System.Net.Http.HttpClient.McpClient.ClientHandler[100]
      Sending HTTP request GET http://mcp-arr-4k:3000/mcp
info: System.Net.Http.HttpClient.McpClient.LogicalHandler[100]
      Start processing HTTP request GET http://mcp-arr-hd:3000/mcp
info: System.Net.Http.HttpClient.McpClient.ClientHandler[100]
      Sending HTTP request GET http://mcp-arr-hd:3000/mcp
info: System.Net.Http.HttpClient.McpClient.ClientHandler[104]
      HTTP request failed after 2.7211ms
      System.Net.Http.HttpRequestException: Name or service not known (docker-mcp:8000)
       ---> System.Net.Sockets.SocketException (0xFFFDFFFF): Name or service not known
         at System.Net.Sockets.Socket.AwaitableSocketAsyncEventArgs.ThrowException(SocketError error, CancellationToken cancellationToken)
         at System.Net.Sockets.Socket.AwaitableSocketAsyncEventArgs.System.Threading.Tasks.Sources.IValueTaskSource.GetResult(Int16 token)
         at System.Net.Http.HttpConnectionPool.ConnectToTcpHostAsync(String host, Int32 port, HttpRequestMessage initialRequest, Boolean async, CancellationToken cancellationToken)
         --- End of inner exception stack trace ---
         at System.Net.Http.HttpConnectionPool.ConnectToTcpHostAsync(String host, Int32 port, HttpRequestMessage initialRequest, Boolean async, CancellationToken cancellationToken)
         at System.Net.Http.HttpConnectionPool.ConnectAsync(HttpRequestMessage request, Boolean async, CancellationToken cancellationToken)
         at System.Net.Http.HttpConnectionPool.CreateHttp11ConnectionAsync(HttpRequestMessage request, Boolean async, CancellationToken cancellationToken)
         at System.Net.Http.HttpConnectionPool.InjectNewHttp11ConnectionAsync(QueueItem queueItem)
         at System.Threading.Tasks.TaskCompletionSourceWithCancellation`1.WaitWithCancellationAsync(CancellationToken cancellationToken)
         at System.Net.Http.HttpConnectionPool.SendWithVersionDetectionAndRetryAsync(HttpRequestMessage request, Boolean async, Boolean doRequestAuth, CancellationToken cancellationToken)
         at System.Net.Http.RedirectHandler.SendAsync(HttpRequestMessage request, Boolean async, CancellationToken cancellationToken)
         at System.Net.Http.SocketsHttpHandler.<SendAsync>g__CreateHandlerAndSendAsync|115_0(HttpRequestMessage request, CancellationToken cancellationToken)
         at Microsoft.Extensions.Http.Logging.LoggingHttpMessageHandler.<SendCoreAsync>g__Core|4_0(HttpRequestMessage request, Boolean useAsync, CancellationToken cancellationToken)
info: System.Net.Http.HttpClient.McpClient.ClientHandler[104]
      HTTP request failed after 3.1411ms
      System.Net.Http.HttpRequestException: Name or service not known (mcp-arr-hd:3000)
       ---> System.Net.Sockets.SocketException (0xFFFDFFFF): Name or service not known
         at System.Net.Sockets.Socket.AwaitableSocketAsyncEventArgs.ThrowException(SocketError error, CancellationToken cancellationToken)
         at System.Net.Sockets.Socket.AwaitableSocketAsyncEventArgs.System.Threading.Tasks.Sources.IValueTaskSource.GetResult(Int16 token)
         at System.Net.Http.HttpConnectionPool.ConnectToTcpHostAsync(String host, Int32 port, HttpRequestMessage initialRequest, Boolean async, CancellationToken cancellationToken)
         --- End of inner exception stack trace ---
         at System.Net.Http.HttpConnectionPool.ConnectToTcpHostAsync(String host, Int32 port, HttpRequestMessage initialRequest, Boolean async, CancellationToken cancellationToken)
         at System.Net.Http.HttpConnectionPool.ConnectAsync(HttpRequestMessage request, Boolean async, CancellationToken cancellationToken)
         at System.Net.Http.HttpConnectionPool.CreateHttp11ConnectionAsync(HttpRequestMessage request, Boolean async, CancellationToken cancellationToken)
         at System.Net.Http.HttpConnectionPool.InjectNewHttp11ConnectionAsync(QueueItem queueItem)
         at System.Threading.Tasks.TaskCompletionSourceWithCancellation`1.WaitWithCancellationAsync(CancellationToken cancellationToken)
         at System.Net.Http.HttpConnectionPool.SendWithVersionDetectionAndRetryAsync(HttpRequestMessage request, Boolean async, Boolean doRequestAuth, CancellationToken cancellationToken)
         at System.Net.Http.RedirectHandler.SendAsync(HttpRequestMessage request, Boolean async, CancellationToken cancellationToken)
         at System.Net.Http.SocketsHttpHandler.<SendAsync>g__CreateHandlerAndSendAsync|115_0(HttpRequestMessage request, CancellationToken cancellationToken)
         at Microsoft.Extensions.Http.Logging.LoggingHttpMessageHandler.<SendCoreAsync>g__Core|4_0(HttpRequestMessage request, Boolean useAsync, CancellationToken cancellationToken)
info: System.Net.Http.HttpClient.McpClient.LogicalHandler[104]
      HTTP request failed after 3.6163ms
      System.Net.Http.HttpRequestException: Name or service not known (docker-mcp:8000)
       ---> System.Net.Sockets.SocketException (0xFFFDFFFF): Name or service not known
         at System.Net.Sockets.Socket.AwaitableSocketAsyncEventArgs.ThrowException(SocketError error, CancellationToken cancellationToken)
         at System.Net.Sockets.Socket.AwaitableSocketAsyncEventArgs.System.Threading.Tasks.Sources.IValueTaskSource.GetResult(Int16 token)
         at System.Net.Http.HttpConnectionPool.ConnectToTcpHostAsync(String host, Int32 port, HttpRequestMessage initialRequest, Boolean async, CancellationToken cancellationToken)
         --- End of inner exception stack trace ---
         at System.Net.Http.HttpConnectionPool.ConnectToTcpHostAsync(String host, Int32 port, HttpRequestMessage initialRequest, Boolean async, CancellationToken cancellationToken)
         at System.Net.Http.HttpConnectionPool.ConnectAsync(HttpRequestMessage request, Boolean async, CancellationToken cancellationToken)
         at System.Net.Http.HttpConnectionPool.CreateHttp11ConnectionAsync(HttpRequestMessage request, Boolean async, CancellationToken cancellationToken)
         at System.Net.Http.HttpConnectionPool.InjectNewHttp11ConnectionAsync(QueueItem queueItem)
         at System.Threading.Tasks.TaskCompletionSourceWithCancellation`1.WaitWithCancellationAsync(CancellationToken cancellationToken)
         at System.Net.Http.HttpConnectionPool.SendWithVersionDetectionAndRetryAsync(HttpRequestMessage request, Boolean async, Boolean doRequestAuth, CancellationToken cancellationToken)
         at System.Net.Http.RedirectHandler.SendAsync(HttpRequestMessage request, Boolean async, CancellationToken cancellationToken)
         at System.Net.Http.SocketsHttpHandler.<SendAsync>g__CreateHandlerAndSendAsync|115_0(HttpRequestMessage request, CancellationToken cancellationToken)
         at Microsoft.Extensions.Http.Logging.LoggingHttpMessageHandler.<SendCoreAsync>g__Core|4_0(HttpRequestMessage request, Boolean useAsync, CancellationToken cancellationToken)
         at Microsoft.Extensions.Http.Logging.LoggingScopeHttpMessageHandler.<SendCoreAsync>g__Core|4_0(HttpRequestMessage request, Boolean useAsync, CancellationToken cancellationToken)
info: System.Net.Http.HttpClient.McpClient.LogicalHandler[104]
      HTTP request failed after 3.8177ms
      System.Net.Http.HttpRequestException: Name or service not known (mcp-arr-hd:3000)
       ---> System.Net.Sockets.SocketException (0xFFFDFFFF): Name or service not known
         at System.Net.Sockets.Socket.AwaitableSocketAsyncEventArgs.ThrowException(SocketError error, CancellationToken cancellationToken)
         at System.Net.Sockets.Socket.AwaitableSocketAsyncEventArgs.System.Threading.Tasks.Sources.IValueTaskSource.GetResult(Int16 token)
         at System.Net.Http.HttpConnectionPool.ConnectToTcpHostAsync(String host, Int32 port, HttpRequestMessage initialRequest, Boolean async, CancellationToken cancellationToken)
         --- End of inner exception stack trace ---
         at System.Net.Http.HttpConnectionPool.ConnectToTcpHostAsync(String host, Int32 port, HttpRequestMessage initialRequest, Boolean async, CancellationToken cancellationToken)
         at System.Net.Http.HttpConnectionPool.ConnectAsync(HttpRequestMessage request, Boolean async, CancellationToken cancellationToken)
         at System.Net.Http.HttpConnectionPool.CreateHttp11ConnectionAsync(HttpRequestMessage request, Boolean async, CancellationToken cancellationToken)
         at System.Net.Http.HttpConnectionPool.InjectNewHttp11ConnectionAsync(QueueItem queueItem)
         at System.Threading.Tasks.TaskCompletionSourceWithCancellation`1.WaitWithCancellationAsync(CancellationToken cancellationToken)
         at System.Net.Http.HttpConnectionPool.SendWithVersionDetectionAndRetryAsync(HttpRequestMessage request, Boolean async, Boolean doRequestAuth, CancellationToken cancellationToken)
         at System.Net.Http.RedirectHandler.SendAsync(HttpRequestMessage request, Boolean async, CancellationToken cancellationToken)
         at System.Net.Http.SocketsHttpHandler.<SendAsync>g__CreateHandlerAndSendAsync|115_0(HttpRequestMessage request, CancellationToken cancellationToken)
         at Microsoft.Extensions.Http.Logging.LoggingHttpMessageHandler.<SendCoreAsync>g__Core|4_0(HttpRequestMessage request, Boolean useAsync, CancellationToken cancellationToken)
         at Microsoft.Extensions.Http.Logging.LoggingScopeHttpMessageHandler.<SendCoreAsync>g__Core|4_0(HttpRequestMessage request, Boolean useAsync, CancellationToken cancellationToken)
info: System.Net.Http.HttpClient.McpClient.ClientHandler[104]
      HTTP request failed after 3.9221ms
      System.Net.Http.HttpRequestException: Name or service not known (mcp-arr-4k:3000)
       ---> System.Net.Sockets.SocketException (0xFFFDFFFF): Name or service not known
         at System.Net.Sockets.Socket.AwaitableSocketAsyncEventArgs.ThrowException(SocketError error, CancellationToken cancellationToken)
         at System.Net.Sockets.Socket.AwaitableSocketAsyncEventArgs.System.Threading.Tasks.Sources.IValueTaskSource.GetResult(Int16 token)
         at System.Net.Http.HttpConnectionPool.ConnectToTcpHostAsync(String host, Int32 port, HttpRequestMessage initialRequest, Boolean async, CancellationToken cancellationToken)
         --- End of inner exception stack trace ---
         at System.Net.Http.HttpConnectionPool.ConnectToTcpHostAsync(String host, Int32 port, HttpRequestMessage initialRequest, Boolean async, CancellationToken cancellationToken)
         at System.Net.Http.HttpConnectionPool.ConnectAsync(HttpRequestMessage request, Boolean async, CancellationToken cancellationToken)
         at System.Net.Http.HttpConnectionPool.CreateHttp11ConnectionAsync(HttpRequestMessage request, Boolean async, CancellationToken cancellationToken)
         at System.Net.Http.HttpConnectionPool.InjectNewHttp11ConnectionAsync(QueueItem queueItem)
         at System.Threading.Tasks.TaskCompletionSourceWithCancellation`1.WaitWithCancellationAsync(CancellationToken cancellationToken)
         at System.Net.Http.HttpConnectionPool.SendWithVersionDetectionAndRetryAsync(HttpRequestMessage request, Boolean async, Boolean doRequestAuth, CancellationToken cancellationToken)
         at System.Net.Http.RedirectHandler.SendAsync(HttpRequestMessage request, Boolean async, CancellationToken cancellationToken)
         at System.Net.Http.SocketsHttpHandler.<SendAsync>g__CreateHandlerAndSendAsync|115_0(HttpRequestMessage request, CancellationToken cancellationToken)
         at Microsoft.Extensions.Http.Logging.LoggingHttpMessageHandler.<SendCoreAsync>g__Core|4_0(HttpRequestMessage request, Boolean useAsync, CancellationToken cancellationToken)
info: System.Net.Http.HttpClient.McpClient.LogicalHandler[104]
      HTTP request failed after 4.5538ms
      System.Net.Http.HttpRequestException: Name or service not known (mcp-arr-4k:3000)
       ---> System.Net.Sockets.SocketException (0xFFFDFFFF): Name or service not known
         at System.Net.Sockets.Socket.AwaitableSocketAsyncEventArgs.ThrowException(SocketError error, CancellationToken cancellationToken)
         at System.Net.Sockets.Socket.AwaitableSocketAsyncEventArgs.System.Threading.Tasks.Sources.IValueTaskSource.GetResult(Int16 token)
         at System.Net.Http.HttpConnectionPool.ConnectToTcpHostAsync(String host, Int32 port, HttpRequestMessage initialRequest, Boolean async, CancellationToken cancellationToken)
         --- End of inner exception stack trace ---
         at System.Net.Http.HttpConnectionPool.ConnectToTcpHostAsync(String host, Int32 port, HttpRequestMessage initialRequest, Boolean async, CancellationToken cancellationToken)
         at System.Net.Http.HttpConnectionPool.ConnectAsync(HttpRequestMessage request, Boolean async, CancellationToken cancellationToken)
         at System.Net.Http.HttpConnectionPool.CreateHttp11ConnectionAsync(HttpRequestMessage request, Boolean async, CancellationToken cancellationToken)
         at System.Net.Http.HttpConnectionPool.InjectNewHttp11ConnectionAsync(QueueItem queueItem)
         at System.Threading.Tasks.TaskCompletionSourceWithCancellation`1.WaitWithCancellationAsync(CancellationToken cancellationToken)
         at System.Net.Http.HttpConnectionPool.SendWithVersionDetectionAndRetryAsync(HttpRequestMessage request, Boolean async, Boolean doRequestAuth, CancellationToken cancellationToken)
         at System.Net.Http.RedirectHandler.SendAsync(HttpRequestMessage request, Boolean async, CancellationToken cancellationToken)
         at System.Net.Http.SocketsHttpHandler.<SendAsync>g__CreateHandlerAndSendAsync|115_0(HttpRequestMessage request, CancellationToken cancellationToken)
         at Microsoft.Extensions.Http.Logging.LoggingHttpMessageHandler.<SendCoreAsync>g__Core|4_0(HttpRequestMessage request, Boolean useAsync, CancellationToken cancellationToken)
         at Microsoft.Extensions.Http.Logging.LoggingScopeHttpMessageHandler.<SendCoreAsync>g__Core|4_0(HttpRequestMessage request, Boolean useAsync, CancellationToken cancellationToken)
info: Microsoft.EntityFrameworkCore.Database.Command[20101]
      Executed DbCommand (0ms) [Parameters=[], CommandType='Text', CommandTimeout='30']
      SELECT "s"."Id", "s"."ApiKey", "s"."AuthShape", "s"."AutoDiscovered", "s"."Categories", "s"."CustomHeaderName", "s"."DisplayName", "s"."Enabled", "s"."HeadersJson", "s"."Hidden", "s"."SecretItemKey", "s"."SecretProvider", "s"."Type", "s"."Url"
      FROM "Servers" AS "s"
      WHERE "s"."AutoDiscovered"
info: Microsoft.EntityFrameworkCore.Database.Command[20101]
      Executed DbCommand (0ms) [Parameters=[], CommandType='Text', CommandTimeout='30']
      SELECT "s"."Id", "s"."ApiKey", "s"."AuthShape", "s"."AutoDiscovered", "s"."Categories", "s"."CustomHeaderName", "s"."DisplayName", "s"."Enabled", "s"."HeadersJson", "s"."Hidden", "s"."SecretItemKey", "s"."SecretProvider", "s"."Type", "s"."Url"
      FROM "Servers" AS "s"
      WHERE "s"."Enabled"
info: System.Net.Http.HttpClient.McpClient.LogicalHandler[100]
      Start processing HTTP request GET http://docker-mcp:8000/sse
info: System.Net.Http.HttpClient.McpClient.ClientHandler[100]
      Sending HTTP request GET http://docker-mcp:8000/sse
info: System.Net.Http.HttpClient.McpClient.LogicalHandler[100]
      Start processing HTTP request GET http://mcp-arr-4k:3000/mcp
info: System.Net.Http.HttpClient.McpClient.ClientHandler[100]
      Sending HTTP request GET http://mcp-arr-4k:3000/mcp
info: System.Net.Http.HttpClient.McpClient.LogicalHandler[100]
      Start processing HTTP request GET http://mcp-arr-hd:3000/mcp
info: System.Net.Http.HttpClient.McpClient.ClientHandler[100]
      Sending HTTP request GET http://mcp-arr-hd:3000/mcp
info: System.Net.Http.HttpClient.McpClient.ClientHandler[104]
      HTTP request failed after 1.3882ms
      System.Net.Http.HttpRequestException: Name or service not known (mcp-arr-hd:3000)
       ---> System.Net.Sockets.SocketException (0xFFFDFFFF): Name or service not known
         at System.Net.Sockets.Socket.AwaitableSocketAsyncEventArgs.ThrowException(SocketError error, CancellationToken cancellationToken)
         at System.Net.Sockets.Socket.AwaitableSocketAsyncEventArgs.System.Threading.Tasks.Sources.IValueTaskSource.GetResult(Int16 token)
         at System.Net.Http.HttpConnectionPool.ConnectToTcpHostAsync(String host, Int32 port, HttpRequestMessage initialRequest, Boolean async, CancellationToken cancellationToken)
         --- End of inner exception stack trace ---
         at System.Net.Http.HttpConnectionPool.ConnectToTcpHostAsync(String host, Int32 port, HttpRequestMessage initialRequest, Boolean async, CancellationToken cancellationToken)
         at System.Net.Http.HttpConnectionPool.ConnectAsync(HttpRequestMessage request, Boolean async, CancellationToken cancellationToken)
         at System.Net.Http.HttpConnectionPool.CreateHttp11ConnectionAsync(HttpRequestMessage request, Boolean async, CancellationToken cancellationToken)
         at System.Net.Http.HttpConnectionPool.InjectNewHttp11ConnectionAsync(QueueItem queueItem)
         at System.Threading.Tasks.TaskCompletionSourceWithCancellation`1.WaitWithCancellationAsync(CancellationToken cancellationToken)
         at System.Net.Http.HttpConnectionPool.SendWithVersionDetectionAndRetryAsync(HttpRequestMessage request, Boolean async, Boolean doRequestAuth, CancellationToken cancellationToken)
         at System.Net.Http.RedirectHandler.SendAsync(HttpRequestMessage request, Boolean async, CancellationToken cancellationToken)
         at Microsoft.Extensions.Http.Logging.LoggingHttpMessageHandler.<SendCoreAsync>g__Core|4_0(HttpRequestMessage request, Boolean useAsync, CancellationToken cancellationToken)
info: System.Net.Http.HttpClient.McpClient.LogicalHandler[104]
      HTTP request failed after 2.1993ms
      System.Net.Http.HttpRequestException: Name or service not known (mcp-arr-hd:3000)
       ---> System.Net.Sockets.SocketException (0xFFFDFFFF): Name or service not known
         at System.Net.Sockets.Socket.AwaitableSocketAsyncEventArgs.ThrowException(SocketError error, CancellationToken cancellationToken)
         at System.Net.Sockets.Socket.AwaitableSocketAsyncEventArgs.System.Threading.Tasks.Sources.IValueTaskSource.GetResult(Int16 token)
         at System.Net.Http.HttpConnectionPool.ConnectToTcpHostAsync(String host, Int32 port, HttpRequestMessage initialRequest, Boolean async, CancellationToken cancellationToken)
         --- End of inner exception stack trace ---
         at System.Net.Http.HttpConnectionPool.ConnectToTcpHostAsync(String host, Int32 port, HttpRequestMessage initialRequest, Boolean async, CancellationToken cancellationToken)
         at System.Net.Http.HttpConnectionPool.ConnectAsync(HttpRequestMessage request, Boolean async, CancellationToken cancellationToken)
         at System.Net.Http.HttpConnectionPool.CreateHttp11ConnectionAsync(HttpRequestMessage request, Boolean async, CancellationToken cancellationToken)
         at System.Net.Http.HttpConnectionPool.InjectNewHttp11ConnectionAsync(QueueItem queueItem)
         at System.Threading.Tasks.TaskCompletionSourceWithCancellation`1.WaitWithCancellationAsync(CancellationToken cancellationToken)
         at System.Net.Http.HttpConnectionPool.SendWithVersionDetectionAndRetryAsync(HttpRequestMessage request, Boolean async, Boolean doRequestAuth, CancellationToken cancellationToken)
         at System.Net.Http.RedirectHandler.SendAsync(HttpRequestMessage request, Boolean async, CancellationToken cancellationToken)
         at Microsoft.Extensions.Http.Logging.LoggingHttpMessageHandler.<SendCoreAsync>g__Core|4_0(HttpRequestMessage request, Boolean useAsync, CancellationToken cancellationToken)
         at Microsoft.Extensions.Http.Logging.LoggingScopeHttpMessageHandler.<SendCoreAsync>g__Core|4_0(HttpRequestMessage request, Boolean useAsync, CancellationToken cancellationToken)
info: System.Net.Http.HttpClient.McpClient.ClientHandler[104]
      HTTP request failed after 5.5042ms
      System.Net.Http.HttpRequestException: Name or service not known (docker-mcp:8000)
       ---> System.Net.Sockets.SocketException (0xFFFDFFFF): Name or service not known
         at System.Net.Sockets.Socket.AwaitableSocketAsyncEventArgs.ThrowException(SocketError error, CancellationToken cancellationToken)
         at System.Net.Sockets.Socket.AwaitableSocketAsyncEventArgs.System.Threading.Tasks.Sources.IValueTaskSource.GetResult(Int16 token)
         at System.Net.Http.HttpConnectionPool.ConnectToTcpHostAsync(String host, Int32 port, HttpRequestMessage initialRequest, Boolean async, CancellationToken cancellationToken)
         --- End of inner exception stack trace ---
         at System.Net.Http.HttpConnectionPool.ConnectToTcpHostAsync(String host, Int32 port, HttpRequestMessage initialRequest, Boolean async, CancellationToken cancellationToken)
         at System.Net.Http.HttpConnectionPool.ConnectAsync(HttpRequestMessage request, Boolean async, CancellationToken cancellationToken)
         at System.Net.Http.HttpConnectionPool.CreateHttp11ConnectionAsync(HttpRequestMessage request, Boolean async, CancellationToken cancellationToken)
         at System.Net.Http.HttpConnectionPool.InjectNewHttp11ConnectionAsync(QueueItem queueItem)
         at System.Threading.Tasks.TaskCompletionSourceWithCancellation`1.WaitWithCancellationAsync(CancellationToken cancellationToken)
         at System.Net.Http.HttpConnectionPool.SendWithVersionDetectionAndRetryAsync(HttpRequestMessage request, Boolean async, Boolean doRequestAuth, CancellationToken cancellationToken)
         at System.Net.Http.RedirectHandler.SendAsync(HttpRequestMessage request, Boolean async, CancellationToken cancellationToken)
         at Microsoft.Extensions.Http.Logging.LoggingHttpMessageHandler.<SendCoreAsync>g__Core|4_0(HttpRequestMessage request, Boolean useAsync, CancellationToken cancellationToken)
info: System.Net.Http.HttpClient.McpClient.LogicalHandler[104]
      HTTP request failed after 6.0061ms
      System.Net.Http.HttpRequestException: Name or service not known (docker-mcp:8000)
       ---> System.Net.Sockets.SocketException (0xFFFDFFFF): Name or service not known
         at System.Net.Sockets.Socket.AwaitableSocketAsyncEventArgs.ThrowException(SocketError error, CancellationToken cancellationToken)
         at System.Net.Sockets.Socket.AwaitableSocketAsyncEventArgs.System.Threading.Tasks.Sources.IValueTaskSource.GetResult(Int16 token)
         at System.Net.Http.HttpConnectionPool.ConnectToTcpHostAsync(String host, Int32 port, HttpRequestMessage initialRequest, Boolean async, CancellationToken cancellationToken)
         --- End of inner exception stack trace ---
         at System.Net.Http.HttpConnectionPool.ConnectToTcpHostAsync(String host, Int32 port, HttpRequestMessage initialRequest, Boolean async, CancellationToken cancellationToken)
         at System.Net.Http.HttpConnectionPool.ConnectAsync(HttpRequestMessage request, Boolean async, CancellationToken cancellationToken)
         at System.Net.Http.HttpConnectionPool.CreateHttp11ConnectionAsync(HttpRequestMessage request, Boolean async, CancellationToken cancellationToken)
         at System.Net.Http.HttpConnectionPool.InjectNewHttp11ConnectionAsync(QueueItem queueItem)
         at System.Threading.Tasks.TaskCompletionSourceWithCancellation`1.WaitWithCancellationAsync(CancellationToken cancellationToken)
         at System.Net.Http.HttpConnectionPool.SendWithVersionDetectionAndRetryAsync(HttpRequestMessage request, Boolean async, Boolean doRequestAuth, CancellationToken cancellationToken)
         at System.Net.Http.RedirectHandler.SendAsync(HttpRequestMessage request, Boolean async, CancellationToken cancellationToken)
         at Microsoft.Extensions.Http.Logging.LoggingHttpMessageHandler.<SendCoreAsync>g__Core|4_0(HttpRequestMessage request, Boolean useAsync, CancellationToken cancellationToken)
         at Microsoft.Extensions.Http.Logging.LoggingScopeHttpMessageHandler.<SendCoreAsync>g__Core|4_0(HttpRequestMessage request, Boolean useAsync, CancellationToken cancellationToken)
info: System.Net.Http.HttpClient.McpClient.ClientHandler[104]
      HTTP request failed after 5.7476ms
      System.Net.Http.HttpRequestException: Name or service not known (mcp-arr-4k:3000)
       ---> System.Net.Sockets.SocketException (0xFFFDFFFF): Name or service not known
         at System.Net.Sockets.Socket.AwaitableSocketAsyncEventArgs.ThrowException(SocketError error, CancellationToken cancellationToken)
         at System.Net.Sockets.Socket.AwaitableSocketAsyncEventArgs.System.Threading.Tasks.Sources.IValueTaskSource.GetResult(Int16 token)
         at System.Net.Http.HttpConnectionPool.ConnectToTcpHostAsync(String host, Int32 port, HttpRequestMessage initialRequest, Boolean async, CancellationToken cancellationToken)
         --- End of inner exception stack trace ---
         at System.Net.Http.HttpConnectionPool.ConnectToTcpHostAsync(String host, Int32 port, HttpRequestMessage initialRequest, Boolean async, CancellationToken cancellationToken)
         at System.Net.Http.HttpConnectionPool.ConnectAsync(HttpRequestMessage request, Boolean async, CancellationToken cancellationToken)
         at System.Net.Http.HttpConnectionPool.CreateHttp11ConnectionAsync(HttpRequestMessage request, Boolean async, CancellationToken cancellationToken)
         at System.Net.Http.HttpConnectionPool.InjectNewHttp11ConnectionAsync(QueueItem queueItem)
         at System.Threading.Tasks.TaskCompletionSourceWithCancellation`1.WaitWithCancellationAsync(CancellationToken cancellationToken)
         at System.Net.Http.HttpConnectionPool.SendWithVersionDetectionAndRetryAsync(HttpRequestMessage request, Boolean async, Boolean doRequestAuth, CancellationToken cancellationToken)
         at System.Net.Http.RedirectHandler.SendAsync(HttpRequestMessage request, Boolean async, CancellationToken cancellationToken)
         at Microsoft.Extensions.Http.Logging.LoggingHttpMessageHandler.<SendCoreAsync>g__Core|4_0(HttpRequestMessage request, Boolean useAsync, CancellationToken cancellationToken)
info: System.Net.Http.HttpClient.McpClient.LogicalHandler[104]
      HTTP request failed after 6.6649ms
      System.Net.Http.HttpRequestException: Name or service not known (mcp-arr-4k:3000)
       ---> System.Net.Sockets.SocketException (0xFFFDFFFF): Name or service not known
         at System.Net.Sockets.Socket.AwaitableSocketAsyncEventArgs.ThrowException(SocketError error, CancellationToken cancellationToken)
         at System.Net.Sockets.Socket.AwaitableSocketAsyncEventArgs.System.Threading.Tasks.Sources.IValueTaskSource.GetResult(Int16 token)
         at System.Net.Http.HttpConnectionPool.ConnectToTcpHostAsync(String host, Int32 port, HttpRequestMessage initialRequest, Boolean async, CancellationToken cancellationToken)
         --- End of inner exception stack trace ---
         at System.Net.Http.HttpConnectionPool.ConnectToTcpHostAsync(String host, Int32 port, HttpRequestMessage initialRequest, Boolean async, CancellationToken cancellationToken)
         at System.Net.Http.HttpConnectionPool.ConnectAsync(HttpRequestMessage request, Boolean async, CancellationToken cancellationToken)
         at System.Net.Http.HttpConnectionPool.CreateHttp11ConnectionAsync(HttpRequestMessage request, Boolean async, CancellationToken cancellationToken)
         at System.Net.Http.HttpConnectionPool.InjectNewHttp11ConnectionAsync(QueueItem queueItem)
         at System.Threading.Tasks.TaskCompletionSourceWithCancellation`1.WaitWithCancellationAsync(CancellationToken cancellationToken)
         at System.Net.Http.HttpConnectionPool.SendWithVersionDetectionAndRetryAsync(HttpRequestMessage request, Boolean async, Boolean doRequestAuth, CancellationToken cancellationToken)
         at System.Net.Http.RedirectHandler.SendAsync(HttpRequestMessage request, Boolean async, CancellationToken cancellationToken)
         at Microsoft.Extensions.Http.Logging.LoggingHttpMessageHandler.<SendCoreAsync>g__Core|4_0(HttpRequestMessage request, Boolean useAsync, CancellationToken cancellationToken)
         at Microsoft.Extensions.Http.Logging.LoggingScopeHttpMessageHandler.<SendCoreAsync>g__Core|4_0(HttpRequestMessage request, Boolean useAsync, CancellationToken cancellationToken)
info: Microsoft.AspNetCore.Hosting.Diagnostics[1]
      Request starting HTTP/1.1 GET http://localhost:5000/ - - -
info: Program[0]
      Incoming request: GET / from ::1. Body: . Headers: Accept: text/html,application/xhtml+xml,application/xml;q=0.9,image/avif,image/webp,image/apng,*/*;q=0.8,application/signed-exchange;v=b3;q=0.7 | Connection: keep-alive | Host: localhost:5000 | User-Agent: Mozilla/5.0 (X11; Linux x86_64) AppleWebKit/537.36 (KHTML, like Gecko) HeadlessChrome/145.0.7632.6 Safari/537.36 | Accept-Encoding: gzip, deflate, br, zstd | Upgrade-Insecure-Requests: 1 | sec-ch-ua: "Not:A-Brand";v="99", "HeadlessChrome";v="145", "Chromium";v="145" | sec-ch-ua-mobile: ?0 | sec-ch-ua-platform: "Linux" | Sec-Fetch-Site: none | Sec-Fetch-Mode: navigate | Sec-Fetch-User: ?1 | Sec-Fetch-Dest: document
info: Microsoft.AspNetCore.StaticFiles.StaticFileMiddleware[2]
      Sending file. Request path: '/index.html'. Physical path: '/app/wwwroot/index.html'
info: Microsoft.AspNetCore.Hosting.Diagnostics[2]
      Request finished HTTP/1.1 GET http://localhost:5000/index.html - 200 66561 text/html 42.5559ms
info: Microsoft.AspNetCore.Hosting.Diagnostics[1]
      Request starting HTTP/1.1 GET http://localhost:5000/js/app.js - - -
info: Microsoft.AspNetCore.Hosting.Diagnostics[1]
      Request starting HTTP/1.1 GET http://localhost:5000/styles.css - - -
info: Microsoft.AspNetCore.Cors.Infrastructure.CorsService[4]
      CORS policy execution successful.
info: Program[0]
      Incoming request: GET /styles.css from ::1. Body: . Headers: Accept: text/css,*/*;q=0.1 | Connection: keep-alive | Host: localhost:5000 | User-Agent: Mozilla/5.0 (X11; Linux x86_64) AppleWebKit/537.36 (KHTML, like Gecko) HeadlessChrome/145.0.7632.6 Safari/537.36 | Accept-Encoding: gzip, deflate, br, zstd | Referer: http://localhost:5000/ | sec-ch-ua-platform: "Linux" | sec-ch-ua: "Not:A-Brand";v="99", "HeadlessChrome";v="145", "Chromium";v="145" | sec-ch-ua-mobile: ?0 | Sec-Fetch-Site: same-origin | Sec-Fetch-Mode: no-cors | Sec-Fetch-Dest: style
info: Program[0]
      Incoming request: GET /js/app.js from ::1. Body: . Headers: Accept: */* | Connection: keep-alive | Host: localhost:5000 | User-Agent: Mozilla/5.0 (X11; Linux x86_64) AppleWebKit/537.36 (KHTML, like Gecko) HeadlessChrome/145.0.7632.6 Safari/537.36 | Accept-Encoding: gzip, deflate, br, zstd | Origin: http://localhost:5000 | Referer: http://localhost:5000/ | sec-ch-ua-platform: "Linux" | sec-ch-ua: "Not:A-Brand";v="99", "HeadlessChrome";v="145", "Chromium";v="145" | sec-ch-ua-mobile: ?0 | Sec-Fetch-Site: same-origin | Sec-Fetch-Mode: cors | Sec-Fetch-Dest: script
info: Microsoft.AspNetCore.StaticFiles.StaticFileMiddleware[2]
      Sending file. Request path: '/js/app.js'. Physical path: '/app/wwwroot/js/app.js'
info: Microsoft.AspNetCore.Hosting.Diagnostics[2]
      Request finished HTTP/1.1 GET http://localhost:5000/js/app.js - 200 9450 text/javascript 26.7133ms
info: Microsoft.AspNetCore.StaticFiles.StaticFileMiddleware[2]
      Sending file. Request path: '/styles.css'. Physical path: '/app/wwwroot/styles.css'
info: Microsoft.AspNetCore.Hosting.Diagnostics[2]
      Request finished HTTP/1.1 GET http://localhost:5000/styles.css - 200 261 text/css 23.1055ms
info: Microsoft.AspNetCore.Hosting.Diagnostics[1]
      Request starting HTTP/1.1 GET http://localhost:5000/css/variables.css - - -
info: Program[0]
      Incoming request: GET /css/variables.css from ::1. Body: . Headers: Accept: text/css,*/*;q=0.1 | Connection: keep-alive | Host: localhost:5000 | User-Agent: Mozilla/5.0 (X11; Linux x86_64) AppleWebKit/537.36 (KHTML, like Gecko) HeadlessChrome/145.0.7632.6 Safari/537.36 | Accept-Encoding: gzip, deflate, br, zstd | Referer: http://localhost:5000/styles.css | sec-ch-ua-platform: "Linux" | sec-ch-ua: "Not:A-Brand";v="99", "HeadlessChrome";v="145", "Chromium";v="145" | sec-ch-ua-mobile: ?0 | Sec-Fetch-Site: same-origin | Sec-Fetch-Mode: no-cors | Sec-Fetch-Dest: style
info: Microsoft.AspNetCore.StaticFiles.StaticFileMiddleware[2]
      Sending file. Request path: '/css/variables.css'. Physical path: '/app/wwwroot/css/variables.css'
info: Microsoft.AspNetCore.Hosting.Diagnostics[2]
      Request finished HTTP/1.1 GET http://localhost:5000/css/variables.css - 200 1123 text/css 2.6573ms
info: Microsoft.AspNetCore.Hosting.Diagnostics[1]
      Request starting HTTP/1.1 GET http://localhost:5000/css/layout.css - - -
info: Program[0]
      Incoming request: GET /css/layout.css from ::1. Body: . Headers: Accept: text/css,*/*;q=0.1 | Connection: keep-alive | Host: localhost:5000 | User-Agent: Mozilla/5.0 (X11; Linux x86_64) AppleWebKit/537.36 (KHTML, like Gecko) HeadlessChrome/145.0.7632.6 Safari/537.36 | Accept-Encoding: gzip, deflate, br, zstd | Referer: http://localhost:5000/styles.css | sec-ch-ua-platform: "Linux" | sec-ch-ua: "Not:A-Brand";v="99", "HeadlessChrome";v="145", "Chromium";v="145" | sec-ch-ua-mobile: ?0 | Sec-Fetch-Site: same-origin | Sec-Fetch-Mode: no-cors | Sec-Fetch-Dest: style
info: Microsoft.AspNetCore.StaticFiles.StaticFileMiddleware[2]
      Sending file. Request path: '/css/layout.css'. Physical path: '/app/wwwroot/css/layout.css'
info: Microsoft.AspNetCore.Hosting.Diagnostics[2]
      Request finished HTTP/1.1 GET http://localhost:5000/css/layout.css - 200 3725 text/css 1.9310ms
info: Microsoft.AspNetCore.Hosting.Diagnostics[1]
      Request starting HTTP/1.1 GET http://localhost:5000/css/components.css - - -
info: Program[0]
      Incoming request: GET /css/components.css from ::1. Body: . Headers: Accept: text/css,*/*;q=0.1 | Connection: keep-alive | Host: localhost:5000 | User-Agent: Mozilla/5.0 (X11; Linux x86_64) AppleWebKit/537.36 (KHTML, like Gecko) HeadlessChrome/145.0.7632.6 Safari/537.36 | Accept-Encoding: gzip, deflate, br, zstd | Referer: http://localhost:5000/styles.css | sec-ch-ua-platform: "Linux" | sec-ch-ua: "Not:A-Brand";v="99", "HeadlessChrome";v="145", "Chromium";v="145" | sec-ch-ua-mobile: ?0 | Sec-Fetch-Site: same-origin | Sec-Fetch-Mode: no-cors | Sec-Fetch-Dest: style
info: Microsoft.AspNetCore.StaticFiles.StaticFileMiddleware[2]
      Sending file. Request path: '/css/components.css'. Physical path: '/app/wwwroot/css/components.css'
info: Microsoft.AspNetCore.Hosting.Diagnostics[2]
      Request finished HTTP/1.1 GET http://localhost:5000/css/components.css - 200 6333 text/css 1.1368ms
info: Microsoft.AspNetCore.Hosting.Diagnostics[1]
      Request starting HTTP/1.1 GET http://localhost:5000/css/dashboard.css - - -
info: Program[0]
      Incoming request: GET /css/dashboard.css from ::1. Body: . Headers: Accept: text/css,*/*;q=0.1 | Connection: keep-alive | Host: localhost:5000 | User-Agent: Mozilla/5.0 (X11; Linux x86_64) AppleWebKit/537.36 (KHTML, like Gecko) HeadlessChrome/145.0.7632.6 Safari/537.36 | Accept-Encoding: gzip, deflate, br, zstd | Referer: http://localhost:5000/styles.css | sec-ch-ua-platform: "Linux" | sec-ch-ua: "Not:A-Brand";v="99", "HeadlessChrome";v="145", "Chromium";v="145" | sec-ch-ua-mobile: ?0 | Sec-Fetch-Site: same-origin | Sec-Fetch-Mode: no-cors | Sec-Fetch-Dest: style
info: Microsoft.AspNetCore.StaticFiles.StaticFileMiddleware[2]
      Sending file. Request path: '/css/dashboard.css'. Physical path: '/app/wwwroot/css/dashboard.css'
info: Microsoft.AspNetCore.Hosting.Diagnostics[2]
      Request finished HTTP/1.1 GET http://localhost:5000/css/dashboard.css - 200 4357 text/css 0.7474ms
info: Microsoft.AspNetCore.Hosting.Diagnostics[1]
      Request starting HTTP/1.1 GET http://localhost:5000/css/tester.css - - -
info: Program[0]
      Incoming request: GET /css/tester.css from ::1. Body: . Headers: Accept: text/css,*/*;q=0.1 | Connection: keep-alive | Host: localhost:5000 | User-Agent: Mozilla/5.0 (X11; Linux x86_64) AppleWebKit/537.36 (KHTML, like Gecko) HeadlessChrome/145.0.7632.6 Safari/537.36 | Accept-Encoding: gzip, deflate, br, zstd | Referer: http://localhost:5000/styles.css | sec-ch-ua-platform: "Linux" | sec-ch-ua: "Not:A-Brand";v="99", "HeadlessChrome";v="145", "Chromium";v="145" | sec-ch-ua-mobile: ?0 | Sec-Fetch-Site: same-origin | Sec-Fetch-Mode: no-cors | Sec-Fetch-Dest: style
info: Microsoft.AspNetCore.StaticFiles.StaticFileMiddleware[2]
      Sending file. Request path: '/css/tester.css'. Physical path: '/app/wwwroot/css/tester.css'
info: Microsoft.AspNetCore.Hosting.Diagnostics[2]
      Request finished HTTP/1.1 GET http://localhost:5000/css/tester.css - 200 4160 text/css 0.4604ms
info: Microsoft.AspNetCore.Hosting.Diagnostics[1]
      Request starting HTTP/1.1 GET http://localhost:5000/css/logs.css - - -
info: Program[0]
      Incoming request: GET /css/logs.css from ::1. Body: . Headers: Accept: text/css,*/*;q=0.1 | Connection: keep-alive | Host: localhost:5000 | User-Agent: Mozilla/5.0 (X11; Linux x86_64) AppleWebKit/537.36 (KHTML, like Gecko) HeadlessChrome/145.0.7632.6 Safari/537.36 | Accept-Encoding: gzip, deflate, br, zstd | Referer: http://localhost:5000/styles.css | sec-ch-ua-platform: "Linux" | sec-ch-ua: "Not:A-Brand";v="99", "HeadlessChrome";v="145", "Chromium";v="145" | sec-ch-ua-mobile: ?0 | Sec-Fetch-Site: same-origin | Sec-Fetch-Mode: no-cors | Sec-Fetch-Dest: style
info: Microsoft.AspNetCore.StaticFiles.StaticFileMiddleware[2]
      Sending file. Request path: '/css/logs.css'. Physical path: '/app/wwwroot/css/logs.css'
info: Microsoft.AspNetCore.Hosting.Diagnostics[2]
      Request finished HTTP/1.1 GET http://localhost:5000/css/logs.css - 200 1926 text/css 0.5406ms
info: Microsoft.AspNetCore.Hosting.Diagnostics[1]
      Request starting HTTP/1.1 GET http://localhost:5000/css/toasts.css - - -
info: Program[0]
      Incoming request: GET /css/toasts.css from ::1. Body: . Headers: Accept: text/css,*/*;q=0.1 | Connection: keep-alive | Host: localhost:5000 | User-Agent: Mozilla/5.0 (X11; Linux x86_64) AppleWebKit/537.36 (KHTML, like Gecko) HeadlessChrome/145.0.7632.6 Safari/537.36 | Accept-Encoding: gzip, deflate, br, zstd | Referer: http://localhost:5000/styles.css | sec-ch-ua-platform: "Linux" | sec-ch-ua: "Not:A-Brand";v="99", "HeadlessChrome";v="145", "Chromium";v="145" | sec-ch-ua-mobile: ?0 | Sec-Fetch-Site: same-origin | Sec-Fetch-Mode: no-cors | Sec-Fetch-Dest: style
info: Microsoft.AspNetCore.StaticFiles.StaticFileMiddleware[2]
      Sending file. Request path: '/css/toasts.css'. Physical path: '/app/wwwroot/css/toasts.css'
info: Microsoft.AspNetCore.Hosting.Diagnostics[2]
      Request finished HTTP/1.1 GET http://localhost:5000/css/toasts.css - 200 2329 text/css 0.7182ms
info: Microsoft.AspNetCore.Hosting.Diagnostics[1]
      Request starting HTTP/1.1 GET http://localhost:5000/css/responsive.css - - -
info: Program[0]
      Incoming request: GET /css/responsive.css from ::1. Body: . Headers: Accept: text/css,*/*;q=0.1 | Connection: keep-alive | Host: localhost:5000 | User-Agent: Mozilla/5.0 (X11; Linux x86_64) AppleWebKit/537.36 (KHTML, like Gecko) HeadlessChrome/145.0.7632.6 Safari/537.36 | Accept-Encoding: gzip, deflate, br, zstd | Referer: http://localhost:5000/styles.css | sec-ch-ua-platform: "Linux" | sec-ch-ua: "Not:A-Brand";v="99", "HeadlessChrome";v="145", "Chromium";v="145" | sec-ch-ua-mobile: ?0 | Sec-Fetch-Site: same-origin | Sec-Fetch-Mode: no-cors | Sec-Fetch-Dest: style
info: Microsoft.AspNetCore.StaticFiles.StaticFileMiddleware[2]
      Sending file. Request path: '/css/responsive.css'. Physical path: '/app/wwwroot/css/responsive.css'
info: Microsoft.AspNetCore.Hosting.Diagnostics[2]
      Request finished HTTP/1.1 GET http://localhost:5000/css/responsive.css - 200 5154 text/css 2.6505ms
info: Microsoft.AspNetCore.Hosting.Diagnostics[1]
      Request starting HTTP/1.1 GET http://localhost:5000/js/servers.js - - -
info: Microsoft.AspNetCore.Hosting.Diagnostics[1]
      Request starting HTTP/1.1 GET http://localhost:5000/js/tester.js - - -
info: Microsoft.AspNetCore.Hosting.Diagnostics[1]
      Request starting HTTP/1.1 GET http://localhost:5000/js/clients.js - - -
info: Microsoft.AspNetCore.Cors.Infrastructure.CorsService[4]
      CORS policy execution successful.
info: Microsoft.AspNetCore.Cors.Infrastructure.CorsService[4]
      CORS policy execution successful.
info: Microsoft.AspNetCore.Cors.Infrastructure.CorsService[4]
      CORS policy execution successful.
info: Microsoft.AspNetCore.Hosting.Diagnostics[1]
      Request starting HTTP/1.1 GET http://localhost:5000/js/logs.js - - -
info: Program[0]
      Incoming request: GET /js/servers.js from ::1. Body: . Headers: Accept: */* | Connection: keep-alive | Host: localhost:5000 | User-Agent: Mozilla/5.0 (X11; Linux x86_64) AppleWebKit/537.36 (KHTML, like Gecko) HeadlessChrome/145.0.7632.6 Safari/537.36 | Accept-Encoding: gzip, deflate, br, zstd | Origin: http://localhost:5000 | Referer: http://localhost:5000/js/app.js | sec-ch-ua-platform: "Linux" | sec-ch-ua: "Not:A-Brand";v="99", "HeadlessChrome";v="145", "Chromium";v="145" | sec-ch-ua-mobile: ?0 | Sec-Fetch-Site: same-origin | Sec-Fetch-Mode: cors | Sec-Fetch-Dest: script
info: Microsoft.AspNetCore.Cors.Infrastructure.CorsService[4]
      CORS policy execution successful.
info: Program[0]
      Incoming request: GET /js/clients.js from ::1. Body: . Headers: Accept: */* | Connection: keep-alive | Host: localhost:5000 | User-Agent: Mozilla/5.0 (X11; Linux x86_64) AppleWebKit/537.36 (KHTML, like Gecko) HeadlessChrome/145.0.7632.6 Safari/537.36 | Accept-Encoding: gzip, deflate, br, zstd | Origin: http://localhost:5000 | Referer: http://localhost:5000/js/app.js | sec-ch-ua-platform: "Linux" | sec-ch-ua: "Not:A-Brand";v="99", "HeadlessChrome";v="145", "Chromium";v="145" | sec-ch-ua-mobile: ?0 | Sec-Fetch-Site: same-origin | Sec-Fetch-Mode: cors | Sec-Fetch-Dest: script
info: Program[0]
      Incoming request: GET /js/logs.js from ::1. Body: . Headers: Accept: */* | Connection: keep-alive | Host: localhost:5000 | User-Agent: Mozilla/5.0 (X11; Linux x86_64) AppleWebKit/537.36 (KHTML, like Gecko) HeadlessChrome/145.0.7632.6 Safari/537.36 | Accept-Encoding: gzip, deflate, br, zstd | Origin: http://localhost:5000 | Referer: http://localhost:5000/js/app.js | sec-ch-ua-platform: "Linux" | sec-ch-ua: "Not:A-Brand";v="99", "HeadlessChrome";v="145", "Chromium";v="145" | sec-ch-ua-mobile: ?0 | Sec-Fetch-Site: same-origin | Sec-Fetch-Mode: cors | Sec-Fetch-Dest: script
info: Microsoft.AspNetCore.StaticFiles.StaticFileMiddleware[2]
      Sending file. Request path: '/js/servers.js'. Physical path: '/app/wwwroot/js/servers.js'
info: Microsoft.AspNetCore.StaticFiles.StaticFileMiddleware[2]
      Sending file. Request path: '/js/clients.js'. Physical path: '/app/wwwroot/js/clients.js'
info: Microsoft.AspNetCore.Hosting.Diagnostics[2]
      Request finished HTTP/1.1 GET http://localhost:5000/js/servers.js - 200 26573 text/javascript 1.5764ms
info: Microsoft.AspNetCore.Hosting.Diagnostics[2]
      Request finished HTTP/1.1 GET http://localhost:5000/js/clients.js - 200 3417 text/javascript 1.5194ms
info: Microsoft.AspNetCore.StaticFiles.StaticFileMiddleware[2]
      Sending file. Request path: '/js/logs.js'. Physical path: '/app/wwwroot/js/logs.js'
info: Program[0]
      Incoming request: GET /js/tester.js from ::1. Body: . Headers: Accept: */* | Connection: keep-alive | Host: localhost:5000 | User-Agent: Mozilla/5.0 (X11; Linux x86_64) AppleWebKit/537.36 (KHTML, like Gecko) HeadlessChrome/145.0.7632.6 Safari/537.36 | Accept-Encoding: gzip, deflate, br, zstd | Origin: http://localhost:5000 | Referer: http://localhost:5000/js/app.js | sec-ch-ua-platform: "Linux" | sec-ch-ua: "Not:A-Brand";v="99", "HeadlessChrome";v="145", "Chromium";v="145" | sec-ch-ua-mobile: ?0 | Sec-Fetch-Site: same-origin | Sec-Fetch-Mode: cors | Sec-Fetch-Dest: script
info: Microsoft.AspNetCore.Hosting.Diagnostics[2]
      Request finished HTTP/1.1 GET http://localhost:5000/js/logs.js - 200 8013 text/javascript 0.6520ms
info: Microsoft.AspNetCore.StaticFiles.StaticFileMiddleware[2]
      Sending file. Request path: '/js/tester.js'. Physical path: '/app/wwwroot/js/tester.js'
info: Microsoft.AspNetCore.Hosting.Diagnostics[2]
      Request finished HTTP/1.1 GET http://localhost:5000/js/tester.js - 200 12467 text/javascript 2.0060ms
info: Microsoft.AspNetCore.Hosting.Diagnostics[1]
      Request starting HTTP/1.1 GET http://localhost:5000/js/settings.js - - -
info: Microsoft.AspNetCore.Cors.Infrastructure.CorsService[4]
      CORS policy execution successful.
info: Program[0]
      Incoming request: GET /js/settings.js from ::1. Body: . Headers: Accept: */* | Connection: keep-alive | Host: localhost:5000 | User-Agent: Mozilla/5.0 (X11; Linux x86_64) AppleWebKit/537.36 (KHTML, like Gecko) HeadlessChrome/145.0.7632.6 Safari/537.36 | Accept-Encoding: gzip, deflate, br, zstd | Origin: http://localhost:5000 | Referer: http://localhost:5000/js/app.js | sec-ch-ua-platform: "Linux" | sec-ch-ua: "Not:A-Brand";v="99", "HeadlessChrome";v="145", "Chromium";v="145" | sec-ch-ua-mobile: ?0 | Sec-Fetch-Site: same-origin | Sec-Fetch-Mode: cors | Sec-Fetch-Dest: script
info: Microsoft.AspNetCore.StaticFiles.StaticFileMiddleware[2]
      Sending file. Request path: '/js/settings.js'. Physical path: '/app/wwwroot/js/settings.js'
info: Microsoft.AspNetCore.Hosting.Diagnostics[2]
      Request finished HTTP/1.1 GET http://localhost:5000/js/settings.js - 200 38415 text/javascript 0.7358ms
info: Microsoft.AspNetCore.Hosting.Diagnostics[1]
      Request starting HTTP/1.1 GET http://localhost:5000/js/utils.js - - -
info: Microsoft.AspNetCore.Cors.Infrastructure.CorsService[4]
      CORS policy execution successful.
info: Program[0]
      Incoming request: GET /js/utils.js from ::1. Body: . Headers: Accept: */* | Connection: keep-alive | Host: localhost:5000 | User-Agent: Mozilla/5.0 (X11; Linux x86_64) AppleWebKit/537.36 (KHTML, like Gecko) HeadlessChrome/145.0.7632.6 Safari/537.36 | Accept-Encoding: gzip, deflate, br, zstd | Origin: http://localhost:5000 | Referer: http://localhost:5000/js/app.js | sec-ch-ua-platform: "Linux" | sec-ch-ua: "Not:A-Brand";v="99", "HeadlessChrome";v="145", "Chromium";v="145" | sec-ch-ua-mobile: ?0 | Sec-Fetch-Site: same-origin | Sec-Fetch-Mode: cors | Sec-Fetch-Dest: script
info: Microsoft.AspNetCore.StaticFiles.StaticFileMiddleware[2]
      Sending file. Request path: '/js/utils.js'. Physical path: '/app/wwwroot/js/utils.js'
info: Microsoft.AspNetCore.Hosting.Diagnostics[2]
      Request finished HTTP/1.1 GET http://localhost:5000/js/utils.js - 200 1646 text/javascript 0.5673ms
info: Microsoft.AspNetCore.Hosting.Diagnostics[1]
      Request starting HTTP/1.1 GET http://localhost:5000/js/api.js - - -
info: Microsoft.AspNetCore.Cors.Infrastructure.CorsService[4]
      CORS policy execution successful.
info: Program[0]
      Incoming request: GET /js/api.js from ::1. Body: . Headers: Accept: */* | Connection: keep-alive | Host: localhost:5000 | User-Agent: Mozilla/5.0 (X11; Linux x86_64) AppleWebKit/537.36 (KHTML, like Gecko) HeadlessChrome/145.0.7632.6 Safari/537.36 | Accept-Encoding: gzip, deflate, br, zstd | Origin: http://localhost:5000 | Referer: http://localhost:5000/js/app.js | sec-ch-ua-platform: "Linux" | sec-ch-ua: "Not:A-Brand";v="99", "HeadlessChrome";v="145", "Chromium";v="145" | sec-ch-ua-mobile: ?0 | Sec-Fetch-Site: same-origin | Sec-Fetch-Mode: cors | Sec-Fetch-Dest: script
info: Microsoft.AspNetCore.StaticFiles.StaticFileMiddleware[2]
      Sending file. Request path: '/js/api.js'. Physical path: '/app/wwwroot/js/api.js'
info: Microsoft.AspNetCore.Hosting.Diagnostics[2]
      Request finished HTTP/1.1 GET http://localhost:5000/js/api.js - 200 1163 text/javascript 1.0533ms
info: Microsoft.AspNetCore.Hosting.Diagnostics[1]
      Request starting HTTP/1.1 GET http://localhost:5000/js/tester-prompts-resources.js - - -
info: Microsoft.AspNetCore.Cors.Infrastructure.CorsService[4]
      CORS policy execution successful.
info: Program[0]
      Incoming request: GET /js/tester-prompts-resources.js from ::1. Body: . Headers: Accept: */* | Connection: keep-alive | Host: localhost:5000 | User-Agent: Mozilla/5.0 (X11; Linux x86_64) AppleWebKit/537.36 (KHTML, like Gecko) HeadlessChrome/145.0.7632.6 Safari/537.36 | Accept-Encoding: gzip, deflate, br, zstd | Origin: http://localhost:5000 | Referer: http://localhost:5000/js/tester.js | sec-ch-ua-platform: "Linux" | sec-ch-ua: "Not:A-Brand";v="99", "HeadlessChrome";v="145", "Chromium";v="145" | sec-ch-ua-mobile: ?0 | Sec-Fetch-Site: same-origin | Sec-Fetch-Mode: cors | Sec-Fetch-Dest: script
info: Microsoft.AspNetCore.StaticFiles.StaticFileMiddleware[2]
      Sending file. Request path: '/js/tester-prompts-resources.js'. Physical path: '/app/wwwroot/js/tester-prompts-resources.js'
info: Microsoft.AspNetCore.Hosting.Diagnostics[2]
      Request finished HTTP/1.1 GET http://localhost:5000/js/tester-prompts-resources.js - 200 14092 text/javascript 0.7002ms
info: Microsoft.AspNetCore.Hosting.Diagnostics[1]
      Request starting HTTP/1.1 GET http://localhost:5000/api/me - application/json -
info: Program[0]
      Incoming request: GET /api/me from ::1. Body: . Headers: Accept: */* | Connection: keep-alive | Host: localhost:5000 | User-Agent: Mozilla/5.0 (X11; Linux x86_64) AppleWebKit/537.36 (KHTML, like Gecko) HeadlessChrome/145.0.7632.6 Safari/537.36 | Accept-Encoding: gzip, deflate, br, zstd | Content-Type: application/json | Referer: http://localhost:5000/ | sec-ch-ua-platform: "Linux" | sec-ch-ua: "Not:A-Brand";v="99", "HeadlessChrome";v="145", "Chromium";v="145" | sec-ch-ua-mobile: ?0 | Sec-Fetch-Site: same-origin | Sec-Fetch-Mode: cors | Sec-Fetch-Dest: empty
info: Microsoft.AspNetCore.Routing.EndpointMiddleware[0]
      Executing endpoint 'HTTP: GET /api/me'
info: Microsoft.AspNetCore.Http.Result.OkObjectResult[1]
      Setting HTTP status code 200.
info: Microsoft.AspNetCore.Hosting.Diagnostics[1]
      Request starting HTTP/1.1 GET http://localhost:5000/health - application/json -
info: Microsoft.AspNetCore.Hosting.Diagnostics[1]
      Request starting HTTP/1.1 GET http://localhost:5000/api/clients - application/json -
info: Program[0]
      Incoming request: GET /health from ::1. Body: . Headers: Accept: */* | Connection: keep-alive | Host: localhost:5000 | User-Agent: Mozilla/5.0 (X11; Linux x86_64) AppleWebKit/537.36 (KHTML, like Gecko) HeadlessChrome/145.0.7632.6 Safari/537.36 | Accept-Encoding: gzip, deflate, br, zstd | Content-Type: application/json | Referer: http://localhost:5000/ | sec-ch-ua-platform: "Linux" | sec-ch-ua: "Not:A-Brand";v="99", "HeadlessChrome";v="145", "Chromium";v="145" | sec-ch-ua-mobile: ?0 | Sec-Fetch-Site: same-origin | Sec-Fetch-Mode: cors | Sec-Fetch-Dest: empty
info: Microsoft.AspNetCore.Routing.EndpointMiddleware[0]
      Executing endpoint 'HTTP: GET /health'
info: Microsoft.AspNetCore.Http.Result.OkObjectResult[1]
      Setting HTTP status code 200.
info: Microsoft.AspNetCore.Http.Result.OkObjectResult[3]
      Writing value of type '<>f__AnonymousType47`3' as Json.
info: Microsoft.AspNetCore.Routing.EndpointMiddleware[1]
      Executed endpoint 'HTTP: GET /health'
info: Microsoft.AspNetCore.Hosting.Diagnostics[2]
      Request finished HTTP/1.1 GET http://localhost:5000/health - 200 - application/json;+charset=utf-8 1.2787ms
info: Program[0]
      Incoming request: GET /api/clients from ::1. Body: . Headers: Accept: */* | Connection: keep-alive | Host: localhost:5000 | User-Agent: Mozilla/5.0 (X11; Linux x86_64) AppleWebKit/537.36 (KHTML, like Gecko) HeadlessChrome/145.0.7632.6 Safari/537.36 | Accept-Encoding: gzip, deflate, br, zstd | Content-Type: application/json | Referer: http://localhost:5000/ | sec-ch-ua-platform: "Linux" | sec-ch-ua: "Not:A-Brand";v="99", "HeadlessChrome";v="145", "Chromium";v="145" | sec-ch-ua-mobile: ?0 | Sec-Fetch-Site: same-origin | Sec-Fetch-Mode: cors | Sec-Fetch-Dest: empty
info: Microsoft.AspNetCore.Routing.EndpointMiddleware[0]
      Executing endpoint 'McpRouter.Controllers.ClientsController.GetClients (mcp-router)'
info: Microsoft.AspNetCore.Hosting.Diagnostics[1]
      Request starting HTTP/1.1 GET http://localhost:5000/api/servers - application/json -
info: Program[0]
      Incoming request: GET /api/servers from ::1. Body: . Headers: Accept: */* | Connection: keep-alive | Host: localhost:5000 | User-Agent: Mozilla/5.0 (X11; Linux x86_64) AppleWebKit/537.36 (KHTML, like Gecko) HeadlessChrome/145.0.7632.6 Safari/537.36 | Accept-Encoding: gzip, deflate, br, zstd | Content-Type: application/json | Referer: http://localhost:5000/ | sec-ch-ua-platform: "Linux" | sec-ch-ua: "Not:A-Brand";v="99", "HeadlessChrome";v="145", "Chromium";v="145" | sec-ch-ua-mobile: ?0 | Sec-Fetch-Site: same-origin | Sec-Fetch-Mode: cors | Sec-Fetch-Dest: empty
info: Microsoft.AspNetCore.Routing.EndpointMiddleware[0]
      Executing endpoint 'HTTP: GET /api/servers'
info: Microsoft.AspNetCore.Http.Result.OkObjectResult[3]
      Writing value of type '<>f__AnonymousType68`1' as Json.
info: Microsoft.AspNetCore.Routing.EndpointMiddleware[1]
      Executed endpoint 'HTTP: GET /api/me'
info: Microsoft.AspNetCore.Hosting.Diagnostics[2]
      Request finished HTTP/1.1 GET http://localhost:5000/api/me - 200 - application/json;+charset=utf-8 16.5192ms
info: Microsoft.EntityFrameworkCore.Database.Command[20101]
      Executed DbCommand (0ms) [Parameters=[], CommandType='Text', CommandTimeout='30']
      SELECT "s"."Id", "s"."ApiKey", "s"."AuthShape", "s"."AutoDiscovered", "s"."Categories", "s"."CustomHeaderName", "s"."DisplayName", "s"."Enabled", "s"."HeadersJson", "s"."Hidden", "s"."SecretItemKey", "s"."SecretProvider", "s"."Type", "s"."Url"
      FROM "Servers" AS "s"
info: Microsoft.AspNetCore.Http.Result.OkObjectResult[1]
      Setting HTTP status code 200.
info: Microsoft.AspNetCore.Http.Result.OkObjectResult[3]
      Writing value of type 'ListSelectIterator`2' as Json.
info: Microsoft.AspNetCore.Mvc.Infrastructure.ControllerActionInvoker[102]
      Route matched with {action = "GetClients", controller = "Clients"}. Executing controller action with signature System.Threading.Tasks.Task`1[Microsoft.AspNetCore.Mvc.IActionResult] GetClients() on controller McpRouter.Controllers.ClientsController (mcp-router).
info: Microsoft.AspNetCore.Hosting.Diagnostics[1]
      Request starting HTTP/1.1 GET http://localhost:5000/api/approvals - application/json -
info: Program[0]
      Incoming request: GET /api/approvals from ::1. Body: . Headers: Accept: */* | Connection: keep-alive | Host: localhost:5000 | User-Agent: Mozilla/5.0 (X11; Linux x86_64) AppleWebKit/537.36 (KHTML, like Gecko) HeadlessChrome/145.0.7632.6 Safari/537.36 | Accept-Encoding: gzip, deflate, br, zstd | Content-Type: application/json | Referer: http://localhost:5000/ | sec-ch-ua-platform: "Linux" | sec-ch-ua: "Not:A-Brand";v="99", "HeadlessChrome";v="145", "Chromium";v="145" | sec-ch-ua-mobile: ?0 | Sec-Fetch-Site: same-origin | Sec-Fetch-Mode: cors | Sec-Fetch-Dest: empty
info: Microsoft.AspNetCore.Routing.EndpointMiddleware[0]
      Executing endpoint 'HTTP: GET /api/approvals'
info: Microsoft.AspNetCore.Http.Result.OkObjectResult[1]
      Setting HTTP status code 200.
info: Microsoft.AspNetCore.Routing.EndpointMiddleware[1]
      Executed endpoint 'HTTP: GET /api/servers'
info: Microsoft.AspNetCore.Http.Result.OkObjectResult[3]
      Writing value of type 'List`1' as Json.
info: Microsoft.AspNetCore.Routing.EndpointMiddleware[1]
      Executed endpoint 'HTTP: GET /api/approvals'
info: Microsoft.AspNetCore.Hosting.Diagnostics[2]
      Request finished HTTP/1.1 GET http://localhost:5000/api/approvals - 200 - application/json;+charset=utf-8 4.7718ms
info: Microsoft.AspNetCore.Hosting.Diagnostics[2]
      Request finished HTTP/1.1 GET http://localhost:5000/api/servers - 200 - application/json;+charset=utf-8 55.1525ms
info: Microsoft.EntityFrameworkCore.Database.Command[20101]
      Executed DbCommand (0ms) [Parameters=[], CommandType='Text', CommandTimeout='30']
      SELECT "o"."Id", "o"."ApplicationType", "o"."ClientId", "o"."ClientSecret", "o"."ClientType", "o"."ConcurrencyToken", "o"."ConsentType", "o"."DisplayName", "o"."DisplayNames", "o"."JsonWebKeySet", "o"."Permissions", "o"."PostLogoutRedirectUris", "o"."Properties", "o"."RedirectUris", "o"."Requirements", "o"."Settings"
      FROM "OpenIddictApplications" AS "o"
      ORDER BY "o"."Id"
info: Microsoft.AspNetCore.Mvc.Infrastructure.ObjectResultExecutor[1]
      Executing OkObjectResult, writing value of type 'System.Collections.Generic.List`1[[System.Object, System.Private.CoreLib, Version=10.0.0.0, Culture=neutral, PublicKeyToken=7cec85d7bea7798e]]'.
info: Microsoft.AspNetCore.Mvc.Infrastructure.ControllerActionInvoker[105]
      Executed action McpRouter.Controllers.ClientsController.GetClients (mcp-router) in 49.8865ms
info: Microsoft.AspNetCore.Routing.EndpointMiddleware[1]
      Executed endpoint 'McpRouter.Controllers.ClientsController.GetClients (mcp-router)'
info: Microsoft.AspNetCore.Hosting.Diagnostics[2]
      Request finished HTTP/1.1 GET http://localhost:5000/api/clients - 200 - application/json;+charset=utf-8 96.9258ms
info: Microsoft.AspNetCore.Hosting.Diagnostics[1]
      Request starting HTTP/1.1 GET http://localhost:5000/api/settings - application/json -
info: Program[0]
      Incoming request: GET /api/settings from ::1. Body: . Headers: Accept: */* | Connection: keep-alive | Host: localhost:5000 | User-Agent: Mozilla/5.0 (X11; Linux x86_64) AppleWebKit/537.36 (KHTML, like Gecko) HeadlessChrome/145.0.7632.6 Safari/537.36 | Accept-Encoding: gzip, deflate, br, zstd | Content-Type: application/json | Referer: http://localhost:5000/ | sec-ch-ua-platform: "Linux" | sec-ch-ua: "Not:A-Brand";v="99", "HeadlessChrome";v="145", "Chromium";v="145" | sec-ch-ua-mobile: ?0 | Sec-Fetch-Site: same-origin | Sec-Fetch-Mode: cors | Sec-Fetch-Dest: empty
info: Microsoft.AspNetCore.Routing.EndpointMiddleware[0]
      Executing endpoint 'HTTP: GET /api/settings'
info: Microsoft.AspNetCore.Http.Result.OkObjectResult[1]
      Setting HTTP status code 200.
info: Microsoft.AspNetCore.Http.Result.OkObjectResult[3]
      Writing value of type 'RouterSettings' as Json.
info: Microsoft.AspNetCore.Routing.EndpointMiddleware[1]
      Executed endpoint 'HTTP: GET /api/settings'
info: Microsoft.AspNetCore.Hosting.Diagnostics[2]
      Request finished HTTP/1.1 GET http://localhost:5000/api/settings - 200 - application/json;+charset=utf-8 6.1839ms
info: Microsoft.AspNetCore.Hosting.Diagnostics[1]
      Request starting HTTP/1.1 GET http://localhost:5000/api/providers/auth - application/json -
info: Program[0]
      Incoming request: GET /api/providers/auth from ::1. Body: . Headers: Accept: */* | Connection: keep-alive | Host: localhost:5000 | User-Agent: Mozilla/5.0 (X11; Linux x86_64) AppleWebKit/537.36 (KHTML, like Gecko) HeadlessChrome/145.0.7632.6 Safari/537.36 | Accept-Encoding: gzip, deflate, br, zstd | Content-Type: application/json | Referer: http://localhost:5000/ | sec-ch-ua-platform: "Linux" | sec-ch-ua: "Not:A-Brand";v="99", "HeadlessChrome";v="145", "Chromium";v="145" | sec-ch-ua-mobile: ?0 | Sec-Fetch-Site: same-origin | Sec-Fetch-Mode: cors | Sec-Fetch-Dest: empty
info: Microsoft.AspNetCore.Routing.EndpointMiddleware[0]
      Executing endpoint 'McpRouter.Controllers.ProvidersController.GetAuthProviders (mcp-router)'
info: Microsoft.AspNetCore.Mvc.Infrastructure.ControllerActionInvoker[102]
      Route matched with {action = "GetAuthProviders", controller = "Providers"}. Executing controller action with signature System.Threading.Tasks.Task`1[Microsoft.AspNetCore.Mvc.IActionResult] GetAuthProviders() on controller McpRouter.Controllers.ProvidersController (mcp-router).
info: Microsoft.AspNetCore.Hosting.Diagnostics[1]
      Request starting HTTP/1.1 GET http://localhost:5000/api/approvals - application/json -
info: Program[0]
      Incoming request: GET /api/approvals from ::1. Body: . Headers: Accept: */* | Connection: keep-alive | Host: localhost:5000 | User-Agent: Mozilla/5.0 (X11; Linux x86_64) AppleWebKit/537.36 (KHTML, like Gecko) HeadlessChrome/145.0.7632.6 Safari/537.36 | Accept-Encoding: gzip, deflate, br, zstd | Content-Type: application/json | Referer: http://localhost:5000/ | sec-ch-ua-platform: "Linux" | sec-ch-ua: "Not:A-Brand";v="99", "HeadlessChrome";v="145", "Chromium";v="145" | sec-ch-ua-mobile: ?0 | Sec-Fetch-Site: same-origin | Sec-Fetch-Mode: cors | Sec-Fetch-Dest: empty
info: Microsoft.AspNetCore.Routing.EndpointMiddleware[0]
      Executing endpoint 'HTTP: GET /api/approvals'
info: Microsoft.AspNetCore.Http.Result.OkObjectResult[1]
      Setting HTTP status code 200.
info: Microsoft.AspNetCore.Http.Result.OkObjectResult[3]
      Writing value of type 'List`1' as Json.
info: Microsoft.AspNetCore.Routing.EndpointMiddleware[1]
      Executed endpoint 'HTTP: GET /api/approvals'
info: Microsoft.AspNetCore.Hosting.Diagnostics[2]
      Request finished HTTP/1.1 GET http://localhost:5000/api/approvals - 200 - application/json;+charset=utf-8 0.7165ms
info: Microsoft.AspNetCore.Mvc.Infrastructure.ObjectResultExecutor[1]
      Executing OkObjectResult, writing value of type 'System.Collections.Generic.List`1[[McpRouter.Controllers.AuthProviderDto, mcp-router, Version=2.22.0.0, Culture=neutral, PublicKeyToken=null]]'.
info: Microsoft.AspNetCore.Mvc.Infrastructure.ControllerActionInvoker[105]
      Executed action McpRouter.Controllers.ProvidersController.GetAuthProviders (mcp-router) in 80.1933ms
info: Microsoft.AspNetCore.Routing.EndpointMiddleware[1]
      Executed endpoint 'McpRouter.Controllers.ProvidersController.GetAuthProviders (mcp-router)'
info: Microsoft.AspNetCore.Hosting.Diagnostics[2]
      Request finished HTTP/1.1 GET http://localhost:5000/api/providers/auth - 200 - application/json;+charset=utf-8 96.6645ms
info: Microsoft.AspNetCore.Hosting.Diagnostics[1]
      Request starting HTTP/1.1 GET http://localhost:5000/api/providers/secrets - application/json -
info: Program[0]
      Incoming request: GET /api/providers/secrets from ::1. Body: . Headers: Accept: */* | Connection: keep-alive | Host: localhost:5000 | User-Agent: Mozilla/5.0 (X11; Linux x86_64) AppleWebKit/537.36 (KHTML, like Gecko) HeadlessChrome/145.0.7632.6 Safari/537.36 | Accept-Encoding: gzip, deflate, br, zstd | Content-Type: application/json | Referer: http://localhost:5000/ | sec-ch-ua-platform: "Linux" | sec-ch-ua: "Not:A-Brand";v="99", "HeadlessChrome";v="145", "Chromium";v="145" | sec-ch-ua-mobile: ?0 | Sec-Fetch-Site: same-origin | Sec-Fetch-Mode: cors | Sec-Fetch-Dest: empty
info: Microsoft.AspNetCore.Routing.EndpointMiddleware[0]
      Executing endpoint 'McpRouter.Controllers.ProvidersController.GetSecretProviders (mcp-router)'
info: Microsoft.AspNetCore.Mvc.Infrastructure.ControllerActionInvoker[102]
      Route matched with {action = "GetSecretProviders", controller = "Providers"}. Executing controller action with signature System.Threading.Tasks.Task`1[Microsoft.AspNetCore.Mvc.IActionResult] GetSecretProviders() on controller McpRouter.Controllers.ProvidersController (mcp-router).
info: Microsoft.AspNetCore.Mvc.Infrastructure.ObjectResultExecutor[1]
      Executing ObjectResult, writing value of type '<>f__AnonymousType3`1[[System.String, System.Private.CoreLib, Version=10.0.0.0, Culture=neutral, PublicKeyToken=7cec85d7bea7798e]]'.
info: Microsoft.AspNetCore.Mvc.Infrastructure.ControllerActionInvoker[105]
      Executed action McpRouter.Controllers.ProvidersController.GetSecretProviders (mcp-router) in 4.27ms
info: Microsoft.AspNetCore.Routing.EndpointMiddleware[1]
      Executed endpoint 'McpRouter.Controllers.ProvidersController.GetSecretProviders (mcp-router)'
info: Microsoft.AspNetCore.Hosting.Diagnostics[2]
      Request finished HTTP/1.1 GET http://localhost:5000/api/providers/secrets - 500 - application/json;+charset=utf-8 15.5635ms
info: Microsoft.AspNetCore.Hosting.Diagnostics[1]
      Request starting HTTP/1.1 GET http://localhost:5000/api/custom-files - application/json -
info: Program[0]
      Incoming request: GET /api/custom-files from ::1. Body: . Headers: Accept: */* | Connection: keep-alive | Host: localhost:5000 | User-Agent: Mozilla/5.0 (X11; Linux x86_64) AppleWebKit/537.36 (KHTML, like Gecko) HeadlessChrome/145.0.7632.6 Safari/537.36 | Accept-Encoding: gzip, deflate, br, zstd | Content-Type: application/json | Referer: http://localhost:5000/ | sec-ch-ua-platform: "Linux" | sec-ch-ua: "Not:A-Brand";v="99", "HeadlessChrome";v="145", "Chromium";v="145" | sec-ch-ua-mobile: ?0 | Sec-Fetch-Site: same-origin | Sec-Fetch-Mode: cors | Sec-Fetch-Dest: empty
info: Microsoft.AspNetCore.Routing.EndpointMiddleware[0]
      Executing endpoint 'HTTP: GET /api/custom-files'
info: Microsoft.AspNetCore.Http.Result.OkObjectResult[1]
      Setting HTTP status code 200.
info: Microsoft.AspNetCore.Http.Result.OkObjectResult[3]
      Writing value of type 'List`1' as Json.
info: Microsoft.AspNetCore.Routing.EndpointMiddleware[1]
      Executed endpoint 'HTTP: GET /api/custom-files'
info: Microsoft.AspNetCore.Hosting.Diagnostics[2]
      Request finished HTTP/1.1 GET http://localhost:5000/api/custom-files - 200 - application/json;+charset=utf-8 3.5898ms
info: Microsoft.AspNetCore.Hosting.Diagnostics[1]
      Request starting HTTP/1.1 GET http://localhost:5000/api/permissions/mappings - application/json -
info: Microsoft.AspNetCore.Hosting.Diagnostics[1]
      Request starting HTTP/1.1 GET http://localhost:5000/api/permissions/policies - application/json -
info: Program[0]
      Incoming request: GET /api/permissions/mappings from ::1. Body: . Headers: Accept: */* | Connection: keep-alive | Host: localhost:5000 | User-Agent: Mozilla/5.0 (X11; Linux x86_64) AppleWebKit/537.36 (KHTML, like Gecko) HeadlessChrome/145.0.7632.6 Safari/537.36 | Accept-Encoding: gzip, deflate, br, zstd | Content-Type: application/json | Referer: http://localhost:5000/ | sec-ch-ua-platform: "Linux" | sec-ch-ua: "Not:A-Brand";v="99", "HeadlessChrome";v="145", "Chromium";v="145" | sec-ch-ua-mobile: ?0 | Sec-Fetch-Site: same-origin | Sec-Fetch-Mode: cors | Sec-Fetch-Dest: empty
info: Program[0]
      Incoming request: GET /api/permissions/policies from ::1. Body: . Headers: Accept: */* | Connection: keep-alive | Host: localhost:5000 | User-Agent: Mozilla/5.0 (X11; Linux x86_64) AppleWebKit/537.36 (KHTML, like Gecko) HeadlessChrome/145.0.7632.6 Safari/537.36 | Accept-Encoding: gzip, deflate, br, zstd | Content-Type: application/json | Referer: http://localhost:5000/ | sec-ch-ua-platform: "Linux" | sec-ch-ua: "Not:A-Brand";v="99", "HeadlessChrome";v="145", "Chromium";v="145" | sec-ch-ua-mobile: ?0 | Sec-Fetch-Site: same-origin | Sec-Fetch-Mode: cors | Sec-Fetch-Dest: empty
info: Microsoft.AspNetCore.Routing.EndpointMiddleware[0]
      Executing endpoint 'McpRouter.Controllers.PermissionsController.GetMappings (mcp-router)'
info: Microsoft.AspNetCore.Routing.EndpointMiddleware[0]
      Executing endpoint 'McpRouter.Controllers.PermissionsController.GetPolicies (mcp-router)'
info: Microsoft.AspNetCore.Mvc.Infrastructure.ControllerActionInvoker[102]
      Route matched with {action = "GetPolicies", controller = "Permissions"}. Executing controller action with signature System.Threading.Tasks.Task`1[Microsoft.AspNetCore.Mvc.IActionResult] GetPolicies() on controller McpRouter.Controllers.PermissionsController (mcp-router).
info: Microsoft.AspNetCore.Mvc.Infrastructure.ControllerActionInvoker[102]
      Route matched with {action = "GetMappings", controller = "Permissions"}. Executing controller action with signature System.Threading.Tasks.Task`1[Microsoft.AspNetCore.Mvc.IActionResult] GetMappings() on controller McpRouter.Controllers.PermissionsController (mcp-router).
info: Microsoft.AspNetCore.Mvc.Infrastructure.ObjectResultExecutor[1]
      Executing OkObjectResult, writing value of type 'System.Collections.Generic.List`1[[McpRouter.Models.McpAccessPolicy, mcp-router, Version=2.22.0.0, Culture=neutral, PublicKeyToken=null]]'.
info: Microsoft.AspNetCore.Mvc.Infrastructure.ObjectResultExecutor[1]
      Executing OkObjectResult, writing value of type 'System.Collections.Generic.List`1[[McpRouter.Models.GroupMapping, mcp-router, Version=2.22.0.0, Culture=neutral, PublicKeyToken=null]]'.
info: Microsoft.AspNetCore.Mvc.Infrastructure.ControllerActionInvoker[105]
      Executed action McpRouter.Controllers.PermissionsController.GetPolicies (mcp-router) in 4.4038ms
info: Microsoft.AspNetCore.Routing.EndpointMiddleware[1]
      Executed endpoint 'McpRouter.Controllers.PermissionsController.GetPolicies (mcp-router)'
info: Microsoft.AspNetCore.Hosting.Diagnostics[2]
      Request finished HTTP/1.1 GET http://localhost:5000/api/permissions/policies - 200 - application/json;+charset=utf-8 13.2187ms
info: Microsoft.AspNetCore.Mvc.Infrastructure.ControllerActionInvoker[105]
      Executed action McpRouter.Controllers.PermissionsController.GetMappings (mcp-router) in 2.6136ms
info: Microsoft.AspNetCore.Routing.EndpointMiddleware[1]
      Executed endpoint 'McpRouter.Controllers.PermissionsController.GetMappings (mcp-router)'
info: Microsoft.AspNetCore.Hosting.Diagnostics[2]
      Request finished HTTP/1.1 GET http://localhost:5000/api/permissions/mappings - 200 - application/json;+charset=utf-8 13.3796ms
info: Microsoft.AspNetCore.Hosting.Diagnostics[1]
      Request starting HTTP/1.1 GET http://localhost:5000/api/approvals - application/json -
info: Program[0]
      Incoming request: GET /api/approvals from ::1. Body: . Headers: Accept: */* | Connection: keep-alive | Host: localhost:5000 | User-Agent: Mozilla/5.0 (X11; Linux x86_64) AppleWebKit/537.36 (KHTML, like Gecko) HeadlessChrome/145.0.7632.6 Safari/537.36 | Accept-Encoding: gzip, deflate, br, zstd | Content-Type: application/json | Referer: http://localhost:5000/ | sec-ch-ua-platform: "Linux" | sec-ch-ua: "Not:A-Brand";v="99", "HeadlessChrome";v="145", "Chromium";v="145" | sec-ch-ua-mobile: ?0 | Sec-Fetch-Site: same-origin | Sec-Fetch-Mode: cors | Sec-Fetch-Dest: empty
info: Microsoft.AspNetCore.Routing.EndpointMiddleware[0]
      Executing endpoint 'HTTP: GET /api/approvals'
info: Microsoft.AspNetCore.Http.Result.OkObjectResult[1]
      Setting HTTP status code 200.
info: Microsoft.AspNetCore.Http.Result.OkObjectResult[3]
      Writing value of type 'List`1' as Json.
info: Microsoft.AspNetCore.Routing.EndpointMiddleware[1]
      Executed endpoint 'HTTP: GET /api/approvals'
info: Microsoft.AspNetCore.Hosting.Diagnostics[2]
      Request finished HTTP/1.1 GET http://localhost:5000/api/approvals - 200 - application/json;+charset=utf-8 1.3093ms
info: Microsoft.AspNetCore.Hosting.Diagnostics[1]
      Request starting HTTP/1.1 GET http://localhost:5000/api/approvals - application/json -
info: Program[0]
      Incoming request: GET /api/approvals from ::1. Body: . Headers: Accept: */* | Connection: keep-alive | Host: localhost:5000 | User-Agent: Mozilla/5.0 (X11; Linux x86_64) AppleWebKit/537.36 (KHTML, like Gecko) HeadlessChrome/145.0.7632.6 Safari/537.36 | Accept-Encoding: gzip, deflate, br, zstd | Content-Type: application/json | Referer: http://localhost:5000/ | sec-ch-ua-platform: "Linux" | sec-ch-ua: "Not:A-Brand";v="99", "HeadlessChrome";v="145", "Chromium";v="145" | sec-ch-ua-mobile: ?0 | Sec-Fetch-Site: same-origin | Sec-Fetch-Mode: cors | Sec-Fetch-Dest: empty
info: Microsoft.AspNetCore.Routing.EndpointMiddleware[0]
      Executing endpoint 'HTTP: GET /api/approvals'
info: Microsoft.AspNetCore.Http.Result.OkObjectResult[1]
      Setting HTTP status code 200.
info: Microsoft.AspNetCore.Http.Result.OkObjectResult[3]
      Writing value of type 'List`1' as Json.
info: Microsoft.AspNetCore.Routing.EndpointMiddleware[1]
      Executed endpoint 'HTTP: GET /api/approvals'
info: Microsoft.AspNetCore.Hosting.Diagnostics[2]
      Request finished HTTP/1.1 GET http://localhost:5000/api/approvals - 200 - application/json;+charset=utf-8 0.6984ms
info: Microsoft.AspNetCore.Hosting.Diagnostics[1]
      Request starting HTTP/1.1 POST http://localhost:5000/api/permissions/policies - application/json 85
info: Microsoft.AspNetCore.Cors.Infrastructure.CorsService[4]
      CORS policy execution successful.
info: Program[0]
      Incoming request: POST /api/permissions/policies from ::1. Body: {"id":"","targetId":"tool:db_read","requiredGroup":"database_users","isAllowed":true}. Headers: Accept: */* | Connection: keep-alive | Host: localhost:5000 | User-Agent: Mozilla/5.0 (X11; Linux x86_64) AppleWebKit/537.36 (KHTML, like Gecko) HeadlessChrome/145.0.7632.6 Safari/537.36 | Accept-Encoding: gzip, deflate, br, zstd | Content-Type: application/json | Origin: http://localhost:5000 | Referer: http://localhost:5000/ | Content-Length: 85 | sec-ch-ua-platform: "Linux" | sec-ch-ua: "Not:A-Brand";v="99", "HeadlessChrome";v="145", "Chromium";v="145" | sec-ch-ua-mobile: ?0 | Sec-Fetch-Site: same-origin | Sec-Fetch-Mode: cors | Sec-Fetch-Dest: empty
info: Microsoft.AspNetCore.Routing.EndpointMiddleware[0]
      Executing endpoint 'McpRouter.Controllers.PermissionsController.SavePolicy (mcp-router)'
info: Microsoft.AspNetCore.Mvc.Infrastructure.ControllerActionInvoker[102]
      Route matched with {action = "SavePolicy", controller = "Permissions"}. Executing controller action with signature System.Threading.Tasks.Task`1[Microsoft.AspNetCore.Mvc.IActionResult] SavePolicy(McpRouter.Models.McpAccessPolicy) on controller McpRouter.Controllers.PermissionsController (mcp-router).
info: Microsoft.AspNetCore.Mvc.Infrastructure.ObjectResultExecutor[1]
      Executing OkObjectResult, writing value of type '<>f__AnonymousType4`2[[System.Boolean, System.Private.CoreLib, Version=10.0.0.0, Culture=neutral, PublicKeyToken=7cec85d7bea7798e],[McpRouter.Models.McpAccessPolicy, mcp-router, Version=2.22.0.0, Culture=neutral, PublicKeyToken=null]]'.
info: Microsoft.AspNetCore.Mvc.Infrastructure.ControllerActionInvoker[105]
      Executed action McpRouter.Controllers.PermissionsController.SavePolicy (mcp-router) in 55.168ms
info: Microsoft.AspNetCore.Routing.EndpointMiddleware[1]
      Executed endpoint 'McpRouter.Controllers.PermissionsController.SavePolicy (mcp-router)'
info: Microsoft.AspNetCore.Hosting.Diagnostics[2]
      Request finished HTTP/1.1 POST http://localhost:5000/api/permissions/policies - 200 - application/json;+charset=utf-8 73.9349ms
info: Microsoft.AspNetCore.Hosting.Diagnostics[1]
      Request starting HTTP/1.1 GET http://localhost:5000/api/permissions/policies - application/json -
info: Program[0]
      Incoming request: GET /api/permissions/policies from ::1. Body: . Headers: Accept: */* | Connection: keep-alive | Host: localhost:5000 | User-Agent: Mozilla/5.0 (X11; Linux x86_64) AppleWebKit/537.36 (KHTML, like Gecko) HeadlessChrome/145.0.7632.6 Safari/537.36 | Accept-Encoding: gzip, deflate, br, zstd | Content-Type: application/json | Referer: http://localhost:5000/ | sec-ch-ua-platform: "Linux" | sec-ch-ua: "Not:A-Brand";v="99", "HeadlessChrome";v="145", "Chromium";v="145" | sec-ch-ua-mobile: ?0 | Sec-Fetch-Site: same-origin | Sec-Fetch-Mode: cors | Sec-Fetch-Dest: empty
info: Microsoft.AspNetCore.Routing.EndpointMiddleware[0]
      Executing endpoint 'McpRouter.Controllers.PermissionsController.GetPolicies (mcp-router)'
info: Microsoft.AspNetCore.Mvc.Infrastructure.ControllerActionInvoker[102]
      Route matched with {action = "GetPolicies", controller = "Permissions"}. Executing controller action with signature System.Threading.Tasks.Task`1[Microsoft.AspNetCore.Mvc.IActionResult] GetPolicies() on controller McpRouter.Controllers.PermissionsController (mcp-router).
info: Microsoft.AspNetCore.Mvc.Infrastructure.ObjectResultExecutor[1]
      Executing OkObjectResult, writing value of type 'System.Collections.Generic.List`1[[McpRouter.Models.McpAccessPolicy, mcp-router, Version=2.22.0.0, Culture=neutral, PublicKeyToken=null]]'.
info: Microsoft.AspNetCore.Mvc.Infrastructure.ControllerActionInvoker[105]
      Executed action McpRouter.Controllers.PermissionsController.GetPolicies (mcp-router) in 1.1472ms
info: Microsoft.AspNetCore.Routing.EndpointMiddleware[1]
      Executed endpoint 'McpRouter.Controllers.PermissionsController.GetPolicies (mcp-router)'
info: Microsoft.AspNetCore.Hosting.Diagnostics[2]
      Request finished HTTP/1.1 GET http://localhost:5000/api/permissions/policies - 200 - application/json;+charset=utf-8 1.8372ms
info: Microsoft.EntityFrameworkCore.Database.Command[20101]
      Executed DbCommand (0ms) [Parameters=[], CommandType='Text', CommandTimeout='30']
      SELECT "s"."Id", "s"."ApiKey", "s"."AuthShape", "s"."AutoDiscovered", "s"."Categories", "s"."CustomHeaderName", "s"."DisplayName", "s"."Enabled", "s"."HeadersJson", "s"."Hidden", "s"."SecretItemKey", "s"."SecretProvider", "s"."Type", "s"."Url"
      FROM "Servers" AS "s"
      WHERE "s"."AutoDiscovered"
info: Microsoft.EntityFrameworkCore.Database.Command[20101]
      Executed DbCommand (0ms) [Parameters=[], CommandType='Text', CommandTimeout='30']
      SELECT "s"."Id", "s"."ApiKey", "s"."AuthShape", "s"."AutoDiscovered", "s"."Categories", "s"."CustomHeaderName", "s"."DisplayName", "s"."Enabled", "s"."HeadersJson", "s"."Hidden", "s"."SecretItemKey", "s"."SecretProvider", "s"."Type", "s"."Url"
      FROM "Servers" AS "s"
      WHERE "s"."Enabled"
info: System.Net.Http.HttpClient.McpClient.LogicalHandler[100]
      Start processing HTTP request GET http://docker-mcp:8000/sse
info: System.Net.Http.HttpClient.McpClient.ClientHandler[100]
      Sending HTTP request GET http://docker-mcp:8000/sse
info: System.Net.Http.HttpClient.McpClient.LogicalHandler[100]
      Start processing HTTP request GET http://mcp-arr-4k:3000/mcp
info: System.Net.Http.HttpClient.McpClient.ClientHandler[100]
      Sending HTTP request GET http://mcp-arr-4k:3000/mcp
info: System.Net.Http.HttpClient.McpClient.LogicalHandler[100]
      Start processing HTTP request GET http://mcp-arr-hd:3000/mcp
info: System.Net.Http.HttpClient.McpClient.ClientHandler[100]
      Sending HTTP request GET http://mcp-arr-hd:3000/mcp
info: System.Net.Http.HttpClient.McpClient.ClientHandler[104]
      HTTP request failed after 3.0147ms
      System.Net.Http.HttpRequestException: Name or service not known (docker-mcp:8000)
       ---> System.Net.Sockets.SocketException (0xFFFDFFFF): Name or service not known
         at System.Net.Sockets.Socket.AwaitableSocketAsyncEventArgs.ThrowException(SocketError error, CancellationToken cancellationToken)
         at System.Net.Sockets.Socket.AwaitableSocketAsyncEventArgs.System.Threading.Tasks.Sources.IValueTaskSource.GetResult(Int16 token)
         at System.Net.Http.HttpConnectionPool.ConnectToTcpHostAsync(String host, Int32 port, HttpRequestMessage initialRequest, Boolean async, CancellationToken cancellationToken)
         --- End of inner exception stack trace ---
         at System.Net.Http.HttpConnectionPool.ConnectToTcpHostAsync(String host, Int32 port, HttpRequestMessage initialRequest, Boolean async, CancellationToken cancellationToken)
         at System.Net.Http.HttpConnectionPool.ConnectAsync(HttpRequestMessage request, Boolean async, CancellationToken cancellationToken)
         at System.Net.Http.HttpConnectionPool.CreateHttp11ConnectionAsync(HttpRequestMessage request, Boolean async, CancellationToken cancellationToken)
         at System.Net.Http.HttpConnectionPool.InjectNewHttp11ConnectionAsync(QueueItem queueItem)
         at System.Threading.Tasks.TaskCompletionSourceWithCancellation`1.WaitWithCancellationAsync(CancellationToken cancellationToken)
         at System.Net.Http.HttpConnectionPool.SendWithVersionDetectionAndRetryAsync(HttpRequestMessage request, Boolean async, Boolean doRequestAuth, CancellationToken cancellationToken)
         at System.Net.Http.RedirectHandler.SendAsync(HttpRequestMessage request, Boolean async, CancellationToken cancellationToken)
         at Microsoft.Extensions.Http.Logging.LoggingHttpMessageHandler.<SendCoreAsync>g__Core|4_0(HttpRequestMessage request, Boolean useAsync, CancellationToken cancellationToken)
info: System.Net.Http.HttpClient.McpClient.ClientHandler[104]
      HTTP request failed after 3.0503ms
      System.Net.Http.HttpRequestException: Name or service not known (mcp-arr-4k:3000)
       ---> System.Net.Sockets.SocketException (0xFFFDFFFF): Name or service not known
         at System.Net.Sockets.Socket.AwaitableSocketAsyncEventArgs.ThrowException(SocketError error, CancellationToken cancellationToken)
         at System.Net.Sockets.Socket.AwaitableSocketAsyncEventArgs.System.Threading.Tasks.Sources.IValueTaskSource.GetResult(Int16 token)
         at System.Net.Http.HttpConnectionPool.ConnectToTcpHostAsync(String host, Int32 port, HttpRequestMessage initialRequest, Boolean async, CancellationToken cancellationToken)
         --- End of inner exception stack trace ---
         at System.Net.Http.HttpConnectionPool.ConnectToTcpHostAsync(String host, Int32 port, HttpRequestMessage initialRequest, Boolean async, CancellationToken cancellationToken)
         at System.Net.Http.HttpConnectionPool.ConnectAsync(HttpRequestMessage request, Boolean async, CancellationToken cancellationToken)
         at System.Net.Http.HttpConnectionPool.CreateHttp11ConnectionAsync(HttpRequestMessage request, Boolean async, CancellationToken cancellationToken)
         at System.Net.Http.HttpConnectionPool.InjectNewHttp11ConnectionAsync(QueueItem queueItem)
         at System.Threading.Tasks.TaskCompletionSourceWithCancellation`1.WaitWithCancellationAsync(CancellationToken cancellationToken)
         at System.Net.Http.HttpConnectionPool.SendWithVersionDetectionAndRetryAsync(HttpRequestMessage request, Boolean async, Boolean doRequestAuth, CancellationToken cancellationToken)
         at System.Net.Http.RedirectHandler.SendAsync(HttpRequestMessage request, Boolean async, CancellationToken cancellationToken)
         at Microsoft.Extensions.Http.Logging.LoggingHttpMessageHandler.<SendCoreAsync>g__Core|4_0(HttpRequestMessage request, Boolean useAsync, CancellationToken cancellationToken)
info: System.Net.Http.HttpClient.McpClient.LogicalHandler[104]
      HTTP request failed after 3.9301ms
      System.Net.Http.HttpRequestException: Name or service not known (docker-mcp:8000)
       ---> System.Net.Sockets.SocketException (0xFFFDFFFF): Name or service not known
         at System.Net.Sockets.Socket.AwaitableSocketAsyncEventArgs.ThrowException(SocketError error, CancellationToken cancellationToken)
         at System.Net.Sockets.Socket.AwaitableSocketAsyncEventArgs.System.Threading.Tasks.Sources.IValueTaskSource.GetResult(Int16 token)
         at System.Net.Http.HttpConnectionPool.ConnectToTcpHostAsync(String host, Int32 port, HttpRequestMessage initialRequest, Boolean async, CancellationToken cancellationToken)
         --- End of inner exception stack trace ---
         at System.Net.Http.HttpConnectionPool.ConnectToTcpHostAsync(String host, Int32 port, HttpRequestMessage initialRequest, Boolean async, CancellationToken cancellationToken)
         at System.Net.Http.HttpConnectionPool.ConnectAsync(HttpRequestMessage request, Boolean async, CancellationToken cancellationToken)
         at System.Net.Http.HttpConnectionPool.CreateHttp11ConnectionAsync(HttpRequestMessage request, Boolean async, CancellationToken cancellationToken)
         at System.Net.Http.HttpConnectionPool.InjectNewHttp11ConnectionAsync(QueueItem queueItem)
         at System.Threading.Tasks.TaskCompletionSourceWithCancellation`1.WaitWithCancellationAsync(CancellationToken cancellationToken)
         at System.Net.Http.HttpConnectionPool.SendWithVersionDetectionAndRetryAsync(HttpRequestMessage request, Boolean async, Boolean doRequestAuth, CancellationToken cancellationToken)
         at System.Net.Http.RedirectHandler.SendAsync(HttpRequestMessage request, Boolean async, CancellationToken cancellationToken)
         at Microsoft.Extensions.Http.Logging.LoggingHttpMessageHandler.<SendCoreAsync>g__Core|4_0(HttpRequestMessage request, Boolean useAsync, CancellationToken cancellationToken)
         at Microsoft.Extensions.Http.Logging.LoggingScopeHttpMessageHandler.<SendCoreAsync>g__Core|4_0(HttpRequestMessage request, Boolean useAsync, CancellationToken cancellationToken)
info: System.Net.Http.HttpClient.McpClient.LogicalHandler[104]
      HTTP request failed after 4.0367ms
      System.Net.Http.HttpRequestException: Name or service not known (mcp-arr-4k:3000)
       ---> System.Net.Sockets.SocketException (0xFFFDFFFF): Name or service not known
         at System.Net.Sockets.Socket.AwaitableSocketAsyncEventArgs.ThrowException(SocketError error, CancellationToken cancellationToken)
         at System.Net.Sockets.Socket.AwaitableSocketAsyncEventArgs.System.Threading.Tasks.Sources.IValueTaskSource.GetResult(Int16 token)
         at System.Net.Http.HttpConnectionPool.ConnectToTcpHostAsync(String host, Int32 port, HttpRequestMessage initialRequest, Boolean async, CancellationToken cancellationToken)
         --- End of inner exception stack trace ---
         at System.Net.Http.HttpConnectionPool.ConnectToTcpHostAsync(String host, Int32 port, HttpRequestMessage initialRequest, Boolean async, CancellationToken cancellationToken)
         at System.Net.Http.HttpConnectionPool.ConnectAsync(HttpRequestMessage request, Boolean async, CancellationToken cancellationToken)
         at System.Net.Http.HttpConnectionPool.CreateHttp11ConnectionAsync(HttpRequestMessage request, Boolean async, CancellationToken cancellationToken)
         at System.Net.Http.HttpConnectionPool.InjectNewHttp11ConnectionAsync(QueueItem queueItem)
         at System.Threading.Tasks.TaskCompletionSourceWithCancellation`1.WaitWithCancellationAsync(CancellationToken cancellationToken)
         at System.Net.Http.HttpConnectionPool.SendWithVersionDetectionAndRetryAsync(HttpRequestMessage request, Boolean async, Boolean doRequestAuth, CancellationToken cancellationToken)
         at System.Net.Http.RedirectHandler.SendAsync(HttpRequestMessage request, Boolean async, CancellationToken cancellationToken)
         at Microsoft.Extensions.Http.Logging.LoggingHttpMessageHandler.<SendCoreAsync>g__Core|4_0(HttpRequestMessage request, Boolean useAsync, CancellationToken cancellationToken)
         at Microsoft.Extensions.Http.Logging.LoggingScopeHttpMessageHandler.<SendCoreAsync>g__Core|4_0(HttpRequestMessage request, Boolean useAsync, CancellationToken cancellationToken)
info: System.Net.Http.HttpClient.McpClient.ClientHandler[104]
      HTTP request failed after 5.9383ms
      System.Net.Http.HttpRequestException: Name or service not known (mcp-arr-hd:3000)
       ---> System.Net.Sockets.SocketException (0xFFFDFFFF): Name or service not known
         at System.Net.Sockets.Socket.AwaitableSocketAsyncEventArgs.ThrowException(SocketError error, CancellationToken cancellationToken)
         at System.Net.Sockets.Socket.AwaitableSocketAsyncEventArgs.System.Threading.Tasks.Sources.IValueTaskSource.GetResult(Int16 token)
         at System.Net.Http.HttpConnectionPool.ConnectToTcpHostAsync(String host, Int32 port, HttpRequestMessage initialRequest, Boolean async, CancellationToken cancellationToken)
         --- End of inner exception stack trace ---
         at System.Net.Http.HttpConnectionPool.ConnectToTcpHostAsync(String host, Int32 port, HttpRequestMessage initialRequest, Boolean async, CancellationToken cancellationToken)
         at System.Net.Http.HttpConnectionPool.ConnectAsync(HttpRequestMessage request, Boolean async, CancellationToken cancellationToken)
         at System.Net.Http.HttpConnectionPool.CreateHttp11ConnectionAsync(HttpRequestMessage request, Boolean async, CancellationToken cancellationToken)
         at System.Net.Http.HttpConnectionPool.InjectNewHttp11ConnectionAsync(QueueItem queueItem)
         at System.Threading.Tasks.TaskCompletionSourceWithCancellation`1.WaitWithCancellationAsync(CancellationToken cancellationToken)
         at System.Net.Http.HttpConnectionPool.SendWithVersionDetectionAndRetryAsync(HttpRequestMessage request, Boolean async, Boolean doRequestAuth, CancellationToken cancellationToken)
         at System.Net.Http.RedirectHandler.SendAsync(HttpRequestMessage request, Boolean async, CancellationToken cancellationToken)
         at Microsoft.Extensions.Http.Logging.LoggingHttpMessageHandler.<SendCoreAsync>g__Core|4_0(HttpRequestMessage request, Boolean useAsync, CancellationToken cancellationToken)
info: System.Net.Http.HttpClient.McpClient.LogicalHandler[104]
      HTTP request failed after 6.6949ms
      System.Net.Http.HttpRequestException: Name or service not known (mcp-arr-hd:3000)
       ---> System.Net.Sockets.SocketException (0xFFFDFFFF): Name or service not known
         at System.Net.Sockets.Socket.AwaitableSocketAsyncEventArgs.ThrowException(SocketError error, CancellationToken cancellationToken)
         at System.Net.Sockets.Socket.AwaitableSocketAsyncEventArgs.System.Threading.Tasks.Sources.IValueTaskSource.GetResult(Int16 token)
         at System.Net.Http.HttpConnectionPool.ConnectToTcpHostAsync(String host, Int32 port, HttpRequestMessage initialRequest, Boolean async, CancellationToken cancellationToken)
         --- End of inner exception stack trace ---
         at System.Net.Http.HttpConnectionPool.ConnectToTcpHostAsync(String host, Int32 port, HttpRequestMessage initialRequest, Boolean async, CancellationToken cancellationToken)
         at System.Net.Http.HttpConnectionPool.ConnectAsync(HttpRequestMessage request, Boolean async, CancellationToken cancellationToken)
         at System.Net.Http.HttpConnectionPool.CreateHttp11ConnectionAsync(HttpRequestMessage request, Boolean async, CancellationToken cancellationToken)
         at System.Net.Http.HttpConnectionPool.InjectNewHttp11ConnectionAsync(QueueItem queueItem)
         at System.Threading.Tasks.TaskCompletionSourceWithCancellation`1.WaitWithCancellationAsync(CancellationToken cancellationToken)
         at System.Net.Http.HttpConnectionPool.SendWithVersionDetectionAndRetryAsync(HttpRequestMessage request, Boolean async, Boolean doRequestAuth, CancellationToken cancellationToken)
         at System.Net.Http.RedirectHandler.SendAsync(HttpRequestMessage request, Boolean async, CancellationToken cancellationToken)
         at Microsoft.Extensions.Http.Logging.LoggingHttpMessageHandler.<SendCoreAsync>g__Core|4_0(HttpRequestMessage request, Boolean useAsync, CancellationToken cancellationToken)
         at Microsoft.Extensions.Http.Logging.LoggingScopeHttpMessageHandler.<SendCoreAsync>g__Core|4_0(HttpRequestMessage request, Boolean useAsync, CancellationToken cancellationToken)
info: Microsoft.AspNetCore.Hosting.Diagnostics[1]
      Request starting HTTP/1.1 GET http://localhost:5000/api/approvals - application/json -
info: Program[0]
      Incoming request: GET /api/approvals from ::1. Body: . Headers: Accept: */* | Connection: keep-alive | Host: localhost:5000 | User-Agent: Mozilla/5.0 (X11; Linux x86_64) AppleWebKit/537.36 (KHTML, like Gecko) HeadlessChrome/145.0.7632.6 Safari/537.36 | Accept-Encoding: gzip, deflate, br, zstd | Content-Type: application/json | Referer: http://localhost:5000/ | sec-ch-ua-platform: "Linux" | sec-ch-ua: "Not:A-Brand";v="99", "HeadlessChrome";v="145", "Chromium";v="145" | sec-ch-ua-mobile: ?0 | Sec-Fetch-Site: same-origin | Sec-Fetch-Mode: cors | Sec-Fetch-Dest: empty
info: Microsoft.AspNetCore.Routing.EndpointMiddleware[0]
      Executing endpoint 'HTTP: GET /api/approvals'
info: Microsoft.AspNetCore.Http.Result.OkObjectResult[1]
      Setting HTTP status code 200.
info: Microsoft.AspNetCore.Http.Result.OkObjectResult[3]
      Writing value of type 'List`1' as Json.
info: Microsoft.AspNetCore.Routing.EndpointMiddleware[1]
      Executed endpoint 'HTTP: GET /api/approvals'
info: Microsoft.AspNetCore.Hosting.Diagnostics[2]
      Request finished HTTP/1.1 GET http://localhost:5000/api/approvals - 200 - application/json;+charset=utf-8 0.8377ms
info: Microsoft.AspNetCore.Hosting.Diagnostics[1]
      Request starting HTTP/1.1 POST http://localhost:5000/api/permissions/mappings - application/json 69
info: Microsoft.AspNetCore.Cors.Infrastructure.CorsService[4]
      CORS policy execution successful.
info: Program[0]
      Incoming request: POST /api/permissions/mappings from ::1. Body: {"id":"","externalId":"S-1-5-12345","internalGroup":"database_users"}. Headers: Accept: */* | Connection: keep-alive | Host: localhost:5000 | User-Agent: Mozilla/5.0 (X11; Linux x86_64) AppleWebKit/537.36 (KHTML, like Gecko) HeadlessChrome/145.0.7632.6 Safari/537.36 | Accept-Encoding: gzip, deflate, br, zstd | Content-Type: application/json | Origin: http://localhost:5000 | Referer: http://localhost:5000/ | Content-Length: 69 | sec-ch-ua-platform: "Linux" | sec-ch-ua: "Not:A-Brand";v="99", "HeadlessChrome";v="145", "Chromium";v="145" | sec-ch-ua-mobile: ?0 | Sec-Fetch-Site: same-origin | Sec-Fetch-Mode: cors | Sec-Fetch-Dest: empty
info: Microsoft.AspNetCore.Routing.EndpointMiddleware[0]
      Executing endpoint 'McpRouter.Controllers.PermissionsController.SaveMapping (mcp-router)'
info: Microsoft.AspNetCore.Mvc.Infrastructure.ControllerActionInvoker[102]
      Route matched with {action = "SaveMapping", controller = "Permissions"}. Executing controller action with signature System.Threading.Tasks.Task`1[Microsoft.AspNetCore.Mvc.IActionResult] SaveMapping(McpRouter.Models.GroupMapping) on controller McpRouter.Controllers.PermissionsController (mcp-router).
info: Microsoft.AspNetCore.Mvc.Infrastructure.ObjectResultExecutor[1]
      Executing OkObjectResult, writing value of type '<>f__AnonymousType7`2[[System.Boolean, System.Private.CoreLib, Version=10.0.0.0, Culture=neutral, PublicKeyToken=7cec85d7bea7798e],[McpRouter.Models.GroupMapping, mcp-router, Version=2.22.0.0, Culture=neutral, PublicKeyToken=null]]'.
info: Microsoft.AspNetCore.Mvc.Infrastructure.ControllerActionInvoker[105]
      Executed action McpRouter.Controllers.PermissionsController.SaveMapping (mcp-router) in 11.3732ms
info: Microsoft.AspNetCore.Routing.EndpointMiddleware[1]
      Executed endpoint 'McpRouter.Controllers.PermissionsController.SaveMapping (mcp-router)'
info: Microsoft.AspNetCore.Hosting.Diagnostics[2]
      Request finished HTTP/1.1 POST http://localhost:5000/api/permissions/mappings - 200 - application/json;+charset=utf-8 26.8892ms
info: Microsoft.AspNetCore.Hosting.Diagnostics[1]
      Request starting HTTP/1.1 GET http://localhost:5000/api/permissions/mappings - application/json -
info: Program[0]
      Incoming request: GET /api/permissions/mappings from ::1. Body: . Headers: Accept: */* | Connection: keep-alive | Host: localhost:5000 | User-Agent: Mozilla/5.0 (X11; Linux x86_64) AppleWebKit/537.36 (KHTML, like Gecko) HeadlessChrome/145.0.7632.6 Safari/537.36 | Accept-Encoding: gzip, deflate, br, zstd | Content-Type: application/json | Referer: http://localhost:5000/ | sec-ch-ua-platform: "Linux" | sec-ch-ua: "Not:A-Brand";v="99", "HeadlessChrome";v="145", "Chromium";v="145" | sec-ch-ua-mobile: ?0 | Sec-Fetch-Site: same-origin | Sec-Fetch-Mode: cors | Sec-Fetch-Dest: empty
info: Microsoft.AspNetCore.Routing.EndpointMiddleware[0]
      Executing endpoint 'McpRouter.Controllers.PermissionsController.GetMappings (mcp-router)'
info: Microsoft.AspNetCore.Mvc.Infrastructure.ControllerActionInvoker[102]
      Route matched with {action = "GetMappings", controller = "Permissions"}. Executing controller action with signature System.Threading.Tasks.Task`1[Microsoft.AspNetCore.Mvc.IActionResult] GetMappings() on controller McpRouter.Controllers.PermissionsController (mcp-router).
info: Microsoft.AspNetCore.Mvc.Infrastructure.ObjectResultExecutor[1]
      Executing OkObjectResult, writing value of type 'System.Collections.Generic.List`1[[McpRouter.Models.GroupMapping, mcp-router, Version=2.22.0.0, Culture=neutral, PublicKeyToken=null]]'.
info: Microsoft.AspNetCore.Mvc.Infrastructure.ControllerActionInvoker[105]
      Executed action McpRouter.Controllers.PermissionsController.GetMappings (mcp-router) in 0.9416ms
info: Microsoft.AspNetCore.Routing.EndpointMiddleware[1]
      Executed endpoint 'McpRouter.Controllers.PermissionsController.GetMappings (mcp-router)'
info: Microsoft.AspNetCore.Hosting.Diagnostics[2]
      Request finished HTTP/1.1 GET http://localhost:5000/api/permissions/mappings - 200 - application/json;+charset=utf-8 1.7776ms
info: Microsoft.AspNetCore.Hosting.Diagnostics[1]
      Request starting HTTP/1.1 GET http://localhost:5000/api/servers - application/json -
info: Microsoft.AspNetCore.Hosting.Diagnostics[1]
      Request starting HTTP/1.1 GET http://localhost:5000/api/approvals - application/json -
info: Program[0]
      Incoming request: GET /api/servers from ::1. Body: . Headers: Accept: */* | Connection: keep-alive | Host: localhost:5000 | User-Agent: Mozilla/5.0 (X11; Linux x86_64) AppleWebKit/537.36 (KHTML, like Gecko) HeadlessChrome/145.0.7632.6 Safari/537.36 | Accept-Encoding: gzip, deflate, br, zstd | Content-Type: application/json | Referer: http://localhost:5000/ | sec-ch-ua-platform: "Linux" | sec-ch-ua: "Not:A-Brand";v="99", "HeadlessChrome";v="145", "Chromium";v="145" | sec-ch-ua-mobile: ?0 | Sec-Fetch-Site: same-origin | Sec-Fetch-Mode: cors | Sec-Fetch-Dest: empty
info: Microsoft.AspNetCore.Routing.EndpointMiddleware[0]
      Executing endpoint 'HTTP: GET /api/servers'
info: Program[0]
      Incoming request: GET /api/approvals from ::1. Body: . Headers: Accept: */* | Connection: keep-alive | Host: localhost:5000 | User-Agent: Mozilla/5.0 (X11; Linux x86_64) AppleWebKit/537.36 (KHTML, like Gecko) HeadlessChrome/145.0.7632.6 Safari/537.36 | Accept-Encoding: gzip, deflate, br, zstd | Content-Type: application/json | Referer: http://localhost:5000/ | sec-ch-ua-platform: "Linux" | sec-ch-ua: "Not:A-Brand";v="99", "HeadlessChrome";v="145", "Chromium";v="145" | sec-ch-ua-mobile: ?0 | Sec-Fetch-Site: same-origin | Sec-Fetch-Mode: cors | Sec-Fetch-Dest: empty
info: Microsoft.AspNetCore.Routing.EndpointMiddleware[0]
      Executing endpoint 'HTTP: GET /api/approvals'
info: Microsoft.AspNetCore.Http.Result.OkObjectResult[1]
      Setting HTTP status code 200.
info: Microsoft.AspNetCore.Http.Result.OkObjectResult[3]
      Writing value of type 'List`1' as Json.
info: Microsoft.AspNetCore.Routing.EndpointMiddleware[1]
      Executed endpoint 'HTTP: GET /api/approvals'
info: Microsoft.AspNetCore.Hosting.Diagnostics[2]
      Request finished HTTP/1.1 GET http://localhost:5000/api/approvals - 200 - application/json;+charset=utf-8 0.6557ms
info: Microsoft.EntityFrameworkCore.Database.Command[20101]
      Executed DbCommand (0ms) [Parameters=[], CommandType='Text', CommandTimeout='30']
      SELECT "s"."Id", "s"."ApiKey", "s"."AuthShape", "s"."AutoDiscovered", "s"."Categories", "s"."CustomHeaderName", "s"."DisplayName", "s"."Enabled", "s"."HeadersJson", "s"."Hidden", "s"."SecretItemKey", "s"."SecretProvider", "s"."Type", "s"."Url"
      FROM "Servers" AS "s"
info: Microsoft.AspNetCore.Http.Result.OkObjectResult[1]
      Setting HTTP status code 200.
info: Microsoft.AspNetCore.Http.Result.OkObjectResult[3]
      Writing value of type 'ListSelectIterator`2' as Json.
info: Microsoft.AspNetCore.Routing.EndpointMiddleware[1]
      Executed endpoint 'HTTP: GET /api/servers'
info: Microsoft.AspNetCore.Hosting.Diagnostics[2]
      Request finished HTTP/1.1 GET http://localhost:5000/api/servers - 200 - application/json;+charset=utf-8 3.0450ms
info: Microsoft.EntityFrameworkCore.Database.Command[20101]
      Executed DbCommand (0ms) [Parameters=[], CommandType='Text', CommandTimeout='30']
      SELECT "s"."Id", "s"."ApiKey", "s"."AuthShape", "s"."AutoDiscovered", "s"."Categories", "s"."CustomHeaderName", "s"."DisplayName", "s"."Enabled", "s"."HeadersJson", "s"."Hidden", "s"."SecretItemKey", "s"."SecretProvider", "s"."Type", "s"."Url"
      FROM "Servers" AS "s"
      WHERE "s"."AutoDiscovered"
info: Microsoft.EntityFrameworkCore.Database.Command[20101]
      Executed DbCommand (0ms) [Parameters=[], CommandType='Text', CommandTimeout='30']
      SELECT "s"."Id", "s"."ApiKey", "s"."AuthShape", "s"."AutoDiscovered", "s"."Categories", "s"."CustomHeaderName", "s"."DisplayName", "s"."Enabled", "s"."HeadersJson", "s"."Hidden", "s"."SecretItemKey", "s"."SecretProvider", "s"."Type", "s"."Url"
      FROM "Servers" AS "s"
      WHERE "s"."Enabled"
info: System.Net.Http.HttpClient.McpClient.LogicalHandler[100]
      Start processing HTTP request GET http://docker-mcp:8000/sse
info: System.Net.Http.HttpClient.McpClient.ClientHandler[100]
      Sending HTTP request GET http://docker-mcp:8000/sse
info: System.Net.Http.HttpClient.McpClient.LogicalHandler[100]
      Start processing HTTP request GET http://mcp-arr-4k:3000/mcp
info: System.Net.Http.HttpClient.McpClient.ClientHandler[100]
      Sending HTTP request GET http://mcp-arr-4k:3000/mcp
info: System.Net.Http.HttpClient.McpClient.LogicalHandler[100]
      Start processing HTTP request GET http://mcp-arr-hd:3000/mcp
info: System.Net.Http.HttpClient.McpClient.ClientHandler[100]
      Sending HTTP request GET http://mcp-arr-hd:3000/mcp
info: System.Net.Http.HttpClient.McpClient.ClientHandler[104]
      HTTP request failed after 2.807ms
      System.Net.Http.HttpRequestException: Name or service not known (docker-mcp:8000)
       ---> System.Net.Sockets.SocketException (0xFFFDFFFF): Name or service not known
         at System.Net.Sockets.Socket.AwaitableSocketAsyncEventArgs.System.Threading.Tasks.Sources.IValueTaskSource.GetResult(Int16 token)
         at System.Net.Http.HttpConnectionPool.ConnectToTcpHostAsync(String host, Int32 port, HttpRequestMessage initialRequest, Boolean async, CancellationToken cancellationToken)
         --- End of inner exception stack trace ---
         at System.Net.Http.HttpConnectionPool.ConnectToTcpHostAsync(String host, Int32 port, HttpRequestMessage initialRequest, Boolean async, CancellationToken cancellationToken)
         at System.Net.Http.HttpConnectionPool.ConnectAsync(HttpRequestMessage request, Boolean async, CancellationToken cancellationToken)
         at System.Net.Http.HttpConnectionPool.CreateHttp11ConnectionAsync(HttpRequestMessage request, Boolean async, CancellationToken cancellationToken)
         at System.Net.Http.HttpConnectionPool.InjectNewHttp11ConnectionAsync(QueueItem queueItem)
         at System.Threading.Tasks.TaskCompletionSourceWithCancellation`1.WaitWithCancellationAsync(CancellationToken cancellationToken)
         at System.Net.Http.HttpConnectionPool.SendWithVersionDetectionAndRetryAsync(HttpRequestMessage request, Boolean async, Boolean doRequestAuth, CancellationToken cancellationToken)
         at System.Net.Http.RedirectHandler.SendAsync(HttpRequestMessage request, Boolean async, CancellationToken cancellationToken)
         at Microsoft.Extensions.Http.Logging.LoggingHttpMessageHandler.<SendCoreAsync>g__Core|4_0(HttpRequestMessage request, Boolean useAsync, CancellationToken cancellationToken)
info: System.Net.Http.HttpClient.McpClient.ClientHandler[104]
      HTTP request failed after 3.3688ms
      System.Net.Http.HttpRequestException: Name or service not known (mcp-arr-4k:3000)
       ---> System.Net.Sockets.SocketException (0xFFFDFFFF): Name or service not known
         at System.Net.Sockets.Socket.AwaitableSocketAsyncEventArgs.System.Threading.Tasks.Sources.IValueTaskSource.GetResult(Int16 token)
         at System.Net.Http.HttpConnectionPool.ConnectToTcpHostAsync(String host, Int32 port, HttpRequestMessage initialRequest, Boolean async, CancellationToken cancellationToken)
         --- End of inner exception stack trace ---
         at System.Net.Http.HttpConnectionPool.ConnectToTcpHostAsync(String host, Int32 port, HttpRequestMessage initialRequest, Boolean async, CancellationToken cancellationToken)
         at System.Net.Http.HttpConnectionPool.ConnectAsync(HttpRequestMessage request, Boolean async, CancellationToken cancellationToken)
         at System.Net.Http.HttpConnectionPool.CreateHttp11ConnectionAsync(HttpRequestMessage request, Boolean async, CancellationToken cancellationToken)
         at System.Net.Http.HttpConnectionPool.InjectNewHttp11ConnectionAsync(QueueItem queueItem)
         at System.Threading.Tasks.TaskCompletionSourceWithCancellation`1.WaitWithCancellationAsync(CancellationToken cancellationToken)
         at System.Net.Http.HttpConnectionPool.SendWithVersionDetectionAndRetryAsync(HttpRequestMessage request, Boolean async, Boolean doRequestAuth, CancellationToken cancellationToken)
         at System.Net.Http.RedirectHandler.SendAsync(HttpRequestMessage request, Boolean async, CancellationToken cancellationToken)
         at Microsoft.Extensions.Http.Logging.LoggingHttpMessageHandler.<SendCoreAsync>g__Core|4_0(HttpRequestMessage request, Boolean useAsync, CancellationToken cancellationToken)
info: System.Net.Http.HttpClient.McpClient.LogicalHandler[104]
      HTTP request failed after 3.8043ms
      System.Net.Http.HttpRequestException: Name or service not known (docker-mcp:8000)
       ---> System.Net.Sockets.SocketException (0xFFFDFFFF): Name or service not known
         at System.Net.Sockets.Socket.AwaitableSocketAsyncEventArgs.System.Threading.Tasks.Sources.IValueTaskSource.GetResult(Int16 token)
         at System.Net.Http.HttpConnectionPool.ConnectToTcpHostAsync(String host, Int32 port, HttpRequestMessage initialRequest, Boolean async, CancellationToken cancellationToken)
         --- End of inner exception stack trace ---
         at System.Net.Http.HttpConnectionPool.ConnectToTcpHostAsync(String host, Int32 port, HttpRequestMessage initialRequest, Boolean async, CancellationToken cancellationToken)
         at System.Net.Http.HttpConnectionPool.ConnectAsync(HttpRequestMessage request, Boolean async, CancellationToken cancellationToken)
         at System.Net.Http.HttpConnectionPool.CreateHttp11ConnectionAsync(HttpRequestMessage request, Boolean async, CancellationToken cancellationToken)
         at System.Net.Http.HttpConnectionPool.InjectNewHttp11ConnectionAsync(QueueItem queueItem)
         at System.Threading.Tasks.TaskCompletionSourceWithCancellation`1.WaitWithCancellationAsync(CancellationToken cancellationToken)
         at System.Net.Http.HttpConnectionPool.SendWithVersionDetectionAndRetryAsync(HttpRequestMessage request, Boolean async, Boolean doRequestAuth, CancellationToken cancellationToken)
         at System.Net.Http.RedirectHandler.SendAsync(HttpRequestMessage request, Boolean async, CancellationToken cancellationToken)
         at Microsoft.Extensions.Http.Logging.LoggingHttpMessageHandler.<SendCoreAsync>g__Core|4_0(HttpRequestMessage request, Boolean useAsync, CancellationToken cancellationToken)
         at Microsoft.Extensions.Http.Logging.LoggingScopeHttpMessageHandler.<SendCoreAsync>g__Core|4_0(HttpRequestMessage request, Boolean useAsync, CancellationToken cancellationToken)
info: System.Net.Http.HttpClient.McpClient.LogicalHandler[104]
      HTTP request failed after 4.4053ms
      System.Net.Http.HttpRequestException: Name or service not known (mcp-arr-4k:3000)
       ---> System.Net.Sockets.SocketException (0xFFFDFFFF): Name or service not known
         at System.Net.Sockets.Socket.AwaitableSocketAsyncEventArgs.System.Threading.Tasks.Sources.IValueTaskSource.GetResult(Int16 token)
         at System.Net.Http.HttpConnectionPool.ConnectToTcpHostAsync(String host, Int32 port, HttpRequestMessage initialRequest, Boolean async, CancellationToken cancellationToken)
         --- End of inner exception stack trace ---
         at System.Net.Http.HttpConnectionPool.ConnectToTcpHostAsync(String host, Int32 port, HttpRequestMessage initialRequest, Boolean async, CancellationToken cancellationToken)
         at System.Net.Http.HttpConnectionPool.ConnectAsync(HttpRequestMessage request, Boolean async, CancellationToken cancellationToken)
         at System.Net.Http.HttpConnectionPool.CreateHttp11ConnectionAsync(HttpRequestMessage request, Boolean async, CancellationToken cancellationToken)
         at System.Net.Http.HttpConnectionPool.InjectNewHttp11ConnectionAsync(QueueItem queueItem)
         at System.Threading.Tasks.TaskCompletionSourceWithCancellation`1.WaitWithCancellationAsync(CancellationToken cancellationToken)
         at System.Net.Http.HttpConnectionPool.SendWithVersionDetectionAndRetryAsync(HttpRequestMessage request, Boolean async, Boolean doRequestAuth, CancellationToken cancellationToken)
         at System.Net.Http.RedirectHandler.SendAsync(HttpRequestMessage request, Boolean async, CancellationToken cancellationToken)
         at Microsoft.Extensions.Http.Logging.LoggingHttpMessageHandler.<SendCoreAsync>g__Core|4_0(HttpRequestMessage request, Boolean useAsync, CancellationToken cancellationToken)
         at Microsoft.Extensions.Http.Logging.LoggingScopeHttpMessageHandler.<SendCoreAsync>g__Core|4_0(HttpRequestMessage request, Boolean useAsync, CancellationToken cancellationToken)
info: System.Net.Http.HttpClient.McpClient.ClientHandler[104]
      HTTP request failed after 5.2901ms
      System.Net.Http.HttpRequestException: Name or service not known (mcp-arr-hd:3000)
       ---> System.Net.Sockets.SocketException (0xFFFDFFFF): Name or service not known
         at System.Net.Sockets.Socket.AwaitableSocketAsyncEventArgs.System.Threading.Tasks.Sources.IValueTaskSource.GetResult(Int16 token)
         at System.Net.Http.HttpConnectionPool.ConnectToTcpHostAsync(String host, Int32 port, HttpRequestMessage initialRequest, Boolean async, CancellationToken cancellationToken)
         --- End of inner exception stack trace ---
         at System.Net.Http.HttpConnectionPool.ConnectToTcpHostAsync(String host, Int32 port, HttpRequestMessage initialRequest, Boolean async, CancellationToken cancellationToken)
         at System.Net.Http.HttpConnectionPool.ConnectAsync(HttpRequestMessage request, Boolean async, CancellationToken cancellationToken)
         at System.Net.Http.HttpConnectionPool.CreateHttp11ConnectionAsync(HttpRequestMessage request, Boolean async, CancellationToken cancellationToken)
         at System.Net.Http.HttpConnectionPool.InjectNewHttp11ConnectionAsync(QueueItem queueItem)
         at System.Threading.Tasks.TaskCompletionSourceWithCancellation`1.WaitWithCancellationAsync(CancellationToken cancellationToken)
         at System.Net.Http.HttpConnectionPool.SendWithVersionDetectionAndRetryAsync(HttpRequestMessage request, Boolean async, Boolean doRequestAuth, CancellationToken cancellationToken)
         at System.Net.Http.RedirectHandler.SendAsync(HttpRequestMessage request, Boolean async, CancellationToken cancellationToken)
         at Microsoft.Extensions.Http.Logging.LoggingHttpMessageHandler.<SendCoreAsync>g__Core|4_0(HttpRequestMessage request, Boolean useAsync, CancellationToken cancellationToken)
info: System.Net.Http.HttpClient.McpClient.LogicalHandler[104]
      HTTP request failed after 5.8767ms
      System.Net.Http.HttpRequestException: Name or service not known (mcp-arr-hd:3000)
       ---> System.Net.Sockets.SocketException (0xFFFDFFFF): Name or service not known
         at System.Net.Sockets.Socket.AwaitableSocketAsyncEventArgs.System.Threading.Tasks.Sources.IValueTaskSource.GetResult(Int16 token)
         at System.Net.Http.HttpConnectionPool.ConnectToTcpHostAsync(String host, Int32 port, HttpRequestMessage initialRequest, Boolean async, CancellationToken cancellationToken)
         --- End of inner exception stack trace ---
         at System.Net.Http.HttpConnectionPool.ConnectToTcpHostAsync(String host, Int32 port, HttpRequestMessage initialRequest, Boolean async, CancellationToken cancellationToken)
         at System.Net.Http.HttpConnectionPool.ConnectAsync(HttpRequestMessage request, Boolean async, CancellationToken cancellationToken)
         at System.Net.Http.HttpConnectionPool.CreateHttp11ConnectionAsync(HttpRequestMessage request, Boolean async, CancellationToken cancellationToken)
         at System.Net.Http.HttpConnectionPool.InjectNewHttp11ConnectionAsync(QueueItem queueItem)
         at System.Threading.Tasks.TaskCompletionSourceWithCancellation`1.WaitWithCancellationAsync(CancellationToken cancellationToken)
         at System.Net.Http.HttpConnectionPool.SendWithVersionDetectionAndRetryAsync(HttpRequestMessage request, Boolean async, Boolean doRequestAuth, CancellationToken cancellationToken)
         at System.Net.Http.RedirectHandler.SendAsync(HttpRequestMessage request, Boolean async, CancellationToken cancellationToken)
         at Microsoft.Extensions.Http.Logging.LoggingHttpMessageHandler.<SendCoreAsync>g__Core|4_0(HttpRequestMessage request, Boolean useAsync, CancellationToken cancellationToken)
         at Microsoft.Extensions.Http.Logging.LoggingScopeHttpMessageHandler.<SendCoreAsync>g__Core|4_0(HttpRequestMessage request, Boolean useAsync, CancellationToken cancellationToken)
info: Microsoft.EntityFrameworkCore.Database.Command[20101]
      Executed DbCommand (0ms) [Parameters=[], CommandType='Text', CommandTimeout='30']
      SELECT "s"."Id", "s"."ApiKey", "s"."AuthShape", "s"."AutoDiscovered", "s"."Categories", "s"."CustomHeaderName", "s"."DisplayName", "s"."Enabled", "s"."HeadersJson", "s"."Hidden", "s"."SecretItemKey", "s"."SecretProvider", "s"."Type", "s"."Url"
      FROM "Servers" AS "s"
      WHERE "s"."AutoDiscovered"
info: Microsoft.EntityFrameworkCore.Database.Command[20101]
      Executed DbCommand (0ms) [Parameters=[], CommandType='Text', CommandTimeout='30']
      SELECT "s"."Id", "s"."ApiKey", "s"."AuthShape", "s"."AutoDiscovered", "s"."Categories", "s"."CustomHeaderName", "s"."DisplayName", "s"."Enabled", "s"."HeadersJson", "s"."Hidden", "s"."SecretItemKey", "s"."SecretProvider", "s"."Type", "s"."Url"
      FROM "Servers" AS "s"
      WHERE "s"."Enabled"
info: System.Net.Http.HttpClient.McpClient.LogicalHandler[100]
      Start processing HTTP request GET http://docker-mcp:8000/sse
info: System.Net.Http.HttpClient.McpClient.ClientHandler[100]
      Sending HTTP request GET http://docker-mcp:8000/sse
info: System.Net.Http.HttpClient.McpClient.LogicalHandler[100]
      Start processing HTTP request GET http://mcp-arr-4k:3000/mcp
info: System.Net.Http.HttpClient.McpClient.ClientHandler[100]
      Sending HTTP request GET http://mcp-arr-4k:3000/mcp
info: System.Net.Http.HttpClient.McpClient.LogicalHandler[100]
      Start processing HTTP request GET http://mcp-arr-hd:3000/mcp
info: System.Net.Http.HttpClient.McpClient.ClientHandler[100]
      Sending HTTP request GET http://mcp-arr-hd:3000/mcp
info: System.Net.Http.HttpClient.McpClient.ClientHandler[104]
      HTTP request failed after 1.5882ms
      System.Net.Http.HttpRequestException: Name or service not known (docker-mcp:8000)
       ---> System.Net.Sockets.SocketException (0xFFFDFFFF): Name or service not known
         at System.Net.Sockets.Socket.AwaitableSocketAsyncEventArgs.System.Threading.Tasks.Sources.IValueTaskSource.GetResult(Int16 token)
         at System.Net.Http.HttpConnectionPool.ConnectToTcpHostAsync(String host, Int32 port, HttpRequestMessage initialRequest, Boolean async, CancellationToken cancellationToken)
         --- End of inner exception stack trace ---
         at System.Net.Http.HttpConnectionPool.ConnectToTcpHostAsync(String host, Int32 port, HttpRequestMessage initialRequest, Boolean async, CancellationToken cancellationToken)
         at System.Net.Http.HttpConnectionPool.ConnectAsync(HttpRequestMessage request, Boolean async, CancellationToken cancellationToken)
         at System.Net.Http.HttpConnectionPool.CreateHttp11ConnectionAsync(HttpRequestMessage request, Boolean async, CancellationToken cancellationToken)
         at System.Net.Http.HttpConnectionPool.InjectNewHttp11ConnectionAsync(QueueItem queueItem)
         at System.Threading.Tasks.TaskCompletionSourceWithCancellation`1.WaitWithCancellationAsync(CancellationToken cancellationToken)
         at System.Net.Http.HttpConnectionPool.SendWithVersionDetectionAndRetryAsync(HttpRequestMessage request, Boolean async, Boolean doRequestAuth, CancellationToken cancellationToken)
         at System.Net.Http.RedirectHandler.SendAsync(HttpRequestMessage request, Boolean async, CancellationToken cancellationToken)
         at Microsoft.Extensions.Http.Logging.LoggingHttpMessageHandler.<SendCoreAsync>g__Core|4_0(HttpRequestMessage request, Boolean useAsync, CancellationToken cancellationToken)
info: System.Net.Http.HttpClient.McpClient.ClientHandler[104]
      HTTP request failed after 1.4716ms
      System.Net.Http.HttpRequestException: Name or service not known (mcp-arr-hd:3000)
       ---> System.Net.Sockets.SocketException (0xFFFDFFFF): Name or service not known
         at System.Net.Sockets.Socket.AwaitableSocketAsyncEventArgs.System.Threading.Tasks.Sources.IValueTaskSource.GetResult(Int16 token)
         at System.Net.Http.HttpConnectionPool.ConnectToTcpHostAsync(String host, Int32 port, HttpRequestMessage initialRequest, Boolean async, CancellationToken cancellationToken)
         --- End of inner exception stack trace ---
         at System.Net.Http.HttpConnectionPool.ConnectToTcpHostAsync(String host, Int32 port, HttpRequestMessage initialRequest, Boolean async, CancellationToken cancellationToken)
         at System.Net.Http.HttpConnectionPool.ConnectAsync(HttpRequestMessage request, Boolean async, CancellationToken cancellationToken)
         at System.Net.Http.HttpConnectionPool.CreateHttp11ConnectionAsync(HttpRequestMessage request, Boolean async, CancellationToken cancellationToken)
         at System.Net.Http.HttpConnectionPool.InjectNewHttp11ConnectionAsync(QueueItem queueItem)
         at System.Threading.Tasks.TaskCompletionSourceWithCancellation`1.WaitWithCancellationAsync(CancellationToken cancellationToken)
         at System.Net.Http.HttpConnectionPool.SendWithVersionDetectionAndRetryAsync(HttpRequestMessage request, Boolean async, Boolean doRequestAuth, CancellationToken cancellationToken)
         at System.Net.Http.RedirectHandler.SendAsync(HttpRequestMessage request, Boolean async, CancellationToken cancellationToken)
         at Microsoft.Extensions.Http.Logging.LoggingHttpMessageHandler.<SendCoreAsync>g__Core|4_0(HttpRequestMessage request, Boolean useAsync, CancellationToken cancellationToken)
info: System.Net.Http.HttpClient.McpClient.ClientHandler[104]
      HTTP request failed after 1.3464ms
      System.Net.Http.HttpRequestException: Name or service not known (mcp-arr-4k:3000)
       ---> System.Net.Sockets.SocketException (0xFFFDFFFF): Name or service not known
         at System.Net.Sockets.Socket.AwaitableSocketAsyncEventArgs.System.Threading.Tasks.Sources.IValueTaskSource.GetResult(Int16 token)
         at System.Net.Http.HttpConnectionPool.ConnectToTcpHostAsync(String host, Int32 port, HttpRequestMessage initialRequest, Boolean async, CancellationToken cancellationToken)
         --- End of inner exception stack trace ---
         at System.Net.Http.HttpConnectionPool.ConnectToTcpHostAsync(String host, Int32 port, HttpRequestMessage initialRequest, Boolean async, CancellationToken cancellationToken)
         at System.Net.Http.HttpConnectionPool.ConnectAsync(HttpRequestMessage request, Boolean async, CancellationToken cancellationToken)
         at System.Net.Http.HttpConnectionPool.CreateHttp11ConnectionAsync(HttpRequestMessage request, Boolean async, CancellationToken cancellationToken)
         at System.Net.Http.HttpConnectionPool.InjectNewHttp11ConnectionAsync(QueueItem queueItem)
         at System.Threading.Tasks.TaskCompletionSourceWithCancellation`1.WaitWithCancellationAsync(CancellationToken cancellationToken)
         at System.Net.Http.HttpConnectionPool.SendWithVersionDetectionAndRetryAsync(HttpRequestMessage request, Boolean async, Boolean doRequestAuth, CancellationToken cancellationToken)
         at System.Net.Http.RedirectHandler.SendAsync(HttpRequestMessage request, Boolean async, CancellationToken cancellationToken)
         at Microsoft.Extensions.Http.Logging.LoggingHttpMessageHandler.<SendCoreAsync>g__Core|4_0(HttpRequestMessage request, Boolean useAsync, CancellationToken cancellationToken)
info: System.Net.Http.HttpClient.McpClient.LogicalHandler[104]
      HTTP request failed after 2.186ms
      System.Net.Http.HttpRequestException: Name or service not known (mcp-arr-hd:3000)
       ---> System.Net.Sockets.SocketException (0xFFFDFFFF): Name or service not known
         at System.Net.Sockets.Socket.AwaitableSocketAsyncEventArgs.System.Threading.Tasks.Sources.IValueTaskSource.GetResult(Int16 token)
         at System.Net.Http.HttpConnectionPool.ConnectToTcpHostAsync(String host, Int32 port, HttpRequestMessage initialRequest, Boolean async, CancellationToken cancellationToken)
         --- End of inner exception stack trace ---
         at System.Net.Http.HttpConnectionPool.ConnectToTcpHostAsync(String host, Int32 port, HttpRequestMessage initialRequest, Boolean async, CancellationToken cancellationToken)
         at System.Net.Http.HttpConnectionPool.ConnectAsync(HttpRequestMessage request, Boolean async, CancellationToken cancellationToken)
         at System.Net.Http.HttpConnectionPool.CreateHttp11ConnectionAsync(HttpRequestMessage request, Boolean async, CancellationToken cancellationToken)
         at System.Net.Http.HttpConnectionPool.InjectNewHttp11ConnectionAsync(QueueItem queueItem)
         at System.Threading.Tasks.TaskCompletionSourceWithCancellation`1.WaitWithCancellationAsync(CancellationToken cancellationToken)
         at System.Net.Http.HttpConnectionPool.SendWithVersionDetectionAndRetryAsync(HttpRequestMessage request, Boolean async, Boolean doRequestAuth, CancellationToken cancellationToken)
         at System.Net.Http.RedirectHandler.SendAsync(HttpRequestMessage request, Boolean async, CancellationToken cancellationToken)
         at Microsoft.Extensions.Http.Logging.LoggingHttpMessageHandler.<SendCoreAsync>g__Core|4_0(HttpRequestMessage request, Boolean useAsync, CancellationToken cancellationToken)
         at Microsoft.Extensions.Http.Logging.LoggingScopeHttpMessageHandler.<SendCoreAsync>g__Core|4_0(HttpRequestMessage request, Boolean useAsync, CancellationToken cancellationToken)
info: System.Net.Http.HttpClient.McpClient.LogicalHandler[104]
      HTTP request failed after 2.5428ms
      System.Net.Http.HttpRequestException: Name or service not known (mcp-arr-4k:3000)
       ---> System.Net.Sockets.SocketException (0xFFFDFFFF): Name or service not known
         at System.Net.Sockets.Socket.AwaitableSocketAsyncEventArgs.System.Threading.Tasks.Sources.IValueTaskSource.GetResult(Int16 token)
         at System.Net.Http.HttpConnectionPool.ConnectToTcpHostAsync(String host, Int32 port, HttpRequestMessage initialRequest, Boolean async, CancellationToken cancellationToken)
         --- End of inner exception stack trace ---
         at System.Net.Http.HttpConnectionPool.ConnectToTcpHostAsync(String host, Int32 port, HttpRequestMessage initialRequest, Boolean async, CancellationToken cancellationToken)
         at System.Net.Http.HttpConnectionPool.ConnectAsync(HttpRequestMessage request, Boolean async, CancellationToken cancellationToken)
         at System.Net.Http.HttpConnectionPool.CreateHttp11ConnectionAsync(HttpRequestMessage request, Boolean async, CancellationToken cancellationToken)
         at System.Net.Http.HttpConnectionPool.InjectNewHttp11ConnectionAsync(QueueItem queueItem)
         at System.Threading.Tasks.TaskCompletionSourceWithCancellation`1.WaitWithCancellationAsync(CancellationToken cancellationToken)
         at System.Net.Http.HttpConnectionPool.SendWithVersionDetectionAndRetryAsync(HttpRequestMessage request, Boolean async, Boolean doRequestAuth, CancellationToken cancellationToken)
         at System.Net.Http.RedirectHandler.SendAsync(HttpRequestMessage request, Boolean async, CancellationToken cancellationToken)
         at Microsoft.Extensions.Http.Logging.LoggingHttpMessageHandler.<SendCoreAsync>g__Core|4_0(HttpRequestMessage request, Boolean useAsync, CancellationToken cancellationToken)
         at Microsoft.Extensions.Http.Logging.LoggingScopeHttpMessageHandler.<SendCoreAsync>g__Core|4_0(HttpRequestMessage request, Boolean useAsync, CancellationToken cancellationToken)
info: System.Net.Http.HttpClient.McpClient.LogicalHandler[104]
      HTTP request failed after 2.5891ms
      System.Net.Http.HttpRequestException: Name or service not known (docker-mcp:8000)
       ---> System.Net.Sockets.SocketException (0xFFFDFFFF): Name or service not known
         at System.Net.Sockets.Socket.AwaitableSocketAsyncEventArgs.System.Threading.Tasks.Sources.IValueTaskSource.GetResult(Int16 token)
         at System.Net.Http.HttpConnectionPool.ConnectToTcpHostAsync(String host, Int32 port, HttpRequestMessage initialRequest, Boolean async, CancellationToken cancellationToken)
         --- End of inner exception stack trace ---
         at System.Net.Http.HttpConnectionPool.ConnectToTcpHostAsync(String host, Int32 port, HttpRequestMessage initialRequest, Boolean async, CancellationToken cancellationToken)
         at System.Net.Http.HttpConnectionPool.ConnectAsync(HttpRequestMessage request, Boolean async, CancellationToken cancellationToken)
         at System.Net.Http.HttpConnectionPool.CreateHttp11ConnectionAsync(HttpRequestMessage request, Boolean async, CancellationToken cancellationToken)
         at System.Net.Http.HttpConnectionPool.InjectNewHttp11ConnectionAsync(QueueItem queueItem)
         at System.Threading.Tasks.TaskCompletionSourceWithCancellation`1.WaitWithCancellationAsync(CancellationToken cancellationToken)
         at System.Net.Http.HttpConnectionPool.SendWithVersionDetectionAndRetryAsync(HttpRequestMessage request, Boolean async, Boolean doRequestAuth, CancellationToken cancellationToken)
         at System.Net.Http.RedirectHandler.SendAsync(HttpRequestMessage request, Boolean async, CancellationToken cancellationToken)
         at Microsoft.Extensions.Http.Logging.LoggingHttpMessageHandler.<SendCoreAsync>g__Core|4_0(HttpRequestMessage request, Boolean useAsync, CancellationToken cancellationToken)
         at Microsoft.Extensions.Http.Logging.LoggingScopeHttpMessageHandler.<SendCoreAsync>g__Core|4_0(HttpRequestMessage request, Boolean useAsync, CancellationToken cancellationToken)
info: Microsoft.EntityFrameworkCore.Database.Command[20101]
      Executed DbCommand (0ms) [Parameters=[], CommandType='Text', CommandTimeout='30']
      SELECT "s"."Id", "s"."ApiKey", "s"."AuthShape", "s"."AutoDiscovered", "s"."Categories", "s"."CustomHeaderName", "s"."DisplayName", "s"."Enabled", "s"."HeadersJson", "s"."Hidden", "s"."SecretItemKey", "s"."SecretProvider", "s"."Type", "s"."Url"
      FROM "Servers" AS "s"
      WHERE "s"."AutoDiscovered"
info: Microsoft.EntityFrameworkCore.Database.Command[20101]
      Executed DbCommand (0ms) [Parameters=[], CommandType='Text', CommandTimeout='30']
      SELECT "s"."Id", "s"."ApiKey", "s"."AuthShape", "s"."AutoDiscovered", "s"."Categories", "s"."CustomHeaderName", "s"."DisplayName", "s"."Enabled", "s"."HeadersJson", "s"."Hidden", "s"."SecretItemKey", "s"."SecretProvider", "s"."Type", "s"."Url"
      FROM "Servers" AS "s"
      WHERE "s"."Enabled"
info: System.Net.Http.HttpClient.McpClient.LogicalHandler[100]
      Start processing HTTP request GET http://docker-mcp:8000/sse
info: System.Net.Http.HttpClient.McpClient.ClientHandler[100]
      Sending HTTP request GET http://docker-mcp:8000/sse
info: System.Net.Http.HttpClient.McpClient.LogicalHandler[100]
      Start processing HTTP request GET http://mcp-arr-4k:3000/mcp
info: System.Net.Http.HttpClient.McpClient.ClientHandler[100]
      Sending HTTP request GET http://mcp-arr-4k:3000/mcp
info: System.Net.Http.HttpClient.McpClient.LogicalHandler[100]
      Start processing HTTP request GET http://mcp-arr-hd:3000/mcp
info: System.Net.Http.HttpClient.McpClient.ClientHandler[100]
      Sending HTTP request GET http://mcp-arr-hd:3000/mcp
info: System.Net.Http.HttpClient.McpClient.ClientHandler[104]
      HTTP request failed after 1.7062ms
      System.Net.Http.HttpRequestException: Name or service not known (mcp-arr-4k:3000)
       ---> System.Net.Sockets.SocketException (0xFFFDFFFF): Name or service not known
         at System.Net.Sockets.Socket.AwaitableSocketAsyncEventArgs.System.Threading.Tasks.Sources.IValueTaskSource.GetResult(Int16 token)
         at System.Net.Http.HttpConnectionPool.ConnectToTcpHostAsync(String host, Int32 port, HttpRequestMessage initialRequest, Boolean async, CancellationToken cancellationToken)
         --- End of inner exception stack trace ---
         at System.Net.Http.HttpConnectionPool.ConnectToTcpHostAsync(String host, Int32 port, HttpRequestMessage initialRequest, Boolean async, CancellationToken cancellationToken)
         at System.Net.Http.HttpConnectionPool.ConnectAsync(HttpRequestMessage request, Boolean async, CancellationToken cancellationToken)
         at System.Net.Http.HttpConnectionPool.CreateHttp11ConnectionAsync(HttpRequestMessage request, Boolean async, CancellationToken cancellationToken)
         at System.Net.Http.HttpConnectionPool.InjectNewHttp11ConnectionAsync(QueueItem queueItem)
         at System.Threading.Tasks.TaskCompletionSourceWithCancellation`1.WaitWithCancellationAsync(CancellationToken cancellationToken)
         at System.Net.Http.HttpConnectionPool.SendWithVersionDetectionAndRetryAsync(HttpRequestMessage request, Boolean async, Boolean doRequestAuth, CancellationToken cancellationToken)
         at System.Net.Http.RedirectHandler.SendAsync(HttpRequestMessage request, Boolean async, CancellationToken cancellationToken)
         at Microsoft.Extensions.Http.Logging.LoggingHttpMessageHandler.<SendCoreAsync>g__Core|4_0(HttpRequestMessage request, Boolean useAsync, CancellationToken cancellationToken)
info: System.Net.Http.HttpClient.McpClient.ClientHandler[104]
      HTTP request failed after 1.8894ms
      System.Net.Http.HttpRequestException: Name or service not known (docker-mcp:8000)
       ---> System.Net.Sockets.SocketException (0xFFFDFFFF): Name or service not known
         at System.Net.Sockets.Socket.AwaitableSocketAsyncEventArgs.System.Threading.Tasks.Sources.IValueTaskSource.GetResult(Int16 token)
         at System.Net.Http.HttpConnectionPool.ConnectToTcpHostAsync(String host, Int32 port, HttpRequestMessage initialRequest, Boolean async, CancellationToken cancellationToken)
         --- End of inner exception stack trace ---
         at System.Net.Http.HttpConnectionPool.ConnectToTcpHostAsync(String host, Int32 port, HttpRequestMessage initialRequest, Boolean async, CancellationToken cancellationToken)
         at System.Net.Http.HttpConnectionPool.ConnectAsync(HttpRequestMessage request, Boolean async, CancellationToken cancellationToken)
         at System.Net.Http.HttpConnectionPool.CreateHttp11ConnectionAsync(HttpRequestMessage request, Boolean async, CancellationToken cancellationToken)
         at System.Net.Http.HttpConnectionPool.InjectNewHttp11ConnectionAsync(QueueItem queueItem)
         at System.Threading.Tasks.TaskCompletionSourceWithCancellation`1.WaitWithCancellationAsync(CancellationToken cancellationToken)
         at System.Net.Http.HttpConnectionPool.SendWithVersionDetectionAndRetryAsync(HttpRequestMessage request, Boolean async, Boolean doRequestAuth, CancellationToken cancellationToken)
         at System.Net.Http.RedirectHandler.SendAsync(HttpRequestMessage request, Boolean async, CancellationToken cancellationToken)
         at Microsoft.Extensions.Http.Logging.LoggingHttpMessageHandler.<SendCoreAsync>g__Core|4_0(HttpRequestMessage request, Boolean useAsync, CancellationToken cancellationToken)
info: System.Net.Http.HttpClient.McpClient.LogicalHandler[104]
      HTTP request failed after 2.8232ms
      System.Net.Http.HttpRequestException: Name or service not known (docker-mcp:8000)
       ---> System.Net.Sockets.SocketException (0xFFFDFFFF): Name or service not known
         at System.Net.Sockets.Socket.AwaitableSocketAsyncEventArgs.System.Threading.Tasks.Sources.IValueTaskSource.GetResult(Int16 token)
         at System.Net.Http.HttpConnectionPool.ConnectToTcpHostAsync(String host, Int32 port, HttpRequestMessage initialRequest, Boolean async, CancellationToken cancellationToken)
         --- End of inner exception stack trace ---
         at System.Net.Http.HttpConnectionPool.ConnectToTcpHostAsync(String host, Int32 port, HttpRequestMessage initialRequest, Boolean async, CancellationToken cancellationToken)
         at System.Net.Http.HttpConnectionPool.ConnectAsync(HttpRequestMessage request, Boolean async, CancellationToken cancellationToken)
         at System.Net.Http.HttpConnectionPool.CreateHttp11ConnectionAsync(HttpRequestMessage request, Boolean async, CancellationToken cancellationToken)
         at System.Net.Http.HttpConnectionPool.InjectNewHttp11ConnectionAsync(QueueItem queueItem)
         at System.Threading.Tasks.TaskCompletionSourceWithCancellation`1.WaitWithCancellationAsync(CancellationToken cancellationToken)
         at System.Net.Http.HttpConnectionPool.SendWithVersionDetectionAndRetryAsync(HttpRequestMessage request, Boolean async, Boolean doRequestAuth, CancellationToken cancellationToken)
         at System.Net.Http.RedirectHandler.SendAsync(HttpRequestMessage request, Boolean async, CancellationToken cancellationToken)
         at Microsoft.Extensions.Http.Logging.LoggingHttpMessageHandler.<SendCoreAsync>g__Core|4_0(HttpRequestMessage request, Boolean useAsync, CancellationToken cancellationToken)
         at Microsoft.Extensions.Http.Logging.LoggingScopeHttpMessageHandler.<SendCoreAsync>g__Core|4_0(HttpRequestMessage request, Boolean useAsync, CancellationToken cancellationToken)
info: System.Net.Http.HttpClient.McpClient.LogicalHandler[104]
      HTTP request failed after 2.7585ms
      System.Net.Http.HttpRequestException: Name or service not known (mcp-arr-4k:3000)
       ---> System.Net.Sockets.SocketException (0xFFFDFFFF): Name or service not known
         at System.Net.Sockets.Socket.AwaitableSocketAsyncEventArgs.System.Threading.Tasks.Sources.IValueTaskSource.GetResult(Int16 token)
         at System.Net.Http.HttpConnectionPool.ConnectToTcpHostAsync(String host, Int32 port, HttpRequestMessage initialRequest, Boolean async, CancellationToken cancellationToken)
         --- End of inner exception stack trace ---
         at System.Net.Http.HttpConnectionPool.ConnectToTcpHostAsync(String host, Int32 port, HttpRequestMessage initialRequest, Boolean async, CancellationToken cancellationToken)
         at System.Net.Http.HttpConnectionPool.ConnectAsync(HttpRequestMessage request, Boolean async, CancellationToken cancellationToken)
         at System.Net.Http.HttpConnectionPool.CreateHttp11ConnectionAsync(HttpRequestMessage request, Boolean async, CancellationToken cancellationToken)
         at System.Net.Http.HttpConnectionPool.InjectNewHttp11ConnectionAsync(QueueItem queueItem)
         at System.Threading.Tasks.TaskCompletionSourceWithCancellation`1.WaitWithCancellationAsync(CancellationToken cancellationToken)
         at System.Net.Http.HttpConnectionPool.SendWithVersionDetectionAndRetryAsync(HttpRequestMessage request, Boolean async, Boolean doRequestAuth, CancellationToken cancellationToken)
         at System.Net.Http.RedirectHandler.SendAsync(HttpRequestMessage request, Boolean async, CancellationToken cancellationToken)
         at Microsoft.Extensions.Http.Logging.LoggingHttpMessageHandler.<SendCoreAsync>g__Core|4_0(HttpRequestMessage request, Boolean useAsync, CancellationToken cancellationToken)
         at Microsoft.Extensions.Http.Logging.LoggingScopeHttpMessageHandler.<SendCoreAsync>g__Core|4_0(HttpRequestMessage request, Boolean useAsync, CancellationToken cancellationToken)
info: System.Net.Http.HttpClient.McpClient.ClientHandler[104]
      HTTP request failed after 1.8523ms
      System.Net.Http.HttpRequestException: Name or service not known (mcp-arr-hd:3000)
       ---> System.Net.Sockets.SocketException (0xFFFDFFFF): Name or service not known
         at System.Net.Sockets.Socket.AwaitableSocketAsyncEventArgs.System.Threading.Tasks.Sources.IValueTaskSource.GetResult(Int16 token)
         at System.Net.Http.HttpConnectionPool.ConnectToTcpHostAsync(String host, Int32 port, HttpRequestMessage initialRequest, Boolean async, CancellationToken cancellationToken)
         --- End of inner exception stack trace ---
         at System.Net.Http.HttpConnectionPool.ConnectToTcpHostAsync(String host, Int32 port, HttpRequestMessage initialRequest, Boolean async, CancellationToken cancellationToken)
         at System.Net.Http.HttpConnectionPool.ConnectAsync(HttpRequestMessage request, Boolean async, CancellationToken cancellationToken)
         at System.Net.Http.HttpConnectionPool.CreateHttp11ConnectionAsync(HttpRequestMessage request, Boolean async, CancellationToken cancellationToken)
         at System.Net.Http.HttpConnectionPool.InjectNewHttp11ConnectionAsync(QueueItem queueItem)
         at System.Threading.Tasks.TaskCompletionSourceWithCancellation`1.WaitWithCancellationAsync(CancellationToken cancellationToken)
         at System.Net.Http.HttpConnectionPool.SendWithVersionDetectionAndRetryAsync(HttpRequestMessage request, Boolean async, Boolean doRequestAuth, CancellationToken cancellationToken)
         at System.Net.Http.RedirectHandler.SendAsync(HttpRequestMessage request, Boolean async, CancellationToken cancellationToken)
         at Microsoft.Extensions.Http.Logging.LoggingHttpMessageHandler.<SendCoreAsync>g__Core|4_0(HttpRequestMessage request, Boolean useAsync, CancellationToken cancellationToken)
info: System.Net.Http.HttpClient.McpClient.LogicalHandler[104]
      HTTP request failed after 9.1869ms
      System.Net.Http.HttpRequestException: Name or service not known (mcp-arr-hd:3000)
       ---> System.Net.Sockets.SocketException (0xFFFDFFFF): Name or service not known
         at System.Net.Sockets.Socket.AwaitableSocketAsyncEventArgs.System.Threading.Tasks.Sources.IValueTaskSource.GetResult(Int16 token)
         at System.Net.Http.HttpConnectionPool.ConnectToTcpHostAsync(String host, Int32 port, HttpRequestMessage initialRequest, Boolean async, CancellationToken cancellationToken)
         --- End of inner exception stack trace ---
         at System.Net.Http.HttpConnectionPool.ConnectToTcpHostAsync(String host, Int32 port, HttpRequestMessage initialRequest, Boolean async, CancellationToken cancellationToken)
         at System.Net.Http.HttpConnectionPool.ConnectAsync(HttpRequestMessage request, Boolean async, CancellationToken cancellationToken)
         at System.Net.Http.HttpConnectionPool.CreateHttp11ConnectionAsync(HttpRequestMessage request, Boolean async, CancellationToken cancellationToken)
         at System.Net.Http.HttpConnectionPool.InjectNewHttp11ConnectionAsync(QueueItem queueItem)
         at System.Threading.Tasks.TaskCompletionSourceWithCancellation`1.WaitWithCancellationAsync(CancellationToken cancellationToken)
         at System.Net.Http.HttpConnectionPool.SendWithVersionDetectionAndRetryAsync(HttpRequestMessage request, Boolean async, Boolean doRequestAuth, CancellationToken cancellationToken)
         at System.Net.Http.RedirectHandler.SendAsync(HttpRequestMessage request, Boolean async, CancellationToken cancellationToken)
         at Microsoft.Extensions.Http.Logging.LoggingHttpMessageHandler.<SendCoreAsync>g__Core|4_0(HttpRequestMessage request, Boolean useAsync, CancellationToken cancellationToken)
         at Microsoft.Extensions.Http.Logging.LoggingScopeHttpMessageHandler.<SendCoreAsync>g__Core|4_0(HttpRequestMessage request, Boolean useAsync, CancellationToken cancellationToken)
info: Microsoft.EntityFrameworkCore.Database.Command[20101]
      Executed DbCommand (0ms) [Parameters=[], CommandType='Text', CommandTimeout='30']
      SELECT "s"."Id", "s"."ApiKey", "s"."AuthShape", "s"."AutoDiscovered", "s"."Categories", "s"."CustomHeaderName", "s"."DisplayName", "s"."Enabled", "s"."HeadersJson", "s"."Hidden", "s"."SecretItemKey", "s"."SecretProvider", "s"."Type", "s"."Url"
      FROM "Servers" AS "s"
      WHERE "s"."AutoDiscovered"
info: Microsoft.EntityFrameworkCore.Database.Command[20101]
      Executed DbCommand (0ms) [Parameters=[], CommandType='Text', CommandTimeout='30']
      SELECT "s"."Id", "s"."ApiKey", "s"."AuthShape", "s"."AutoDiscovered", "s"."Categories", "s"."CustomHeaderName", "s"."DisplayName", "s"."Enabled", "s"."HeadersJson", "s"."Hidden", "s"."SecretItemKey", "s"."SecretProvider", "s"."Type", "s"."Url"
      FROM "Servers" AS "s"
      WHERE "s"."Enabled"
info: System.Net.Http.HttpClient.McpClient.LogicalHandler[100]
      Start processing HTTP request GET http://docker-mcp:8000/sse
info: System.Net.Http.HttpClient.McpClient.ClientHandler[100]
      Sending HTTP request GET http://docker-mcp:8000/sse
info: System.Net.Http.HttpClient.McpClient.LogicalHandler[100]
      Start processing HTTP request GET http://mcp-arr-4k:3000/mcp
info: System.Net.Http.HttpClient.McpClient.ClientHandler[100]
      Sending HTTP request GET http://mcp-arr-4k:3000/mcp
info: System.Net.Http.HttpClient.McpClient.LogicalHandler[100]
      Start processing HTTP request GET http://mcp-arr-hd:3000/mcp
info: System.Net.Http.HttpClient.McpClient.ClientHandler[100]
      Sending HTTP request GET http://mcp-arr-hd:3000/mcp
info: System.Net.Http.HttpClient.McpClient.ClientHandler[104]
      HTTP request failed after 1.8785ms
      System.Net.Http.HttpRequestException: Name or service not known (docker-mcp:8000)
       ---> System.Net.Sockets.SocketException (0xFFFDFFFF): Name or service not known
         at System.Net.Sockets.Socket.AwaitableSocketAsyncEventArgs.System.Threading.Tasks.Sources.IValueTaskSource.GetResult(Int16 token)
         at System.Net.Http.HttpConnectionPool.ConnectToTcpHostAsync(String host, Int32 port, HttpRequestMessage initialRequest, Boolean async, CancellationToken cancellationToken)
         --- End of inner exception stack trace ---
         at System.Net.Http.HttpConnectionPool.ConnectToTcpHostAsync(String host, Int32 port, HttpRequestMessage initialRequest, Boolean async, CancellationToken cancellationToken)
         at System.Net.Http.HttpConnectionPool.ConnectAsync(HttpRequestMessage request, Boolean async, CancellationToken cancellationToken)
         at System.Net.Http.HttpConnectionPool.CreateHttp11ConnectionAsync(HttpRequestMessage request, Boolean async, CancellationToken cancellationToken)
         at System.Net.Http.HttpConnectionPool.InjectNewHttp11ConnectionAsync(QueueItem queueItem)
         at System.Threading.Tasks.TaskCompletionSourceWithCancellation`1.WaitWithCancellationAsync(CancellationToken cancellationToken)
         at System.Net.Http.HttpConnectionPool.SendWithVersionDetectionAndRetryAsync(HttpRequestMessage request, Boolean async, Boolean doRequestAuth, CancellationToken cancellationToken)
         at System.Net.Http.RedirectHandler.SendAsync(HttpRequestMessage request, Boolean async, CancellationToken cancellationToken)
         at Microsoft.Extensions.Http.Logging.LoggingHttpMessageHandler.<SendCoreAsync>g__Core|4_0(HttpRequestMessage request, Boolean useAsync, CancellationToken cancellationToken)
info: System.Net.Http.HttpClient.McpClient.ClientHandler[104]
      HTTP request failed after 1.6964ms
      System.Net.Http.HttpRequestException: Name or service not known (mcp-arr-hd:3000)
       ---> System.Net.Sockets.SocketException (0xFFFDFFFF): Name or service not known
         at System.Net.Sockets.Socket.AwaitableSocketAsyncEventArgs.System.Threading.Tasks.Sources.IValueTaskSource.GetResult(Int16 token)
         at System.Net.Http.HttpConnectionPool.ConnectToTcpHostAsync(String host, Int32 port, HttpRequestMessage initialRequest, Boolean async, CancellationToken cancellationToken)
         --- End of inner exception stack trace ---
         at System.Net.Http.HttpConnectionPool.ConnectToTcpHostAsync(String host, Int32 port, HttpRequestMessage initialRequest, Boolean async, CancellationToken cancellationToken)
         at System.Net.Http.HttpConnectionPool.ConnectAsync(HttpRequestMessage request, Boolean async, CancellationToken cancellationToken)
         at System.Net.Http.HttpConnectionPool.CreateHttp11ConnectionAsync(HttpRequestMessage request, Boolean async, CancellationToken cancellationToken)
         at System.Net.Http.HttpConnectionPool.InjectNewHttp11ConnectionAsync(QueueItem queueItem)
         at System.Threading.Tasks.TaskCompletionSourceWithCancellation`1.WaitWithCancellationAsync(CancellationToken cancellationToken)
         at System.Net.Http.HttpConnectionPool.SendWithVersionDetectionAndRetryAsync(HttpRequestMessage request, Boolean async, Boolean doRequestAuth, CancellationToken cancellationToken)
         at System.Net.Http.RedirectHandler.SendAsync(HttpRequestMessage request, Boolean async, CancellationToken cancellationToken)
         at Microsoft.Extensions.Http.Logging.LoggingHttpMessageHandler.<SendCoreAsync>g__Core|4_0(HttpRequestMessage request, Boolean useAsync, CancellationToken cancellationToken)
info: System.Net.Http.HttpClient.McpClient.LogicalHandler[104]
      HTTP request failed after 15.4133ms
      System.Net.Http.HttpRequestException: Name or service not known (docker-mcp:8000)
       ---> System.Net.Sockets.SocketException (0xFFFDFFFF): Name or service not known
         at System.Net.Sockets.Socket.AwaitableSocketAsyncEventArgs.System.Threading.Tasks.Sources.IValueTaskSource.GetResult(Int16 token)
         at System.Net.Http.HttpConnectionPool.ConnectToTcpHostAsync(String host, Int32 port, HttpRequestMessage initialRequest, Boolean async, CancellationToken cancellationToken)
         --- End of inner exception stack trace ---
         at System.Net.Http.HttpConnectionPool.ConnectToTcpHostAsync(String host, Int32 port, HttpRequestMessage initialRequest, Boolean async, CancellationToken cancellationToken)
         at System.Net.Http.HttpConnectionPool.ConnectAsync(HttpRequestMessage request, Boolean async, CancellationToken cancellationToken)
         at System.Net.Http.HttpConnectionPool.CreateHttp11ConnectionAsync(HttpRequestMessage request, Boolean async, CancellationToken cancellationToken)
         at System.Net.Http.HttpConnectionPool.InjectNewHttp11ConnectionAsync(QueueItem queueItem)
         at System.Threading.Tasks.TaskCompletionSourceWithCancellation`1.WaitWithCancellationAsync(CancellationToken cancellationToken)
         at System.Net.Http.HttpConnectionPool.SendWithVersionDetectionAndRetryAsync(HttpRequestMessage request, Boolean async, Boolean doRequestAuth, CancellationToken cancellationToken)
         at System.Net.Http.RedirectHandler.SendAsync(HttpRequestMessage request, Boolean async, CancellationToken cancellationToken)
         at Microsoft.Extensions.Http.Logging.LoggingHttpMessageHandler.<SendCoreAsync>g__Core|4_0(HttpRequestMessage request, Boolean useAsync, CancellationToken cancellationToken)
         at Microsoft.Extensions.Http.Logging.LoggingScopeHttpMessageHandler.<SendCoreAsync>g__Core|4_0(HttpRequestMessage request, Boolean useAsync, CancellationToken cancellationToken)
info: System.Net.Http.HttpClient.McpClient.LogicalHandler[104]
      HTTP request failed after 15.3054ms
      System.Net.Http.HttpRequestException: Name or service not known (mcp-arr-hd:3000)
       ---> System.Net.Sockets.SocketException (0xFFFDFFFF): Name or service not known
         at System.Net.Sockets.Socket.AwaitableSocketAsyncEventArgs.System.Threading.Tasks.Sources.IValueTaskSource.GetResult(Int16 token)
         at System.Net.Http.HttpConnectionPool.ConnectToTcpHostAsync(String host, Int32 port, HttpRequestMessage initialRequest, Boolean async, CancellationToken cancellationToken)
         --- End of inner exception stack trace ---
         at System.Net.Http.HttpConnectionPool.ConnectToTcpHostAsync(String host, Int32 port, HttpRequestMessage initialRequest, Boolean async, CancellationToken cancellationToken)
         at System.Net.Http.HttpConnectionPool.ConnectAsync(HttpRequestMessage request, Boolean async, CancellationToken cancellationToken)
         at System.Net.Http.HttpConnectionPool.CreateHttp11ConnectionAsync(HttpRequestMessage request, Boolean async, CancellationToken cancellationToken)
         at System.Net.Http.HttpConnectionPool.InjectNewHttp11ConnectionAsync(QueueItem queueItem)
         at System.Threading.Tasks.TaskCompletionSourceWithCancellation`1.WaitWithCancellationAsync(CancellationToken cancellationToken)
         at System.Net.Http.HttpConnectionPool.SendWithVersionDetectionAndRetryAsync(HttpRequestMessage request, Boolean async, Boolean doRequestAuth, CancellationToken cancellationToken)
         at System.Net.Http.RedirectHandler.SendAsync(HttpRequestMessage request, Boolean async, CancellationToken cancellationToken)
         at Microsoft.Extensions.Http.Logging.LoggingHttpMessageHandler.<SendCoreAsync>g__Core|4_0(HttpRequestMessage request, Boolean useAsync, CancellationToken cancellationToken)
         at Microsoft.Extensions.Http.Logging.LoggingScopeHttpMessageHandler.<SendCoreAsync>g__Core|4_0(HttpRequestMessage request, Boolean useAsync, CancellationToken cancellationToken)
info: System.Net.Http.HttpClient.McpClient.ClientHandler[104]
      HTTP request failed after 14.5184ms
      System.Net.Http.HttpRequestException: Name or service not known (mcp-arr-4k:3000)
       ---> System.Net.Sockets.SocketException (0xFFFDFFFF): Name or service not known
         at System.Net.Sockets.Socket.AwaitableSocketAsyncEventArgs.System.Threading.Tasks.Sources.IValueTaskSource.GetResult(Int16 token)
         at System.Net.Http.HttpConnectionPool.ConnectToTcpHostAsync(String host, Int32 port, HttpRequestMessage initialRequest, Boolean async, CancellationToken cancellationToken)
         --- End of inner exception stack trace ---
         at System.Net.Http.HttpConnectionPool.ConnectToTcpHostAsync(String host, Int32 port, HttpRequestMessage initialRequest, Boolean async, CancellationToken cancellationToken)
         at System.Net.Http.HttpConnectionPool.ConnectAsync(HttpRequestMessage request, Boolean async, CancellationToken cancellationToken)
         at System.Net.Http.HttpConnectionPool.CreateHttp11ConnectionAsync(HttpRequestMessage request, Boolean async, CancellationToken cancellationToken)
         at System.Net.Http.HttpConnectionPool.InjectNewHttp11ConnectionAsync(QueueItem queueItem)
         at System.Threading.Tasks.TaskCompletionSourceWithCancellation`1.WaitWithCancellationAsync(CancellationToken cancellationToken)
         at System.Net.Http.HttpConnectionPool.SendWithVersionDetectionAndRetryAsync(HttpRequestMessage request, Boolean async, Boolean doRequestAuth, CancellationToken cancellationToken)
         at System.Net.Http.RedirectHandler.SendAsync(HttpRequestMessage request, Boolean async, CancellationToken cancellationToken)
         at Microsoft.Extensions.Http.Logging.LoggingHttpMessageHandler.<SendCoreAsync>g__Core|4_0(HttpRequestMessage request, Boolean useAsync, CancellationToken cancellationToken)
info: System.Net.Http.HttpClient.McpClient.LogicalHandler[104]
      HTTP request failed after 16.2109ms
      System.Net.Http.HttpRequestException: Name or service not known (mcp-arr-4k:3000)
       ---> System.Net.Sockets.SocketException (0xFFFDFFFF): Name or service not known
         at System.Net.Sockets.Socket.AwaitableSocketAsyncEventArgs.System.Threading.Tasks.Sources.IValueTaskSource.GetResult(Int16 token)
         at System.Net.Http.HttpConnectionPool.ConnectToTcpHostAsync(String host, Int32 port, HttpRequestMessage initialRequest, Boolean async, CancellationToken cancellationToken)
         --- End of inner exception stack trace ---
         at System.Net.Http.HttpConnectionPool.ConnectToTcpHostAsync(String host, Int32 port, HttpRequestMessage initialRequest, Boolean async, CancellationToken cancellationToken)
         at System.Net.Http.HttpConnectionPool.ConnectAsync(HttpRequestMessage request, Boolean async, CancellationToken cancellationToken)
         at System.Net.Http.HttpConnectionPool.CreateHttp11ConnectionAsync(HttpRequestMessage request, Boolean async, CancellationToken cancellationToken)
         at System.Net.Http.HttpConnectionPool.InjectNewHttp11ConnectionAsync(QueueItem queueItem)
         at System.Threading.Tasks.TaskCompletionSourceWithCancellation`1.WaitWithCancellationAsync(CancellationToken cancellationToken)
         at System.Net.Http.HttpConnectionPool.SendWithVersionDetectionAndRetryAsync(HttpRequestMessage request, Boolean async, Boolean doRequestAuth, CancellationToken cancellationToken)
         at System.Net.Http.RedirectHandler.SendAsync(HttpRequestMessage request, Boolean async, CancellationToken cancellationToken)
         at Microsoft.Extensions.Http.Logging.LoggingHttpMessageHandler.<SendCoreAsync>g__Core|4_0(HttpRequestMessage request, Boolean useAsync, CancellationToken cancellationToken)
         at Microsoft.Extensions.Http.Logging.LoggingScopeHttpMessageHandler.<SendCoreAsync>g__Core|4_0(HttpRequestMessage request, Boolean useAsync, CancellationToken cancellationToken)
info: Microsoft.EntityFrameworkCore.Database.Command[20101]
      Executed DbCommand (0ms) [Parameters=[], CommandType='Text', CommandTimeout='30']
      SELECT "s"."Id", "s"."ApiKey", "s"."AuthShape", "s"."AutoDiscovered", "s"."Categories", "s"."CustomHeaderName", "s"."DisplayName", "s"."Enabled", "s"."HeadersJson", "s"."Hidden", "s"."SecretItemKey", "s"."SecretProvider", "s"."Type", "s"."Url"
      FROM "Servers" AS "s"
      WHERE "s"."AutoDiscovered"
info: Microsoft.EntityFrameworkCore.Database.Command[20101]
      Executed DbCommand (0ms) [Parameters=[], CommandType='Text', CommandTimeout='30']
      SELECT "s"."Id", "s"."ApiKey", "s"."AuthShape", "s"."AutoDiscovered", "s"."Categories", "s"."CustomHeaderName", "s"."DisplayName", "s"."Enabled", "s"."HeadersJson", "s"."Hidden", "s"."SecretItemKey", "s"."SecretProvider", "s"."Type", "s"."Url"
      FROM "Servers" AS "s"
      WHERE "s"."Enabled"
info: System.Net.Http.HttpClient.McpClient.LogicalHandler[100]
      Start processing HTTP request GET http://docker-mcp:8000/sse
info: System.Net.Http.HttpClient.McpClient.ClientHandler[100]
      Sending HTTP request GET http://docker-mcp:8000/sse
info: System.Net.Http.HttpClient.McpClient.LogicalHandler[100]
      Start processing HTTP request GET http://mcp-arr-4k:3000/mcp
info: System.Net.Http.HttpClient.McpClient.ClientHandler[100]
      Sending HTTP request GET http://mcp-arr-4k:3000/mcp
info: System.Net.Http.HttpClient.McpClient.LogicalHandler[100]
      Start processing HTTP request GET http://mcp-arr-hd:3000/mcp
info: System.Net.Http.HttpClient.McpClient.ClientHandler[100]
      Sending HTTP request GET http://mcp-arr-hd:3000/mcp
info: System.Net.Http.HttpClient.McpClient.ClientHandler[104]
      HTTP request failed after 1.3951ms
      System.Net.Http.HttpRequestException: Name or service not known (mcp-arr-hd:3000)
       ---> System.Net.Sockets.SocketException (0xFFFDFFFF): Name or service not known
         at System.Net.Sockets.Socket.AwaitableSocketAsyncEventArgs.System.Threading.Tasks.Sources.IValueTaskSource.GetResult(Int16 token)
         at System.Net.Http.HttpConnectionPool.ConnectToTcpHostAsync(String host, Int32 port, HttpRequestMessage initialRequest, Boolean async, CancellationToken cancellationToken)
         --- End of inner exception stack trace ---
         at System.Net.Http.HttpConnectionPool.ConnectToTcpHostAsync(String host, Int32 port, HttpRequestMessage initialRequest, Boolean async, CancellationToken cancellationToken)
         at System.Net.Http.HttpConnectionPool.ConnectAsync(HttpRequestMessage request, Boolean async, CancellationToken cancellationToken)
         at System.Net.Http.HttpConnectionPool.CreateHttp11ConnectionAsync(HttpRequestMessage request, Boolean async, CancellationToken cancellationToken)
         at System.Net.Http.HttpConnectionPool.InjectNewHttp11ConnectionAsync(QueueItem queueItem)
         at System.Threading.Tasks.TaskCompletionSourceWithCancellation`1.WaitWithCancellationAsync(CancellationToken cancellationToken)
         at System.Net.Http.HttpConnectionPool.SendWithVersionDetectionAndRetryAsync(HttpRequestMessage request, Boolean async, Boolean doRequestAuth, CancellationToken cancellationToken)
         at System.Net.Http.RedirectHandler.SendAsync(HttpRequestMessage request, Boolean async, CancellationToken cancellationToken)
         at Microsoft.Extensions.Http.Logging.LoggingHttpMessageHandler.<SendCoreAsync>g__Core|4_0(HttpRequestMessage request, Boolean useAsync, CancellationToken cancellationToken)
info: System.Net.Http.HttpClient.McpClient.ClientHandler[104]
      HTTP request failed after 1.5372ms
      System.Net.Http.HttpRequestException: Name or service not known (mcp-arr-4k:3000)
       ---> System.Net.Sockets.SocketException (0xFFFDFFFF): Name or service not known
         at System.Net.Sockets.Socket.AwaitableSocketAsyncEventArgs.System.Threading.Tasks.Sources.IValueTaskSource.GetResult(Int16 token)
         at System.Net.Http.HttpConnectionPool.ConnectToTcpHostAsync(String host, Int32 port, HttpRequestMessage initialRequest, Boolean async, CancellationToken cancellationToken)
         --- End of inner exception stack trace ---
         at System.Net.Http.HttpConnectionPool.ConnectToTcpHostAsync(String host, Int32 port, HttpRequestMessage initialRequest, Boolean async, CancellationToken cancellationToken)
         at System.Net.Http.HttpConnectionPool.ConnectAsync(HttpRequestMessage request, Boolean async, CancellationToken cancellationToken)
         at System.Net.Http.HttpConnectionPool.CreateHttp11ConnectionAsync(HttpRequestMessage request, Boolean async, CancellationToken cancellationToken)
         at System.Net.Http.HttpConnectionPool.InjectNewHttp11ConnectionAsync(QueueItem queueItem)
         at System.Threading.Tasks.TaskCompletionSourceWithCancellation`1.WaitWithCancellationAsync(CancellationToken cancellationToken)
         at System.Net.Http.HttpConnectionPool.SendWithVersionDetectionAndRetryAsync(HttpRequestMessage request, Boolean async, Boolean doRequestAuth, CancellationToken cancellationToken)
         at System.Net.Http.RedirectHandler.SendAsync(HttpRequestMessage request, Boolean async, CancellationToken cancellationToken)
         at Microsoft.Extensions.Http.Logging.LoggingHttpMessageHandler.<SendCoreAsync>g__Core|4_0(HttpRequestMessage request, Boolean useAsync, CancellationToken cancellationToken)
info: System.Net.Http.HttpClient.McpClient.ClientHandler[104]
      HTTP request failed after 1.8973ms
      System.Net.Http.HttpRequestException: Name or service not known (docker-mcp:8000)
       ---> System.Net.Sockets.SocketException (0xFFFDFFFF): Name or service not known
         at System.Net.Sockets.Socket.AwaitableSocketAsyncEventArgs.System.Threading.Tasks.Sources.IValueTaskSource.GetResult(Int16 token)
         at System.Net.Http.HttpConnectionPool.ConnectToTcpHostAsync(String host, Int32 port, HttpRequestMessage initialRequest, Boolean async, CancellationToken cancellationToken)
         --- End of inner exception stack trace ---
         at System.Net.Http.HttpConnectionPool.ConnectToTcpHostAsync(String host, Int32 port, HttpRequestMessage initialRequest, Boolean async, CancellationToken cancellationToken)
         at System.Net.Http.HttpConnectionPool.ConnectAsync(HttpRequestMessage request, Boolean async, CancellationToken cancellationToken)
         at System.Net.Http.HttpConnectionPool.CreateHttp11ConnectionAsync(HttpRequestMessage request, Boolean async, CancellationToken cancellationToken)
         at System.Net.Http.HttpConnectionPool.InjectNewHttp11ConnectionAsync(QueueItem queueItem)
         at System.Threading.Tasks.TaskCompletionSourceWithCancellation`1.WaitWithCancellationAsync(CancellationToken cancellationToken)
         at System.Net.Http.HttpConnectionPool.SendWithVersionDetectionAndRetryAsync(HttpRequestMessage request, Boolean async, Boolean doRequestAuth, CancellationToken cancellationToken)
         at System.Net.Http.RedirectHandler.SendAsync(HttpRequestMessage request, Boolean async, CancellationToken cancellationToken)
         at Microsoft.Extensions.Http.Logging.LoggingHttpMessageHandler.<SendCoreAsync>g__Core|4_0(HttpRequestMessage request, Boolean useAsync, CancellationToken cancellationToken)
info: System.Net.Http.HttpClient.McpClient.LogicalHandler[104]
      HTTP request failed after 2.1873ms
      System.Net.Http.HttpRequestException: Name or service not known (mcp-arr-4k:3000)
       ---> System.Net.Sockets.SocketException (0xFFFDFFFF): Name or service not known
         at System.Net.Sockets.Socket.AwaitableSocketAsyncEventArgs.System.Threading.Tasks.Sources.IValueTaskSource.GetResult(Int16 token)
         at System.Net.Http.HttpConnectionPool.ConnectToTcpHostAsync(String host, Int32 port, HttpRequestMessage initialRequest, Boolean async, CancellationToken cancellationToken)
         --- End of inner exception stack trace ---
         at System.Net.Http.HttpConnectionPool.ConnectToTcpHostAsync(String host, Int32 port, HttpRequestMessage initialRequest, Boolean async, CancellationToken cancellationToken)
         at System.Net.Http.HttpConnectionPool.ConnectAsync(HttpRequestMessage request, Boolean async, CancellationToken cancellationToken)
         at System.Net.Http.HttpConnectionPool.CreateHttp11ConnectionAsync(HttpRequestMessage request, Boolean async, CancellationToken cancellationToken)
         at System.Net.Http.HttpConnectionPool.InjectNewHttp11ConnectionAsync(QueueItem queueItem)
         at System.Threading.Tasks.TaskCompletionSourceWithCancellation`1.WaitWithCancellationAsync(CancellationToken cancellationToken)
         at System.Net.Http.HttpConnectionPool.SendWithVersionDetectionAndRetryAsync(HttpRequestMessage request, Boolean async, Boolean doRequestAuth, CancellationToken cancellationToken)
         at System.Net.Http.RedirectHandler.SendAsync(HttpRequestMessage request, Boolean async, CancellationToken cancellationToken)
         at Microsoft.Extensions.Http.Logging.LoggingHttpMessageHandler.<SendCoreAsync>g__Core|4_0(HttpRequestMessage request, Boolean useAsync, CancellationToken cancellationToken)
         at Microsoft.Extensions.Http.Logging.LoggingScopeHttpMessageHandler.<SendCoreAsync>g__Core|4_0(HttpRequestMessage request, Boolean useAsync, CancellationToken cancellationToken)
info: System.Net.Http.HttpClient.McpClient.LogicalHandler[104]
      HTTP request failed after 2.5362ms
      System.Net.Http.HttpRequestException: Name or service not known (docker-mcp:8000)
       ---> System.Net.Sockets.SocketException (0xFFFDFFFF): Name or service not known
         at System.Net.Sockets.Socket.AwaitableSocketAsyncEventArgs.System.Threading.Tasks.Sources.IValueTaskSource.GetResult(Int16 token)
         at System.Net.Http.HttpConnectionPool.ConnectToTcpHostAsync(String host, Int32 port, HttpRequestMessage initialRequest, Boolean async, CancellationToken cancellationToken)
         --- End of inner exception stack trace ---
         at System.Net.Http.HttpConnectionPool.ConnectToTcpHostAsync(String host, Int32 port, HttpRequestMessage initialRequest, Boolean async, CancellationToken cancellationToken)
         at System.Net.Http.HttpConnectionPool.ConnectAsync(HttpRequestMessage request, Boolean async, CancellationToken cancellationToken)
         at System.Net.Http.HttpConnectionPool.CreateHttp11ConnectionAsync(HttpRequestMessage request, Boolean async, CancellationToken cancellationToken)
         at System.Net.Http.HttpConnectionPool.InjectNewHttp11ConnectionAsync(QueueItem queueItem)
         at System.Threading.Tasks.TaskCompletionSourceWithCancellation`1.WaitWithCancellationAsync(CancellationToken cancellationToken)
         at System.Net.Http.HttpConnectionPool.SendWithVersionDetectionAndRetryAsync(HttpRequestMessage request, Boolean async, Boolean doRequestAuth, CancellationToken cancellationToken)
         at System.Net.Http.RedirectHandler.SendAsync(HttpRequestMessage request, Boolean async, CancellationToken cancellationToken)
         at Microsoft.Extensions.Http.Logging.LoggingHttpMessageHandler.<SendCoreAsync>g__Core|4_0(HttpRequestMessage request, Boolean useAsync, CancellationToken cancellationToken)
         at Microsoft.Extensions.Http.Logging.LoggingScopeHttpMessageHandler.<SendCoreAsync>g__Core|4_0(HttpRequestMessage request, Boolean useAsync, CancellationToken cancellationToken)
info: System.Net.Http.HttpClient.McpClient.LogicalHandler[104]
      HTTP request failed after 2.0888ms
      System.Net.Http.HttpRequestException: Name or service not known (mcp-arr-hd:3000)
       ---> System.Net.Sockets.SocketException (0xFFFDFFFF): Name or service not known
         at System.Net.Sockets.Socket.AwaitableSocketAsyncEventArgs.System.Threading.Tasks.Sources.IValueTaskSource.GetResult(Int16 token)
         at System.Net.Http.HttpConnectionPool.ConnectToTcpHostAsync(String host, Int32 port, HttpRequestMessage initialRequest, Boolean async, CancellationToken cancellationToken)
         --- End of inner exception stack trace ---
         at System.Net.Http.HttpConnectionPool.ConnectToTcpHostAsync(String host, Int32 port, HttpRequestMessage initialRequest, Boolean async, CancellationToken cancellationToken)
         at System.Net.Http.HttpConnectionPool.ConnectAsync(HttpRequestMessage request, Boolean async, CancellationToken cancellationToken)
         at System.Net.Http.HttpConnectionPool.CreateHttp11ConnectionAsync(HttpRequestMessage request, Boolean async, CancellationToken cancellationToken)
         at System.Net.Http.HttpConnectionPool.InjectNewHttp11ConnectionAsync(QueueItem queueItem)
         at System.Threading.Tasks.TaskCompletionSourceWithCancellation`1.WaitWithCancellationAsync(CancellationToken cancellationToken)
         at System.Net.Http.HttpConnectionPool.SendWithVersionDetectionAndRetryAsync(HttpRequestMessage request, Boolean async, Boolean doRequestAuth, CancellationToken cancellationToken)
         at System.Net.Http.RedirectHandler.SendAsync(HttpRequestMessage request, Boolean async, CancellationToken cancellationToken)
         at Microsoft.Extensions.Http.Logging.LoggingHttpMessageHandler.<SendCoreAsync>g__Core|4_0(HttpRequestMessage request, Boolean useAsync, CancellationToken cancellationToken)
         at Microsoft.Extensions.Http.Logging.LoggingScopeHttpMessageHandler.<SendCoreAsync>g__Core|4_0(HttpRequestMessage request, Boolean useAsync, CancellationToken cancellationToken)
info: Microsoft.EntityFrameworkCore.Database.Command[20101]
      Executed DbCommand (0ms) [Parameters=[], CommandType='Text', CommandTimeout='30']
      SELECT "s"."Id", "s"."ApiKey", "s"."AuthShape", "s"."AutoDiscovered", "s"."Categories", "s"."CustomHeaderName", "s"."DisplayName", "s"."Enabled", "s"."HeadersJson", "s"."Hidden", "s"."SecretItemKey", "s"."SecretProvider", "s"."Type", "s"."Url"
      FROM "Servers" AS "s"
      WHERE "s"."AutoDiscovered"
info: Microsoft.EntityFrameworkCore.Database.Command[20101]
      Executed DbCommand (0ms) [Parameters=[], CommandType='Text', CommandTimeout='30']
      SELECT "s"."Id", "s"."ApiKey", "s"."AuthShape", "s"."AutoDiscovered", "s"."Categories", "s"."CustomHeaderName", "s"."DisplayName", "s"."Enabled", "s"."HeadersJson", "s"."Hidden", "s"."SecretItemKey", "s"."SecretProvider", "s"."Type", "s"."Url"
      FROM "Servers" AS "s"
      WHERE "s"."Enabled"
info: System.Net.Http.HttpClient.McpClient.LogicalHandler[100]
      Start processing HTTP request GET http://docker-mcp:8000/sse
info: System.Net.Http.HttpClient.McpClient.ClientHandler[100]
      Sending HTTP request GET http://docker-mcp:8000/sse
info: System.Net.Http.HttpClient.McpClient.LogicalHandler[100]
      Start processing HTTP request GET http://mcp-arr-4k:3000/mcp
info: System.Net.Http.HttpClient.McpClient.ClientHandler[100]
      Sending HTTP request GET http://mcp-arr-4k:3000/mcp
info: System.Net.Http.HttpClient.McpClient.LogicalHandler[100]
      Start processing HTTP request GET http://mcp-arr-hd:3000/mcp
info: System.Net.Http.HttpClient.McpClient.ClientHandler[100]
      Sending HTTP request GET http://mcp-arr-hd:3000/mcp
info: System.Net.Http.HttpClient.McpClient.ClientHandler[104]
      HTTP request failed after 1.9458ms
      System.Net.Http.HttpRequestException: Name or service not known (docker-mcp:8000)
       ---> System.Net.Sockets.SocketException (0xFFFDFFFF): Name or service not known
         at System.Net.Sockets.Socket.AwaitableSocketAsyncEventArgs.System.Threading.Tasks.Sources.IValueTaskSource.GetResult(Int16 token)
         at System.Net.Http.HttpConnectionPool.ConnectToTcpHostAsync(String host, Int32 port, HttpRequestMessage initialRequest, Boolean async, CancellationToken cancellationToken)
         --- End of inner exception stack trace ---
         at System.Net.Http.HttpConnectionPool.ConnectToTcpHostAsync(String host, Int32 port, HttpRequestMessage initialRequest, Boolean async, CancellationToken cancellationToken)
         at System.Net.Http.HttpConnectionPool.ConnectAsync(HttpRequestMessage request, Boolean async, CancellationToken cancellationToken)
         at System.Net.Http.HttpConnectionPool.CreateHttp11ConnectionAsync(HttpRequestMessage request, Boolean async, CancellationToken cancellationToken)
         at System.Net.Http.HttpConnectionPool.InjectNewHttp11ConnectionAsync(QueueItem queueItem)
         at System.Threading.Tasks.TaskCompletionSourceWithCancellation`1.WaitWithCancellationAsync(CancellationToken cancellationToken)
         at System.Net.Http.HttpConnectionPool.SendWithVersionDetectionAndRetryAsync(HttpRequestMessage request, Boolean async, Boolean doRequestAuth, CancellationToken cancellationToken)
         at System.Net.Http.RedirectHandler.SendAsync(HttpRequestMessage request, Boolean async, CancellationToken cancellationToken)
         at System.Net.Http.SocketsHttpHandler.<SendAsync>g__CreateHandlerAndSendAsync|115_0(HttpRequestMessage request, CancellationToken cancellationToken)
         at Microsoft.Extensions.Http.Logging.LoggingHttpMessageHandler.<SendCoreAsync>g__Core|4_0(HttpRequestMessage request, Boolean useAsync, CancellationToken cancellationToken)
info: System.Net.Http.HttpClient.McpClient.ClientHandler[104]
      HTTP request failed after 2.4047ms
      System.Net.Http.HttpRequestException: Name or service not known (mcp-arr-4k:3000)
       ---> System.Net.Sockets.SocketException (0xFFFDFFFF): Name or service not known
         at System.Net.Sockets.Socket.AwaitableSocketAsyncEventArgs.System.Threading.Tasks.Sources.IValueTaskSource.GetResult(Int16 token)
         at System.Net.Http.HttpConnectionPool.ConnectToTcpHostAsync(String host, Int32 port, HttpRequestMessage initialRequest, Boolean async, CancellationToken cancellationToken)
         --- End of inner exception stack trace ---
         at System.Net.Http.HttpConnectionPool.ConnectToTcpHostAsync(String host, Int32 port, HttpRequestMessage initialRequest, Boolean async, CancellationToken cancellationToken)
         at System.Net.Http.HttpConnectionPool.ConnectAsync(HttpRequestMessage request, Boolean async, CancellationToken cancellationToken)
         at System.Net.Http.HttpConnectionPool.CreateHttp11ConnectionAsync(HttpRequestMessage request, Boolean async, CancellationToken cancellationToken)
         at System.Net.Http.HttpConnectionPool.InjectNewHttp11ConnectionAsync(QueueItem queueItem)
         at System.Threading.Tasks.TaskCompletionSourceWithCancellation`1.WaitWithCancellationAsync(CancellationToken cancellationToken)
         at System.Net.Http.HttpConnectionPool.SendWithVersionDetectionAndRetryAsync(HttpRequestMessage request, Boolean async, Boolean doRequestAuth, CancellationToken cancellationToken)
         at System.Net.Http.RedirectHandler.SendAsync(HttpRequestMessage request, Boolean async, CancellationToken cancellationToken)
         at System.Net.Http.SocketsHttpHandler.<SendAsync>g__CreateHandlerAndSendAsync|115_0(HttpRequestMessage request, CancellationToken cancellationToken)
         at Microsoft.Extensions.Http.Logging.LoggingHttpMessageHandler.<SendCoreAsync>g__Core|4_0(HttpRequestMessage request, Boolean useAsync, CancellationToken cancellationToken)
info: System.Net.Http.HttpClient.McpClient.LogicalHandler[104]
      HTTP request failed after 2.681ms
      System.Net.Http.HttpRequestException: Name or service not known (docker-mcp:8000)
       ---> System.Net.Sockets.SocketException (0xFFFDFFFF): Name or service not known
         at System.Net.Sockets.Socket.AwaitableSocketAsyncEventArgs.System.Threading.Tasks.Sources.IValueTaskSource.GetResult(Int16 token)
         at System.Net.Http.HttpConnectionPool.ConnectToTcpHostAsync(String host, Int32 port, HttpRequestMessage initialRequest, Boolean async, CancellationToken cancellationToken)
         --- End of inner exception stack trace ---
         at System.Net.Http.HttpConnectionPool.ConnectToTcpHostAsync(String host, Int32 port, HttpRequestMessage initialRequest, Boolean async, CancellationToken cancellationToken)
         at System.Net.Http.HttpConnectionPool.ConnectAsync(HttpRequestMessage request, Boolean async, CancellationToken cancellationToken)
         at System.Net.Http.HttpConnectionPool.CreateHttp11ConnectionAsync(HttpRequestMessage request, Boolean async, CancellationToken cancellationToken)
         at System.Net.Http.HttpConnectionPool.InjectNewHttp11ConnectionAsync(QueueItem queueItem)
         at System.Threading.Tasks.TaskCompletionSourceWithCancellation`1.WaitWithCancellationAsync(CancellationToken cancellationToken)
         at System.Net.Http.HttpConnectionPool.SendWithVersionDetectionAndRetryAsync(HttpRequestMessage request, Boolean async, Boolean doRequestAuth, CancellationToken cancellationToken)
         at System.Net.Http.RedirectHandler.SendAsync(HttpRequestMessage request, Boolean async, CancellationToken cancellationToken)
         at System.Net.Http.SocketsHttpHandler.<SendAsync>g__CreateHandlerAndSendAsync|115_0(HttpRequestMessage request, CancellationToken cancellationToken)
         at Microsoft.Extensions.Http.Logging.LoggingHttpMessageHandler.<SendCoreAsync>g__Core|4_0(HttpRequestMessage request, Boolean useAsync, CancellationToken cancellationToken)
         at Microsoft.Extensions.Http.Logging.LoggingScopeHttpMessageHandler.<SendCoreAsync>g__Core|4_0(HttpRequestMessage request, Boolean useAsync, CancellationToken cancellationToken)
info: System.Net.Http.HttpClient.McpClient.LogicalHandler[104]
      HTTP request failed after 2.9474ms
      System.Net.Http.HttpRequestException: Name or service not known (mcp-arr-4k:3000)
       ---> System.Net.Sockets.SocketException (0xFFFDFFFF): Name or service not known
         at System.Net.Sockets.Socket.AwaitableSocketAsyncEventArgs.System.Threading.Tasks.Sources.IValueTaskSource.GetResult(Int16 token)
         at System.Net.Http.HttpConnectionPool.ConnectToTcpHostAsync(String host, Int32 port, HttpRequestMessage initialRequest, Boolean async, CancellationToken cancellationToken)
         --- End of inner exception stack trace ---
         at System.Net.Http.HttpConnectionPool.ConnectToTcpHostAsync(String host, Int32 port, HttpRequestMessage initialRequest, Boolean async, CancellationToken cancellationToken)
         at System.Net.Http.HttpConnectionPool.ConnectAsync(HttpRequestMessage request, Boolean async, CancellationToken cancellationToken)
         at System.Net.Http.HttpConnectionPool.CreateHttp11ConnectionAsync(HttpRequestMessage request, Boolean async, CancellationToken cancellationToken)
         at System.Net.Http.HttpConnectionPool.InjectNewHttp11ConnectionAsync(QueueItem queueItem)
         at System.Threading.Tasks.TaskCompletionSourceWithCancellation`1.WaitWithCancellationAsync(CancellationToken cancellationToken)
         at System.Net.Http.HttpConnectionPool.SendWithVersionDetectionAndRetryAsync(HttpRequestMessage request, Boolean async, Boolean doRequestAuth, CancellationToken cancellationToken)
         at System.Net.Http.RedirectHandler.SendAsync(HttpRequestMessage request, Boolean async, CancellationToken cancellationToken)
         at System.Net.Http.SocketsHttpHandler.<SendAsync>g__CreateHandlerAndSendAsync|115_0(HttpRequestMessage request, CancellationToken cancellationToken)
         at Microsoft.Extensions.Http.Logging.LoggingHttpMessageHandler.<SendCoreAsync>g__Core|4_0(HttpRequestMessage request, Boolean useAsync, CancellationToken cancellationToken)
         at Microsoft.Extensions.Http.Logging.LoggingScopeHttpMessageHandler.<SendCoreAsync>g__Core|4_0(HttpRequestMessage request, Boolean useAsync, CancellationToken cancellationToken)
info: System.Net.Http.HttpClient.McpClient.ClientHandler[104]
      HTTP request failed after 3.7654ms
      System.Net.Http.HttpRequestException: Name or service not known (mcp-arr-hd:3000)
       ---> System.Net.Sockets.SocketException (0xFFFDFFFF): Name or service not known
         at System.Net.Sockets.Socket.AwaitableSocketAsyncEventArgs.System.Threading.Tasks.Sources.IValueTaskSource.GetResult(Int16 token)
         at System.Net.Http.HttpConnectionPool.ConnectToTcpHostAsync(String host, Int32 port, HttpRequestMessage initialRequest, Boolean async, CancellationToken cancellationToken)
         --- End of inner exception stack trace ---
         at System.Net.Http.HttpConnectionPool.ConnectToTcpHostAsync(String host, Int32 port, HttpRequestMessage initialRequest, Boolean async, CancellationToken cancellationToken)
         at System.Net.Http.HttpConnectionPool.ConnectAsync(HttpRequestMessage request, Boolean async, CancellationToken cancellationToken)
         at System.Net.Http.HttpConnectionPool.CreateHttp11ConnectionAsync(HttpRequestMessage request, Boolean async, CancellationToken cancellationToken)
         at System.Net.Http.HttpConnectionPool.InjectNewHttp11ConnectionAsync(QueueItem queueItem)
         at System.Threading.Tasks.TaskCompletionSourceWithCancellation`1.WaitWithCancellationAsync(CancellationToken cancellationToken)
         at System.Net.Http.HttpConnectionPool.SendWithVersionDetectionAndRetryAsync(HttpRequestMessage request, Boolean async, Boolean doRequestAuth, CancellationToken cancellationToken)
         at System.Net.Http.RedirectHandler.SendAsync(HttpRequestMessage request, Boolean async, CancellationToken cancellationToken)
         at System.Net.Http.SocketsHttpHandler.<SendAsync>g__CreateHandlerAndSendAsync|115_0(HttpRequestMessage request, CancellationToken cancellationToken)
         at Microsoft.Extensions.Http.Logging.LoggingHttpMessageHandler.<SendCoreAsync>g__Core|4_0(HttpRequestMessage request, Boolean useAsync, CancellationToken cancellationToken)
info: System.Net.Http.HttpClient.McpClient.LogicalHandler[104]
      HTTP request failed after 4.3393ms
      System.Net.Http.HttpRequestException: Name or service not known (mcp-arr-hd:3000)
       ---> System.Net.Sockets.SocketException (0xFFFDFFFF): Name or service not known
         at System.Net.Sockets.Socket.AwaitableSocketAsyncEventArgs.System.Threading.Tasks.Sources.IValueTaskSource.GetResult(Int16 token)
         at System.Net.Http.HttpConnectionPool.ConnectToTcpHostAsync(String host, Int32 port, HttpRequestMessage initialRequest, Boolean async, CancellationToken cancellationToken)
         --- End of inner exception stack trace ---
         at System.Net.Http.HttpConnectionPool.ConnectToTcpHostAsync(String host, Int32 port, HttpRequestMessage initialRequest, Boolean async, CancellationToken cancellationToken)
         at System.Net.Http.HttpConnectionPool.ConnectAsync(HttpRequestMessage request, Boolean async, CancellationToken cancellationToken)
         at System.Net.Http.HttpConnectionPool.CreateHttp11ConnectionAsync(HttpRequestMessage request, Boolean async, CancellationToken cancellationToken)
         at System.Net.Http.HttpConnectionPool.InjectNewHttp11ConnectionAsync(QueueItem queueItem)
         at System.Threading.Tasks.TaskCompletionSourceWithCancellation`1.WaitWithCancellationAsync(CancellationToken cancellationToken)
         at System.Net.Http.HttpConnectionPool.SendWithVersionDetectionAndRetryAsync(HttpRequestMessage request, Boolean async, Boolean doRequestAuth, CancellationToken cancellationToken)
         at System.Net.Http.RedirectHandler.SendAsync(HttpRequestMessage request, Boolean async, CancellationToken cancellationToken)
         at System.Net.Http.SocketsHttpHandler.<SendAsync>g__CreateHandlerAndSendAsync|115_0(HttpRequestMessage request, CancellationToken cancellationToken)
         at Microsoft.Extensions.Http.Logging.LoggingHttpMessageHandler.<SendCoreAsync>g__Core|4_0(HttpRequestMessage request, Boolean useAsync, CancellationToken cancellationToken)
         at Microsoft.Extensions.Http.Logging.LoggingScopeHttpMessageHandler.<SendCoreAsync>g__Core|4_0(HttpRequestMessage request, Boolean useAsync, CancellationToken cancellationToken)
info: Microsoft.Hosting.Lifetime[0]
      Application is shutting down...
info: Microsoft.Hosting.Lifetime[0]
      Application started. Press Ctrl+C to shut down.
info: Microsoft.Hosting.Lifetime[0]
      Hosting environment: Production
info: Microsoft.Hosting.Lifetime[0]
      Content root path: /app
info: Microsoft.Hosting.Lifetime[0]
      Application is shutting down...
Unhandled exception. System.OperationCanceledException: The operation was canceled.
   at System.Threading.CancellationToken.ThrowOperationCanceledException()
   at System.Threading.CancellationToken.ThrowIfCancellationRequested()
   at Microsoft.Extensions.Hosting.Internal.Host.StartAsync(CancellationToken cancellationToken)
   at Microsoft.Extensions.Hosting.HostingAbstractionsHostExtensions.RunAsync(IHost host, CancellationToken token)
   at Microsoft.Extensions.Hosting.HostingAbstractionsHostExtensions.RunAsync(IHost host, CancellationToken token)
   at Microsoft.Extensions.Hosting.HostingAbstractionsHostExtensions.Run(IHost host)
   at Program.<Main>$(String[] args) in /app/Program.cs:line 12
